[Licensing::Module] Trying to connect to existing licensing client channel...
Built from '6000.6/respin/6000.6.0f1-fa21a270ab12' branch; Version is '6000.6.0f1 (f7f8ed4d1e24) revision 16251117'; Using compiler version '194234433'; Build Type 'Release'
OS: 'Windows 11  (10.0.26200) Core' Language: 'en' Physical Memory: 15791 MB
BatchMode: 1, IsHumanControllingUs: 0, StartBugReporterOnCrash: 0, Is64bit: 1
[Licensing::IpcConnector] Successfully connected to: "LicenseClient-bijou" at "2026-09-20T00:01:30.321989Z"
System  architecture: x64
Process architecture: x64
Date: 2026-09-20T00:01:30Z
[Licensing::Client] Code 10 while verifying Licensing Client signature (process Id: 12076, path: "C:/Program Files/Unity/Hub/Editor/6000.6.0f1/Editor/Data/Resources/Licensing/Client/Unity.Licensing.Client.exe")
[Licensing::Module] LicensingClient has failed validation; ignoring
[Licensing::Client] Handshaking with LicensingClient:
  Version:                 1.18.3+d7ffd15
  Session Id:              42483ac588414c7784773754e0e08d0b
  Correlation Id:          331e0d1356866718e55304a078e13b8d
  External correlation Id: 5036582534106688887
  Machine Id:              FV32nWODz2KCFus7cOEsrD4ZGt4=
[Licensing::Module] Successfully connected to LicensingClient on channel: "LicenseClient-bijou" (connect: 0.00s, validation: 0.00s, handshake: 0.16s)
[Licensing::IpcConnector] Successfully connected to: "LicenseClient-bijou-notifications" at "2026-09-20T00:01:30.4859556Z"
[Licensing::Module] Licensing Background thread has ended after 0.16s

COMMAND LINE ARGUMENTS:
C:\Program Files\Unity\Hub\Editor\6000.6.0f1\Editor\Unity.exe
-adb2
-batchMode
-noUpm
-name
AssetImportWorkerHW0
-projectPath
C:/Users/bijou/OneDrive/Documents/GitHub/CART 315/CART315_P1_Pong-main
-logFile
Logs/AssetImportWorkerHW0.log
-srvPort
55672
-parentPid
33800
-analyticsCloudUserId
anonymous
-analyticsLocalProjectId
6d5a1d52427ff0743a0bbd9b6a304b16
-editorAnalyticsEnabled
1
-cbmEditorLicense
391959d05671b8c67a44fd69233e0ad90b60c2e5
-cbmMachineId
FV32nWODz2KCFus7cOEsrD4ZGt4=
-licensingIpc
LicenseClient-bijou
-noDiagnosticSwitchPersistentStore
-job-worker-count
7
-background-job-worker-count
8
-asset-garbage-collectors
1
-force-d3d12
-name
AssetImport
Successfully changed project path to: C:/Users/bijou/OneDrive/Documents/GitHub/CART 315/CART315_P1_Pong-main
C:/Users/bijou/OneDrive/Documents/GitHub/CART 315/CART315_P1_Pong-main
[UnityMemory] Configuration Parameters - Can be set up in boot.config
    "memorysetup-temp-allocator-size-gi-baking-worker=262144"
    "memorysetup-temp-allocator-size-gi-baking-worker=262144"
    "memorysetup-temp-allocator-size-gi-baking-worker=262144"
    "memorysetup-temp-allocator-size-gi-baking-worker=262144"
    "memorysetup-temp-allocator-size-gi-baking-worker=262144"
    "memorysetup-temp-allocator-size-nav-mesh-worker=65536"
    "memorysetup-temp-allocator-size-audio-worker=65536"
    "memorysetup-temp-allocator-size-cloud-worker=32768"
    "memorysetup-temp-allocator-size-gfx=262144"
    "memorysetup-remapper-allocator-initial-capacity=32768"
    "memorysetup-temp-allocator-size-preload-manager=33554432"
    "memorysetup-allocator-temp-initial-block-size-main=262144"
    "memorysetup-allocator-temp-initial-block-size-worker=262144"
    "memorysetup-temp-allocator-size-job-worker=262144"
    "memorysetup-temp-allocator-size-background-worker=32768"
    "memorysetup-bucket-allocator-granularity=16"
    "memorysetup-bucket-allocator-bucket-count=8"
    "memorysetup-bucket-allocator-block-size=33554432"
    "memorysetup-bucket-allocator-block-count=8"
    "memorysetup-main-allocator-block-size=16777216"
    "memorysetup-thread-allocator-block-size=16777216"
    "memorysetup-main-allocator-mimalloc-enabled=1"
    "memorysetup-gfx-main-allocator-block-size=16777216"
    "memorysetup-gfx-thread-allocator-block-size=16777216"
    "memorysetup-cache-allocator-block-size=4194304"
    "memorysetup-typetree-allocator-block-size=2097152"
    "memorysetup-profiler-bucket-allocator-granularity=16"
    "memorysetup-profiler-bucket-allocator-bucket-count=8"
    "memorysetup-profiler-bucket-allocator-block-size=33554432"
    "memorysetup-profiler-bucket-allocator-block-count=8"
    "memorysetup-profiler-allocator-block-size=16777216"
    "memorysetup-profiler-editor-allocator-block-size=1048576"
    "memorysetup-temp-allocator-size-main=16777216"
    "memorysetup-job-temp-allocator-block-size=2097152"
    "memorysetup-job-temp-allocator-block-size-background=1048576"
    "memorysetup-job-temp-allocator-reduction-small-platforms=262144"
Player connection [32168]  Target information:

Player connection [32168]  * "[IP] 192.168.0.13 [Port] 0 [Flags] 2 [Guid] 2066919804 [EditorId] 2066919804 [Version] 1048832 [Id] WindowsEditor(7,LAPTOP-DLKG6HSR) [Debug] 1 [PackageName] WindowsEditor [ProjectName] Editor" 

Player connection [32168] Host joined multi-casting on [225.0.0.222:54997]...
Player connection [32168] Host joined alternative multi-casting on [225.0.0.222:34997]...
JobSystem: Creating JobQueue using job-worker-count value 7
Input System module state changed to: Initialized.
[Physics::Module] Initialized fallback backend.
[Physics::Module] Id: 0xdecafbad
Library Redirect Path: Library/
Initialising UDS system complete:
  - System type: Client
  - Resource namespace: c824b7d87ec1e62ad3e818eac9294f2d
  - Shared memory size: 1073741824
  - Command buffer id: 1052576
  - Command buffer size: 8192
  - Hashmap size: 4194304
  - Service connected: true
  - Service working directory: Library/DataStore/
[Physics::Module] Selected backend.
[Physics::Module] Name: PhysX
[Physics::Module] Id: 0xf2b8ea05
[Physics::Module] SDK Version: 4.1.2
[Physics::Module] Integration Version: 1.0.0
[Physics::Module] Threading Mode: Multi-Threaded
Initialize engine version: 6000.6.0f1 (f7f8ed4d1e24)
[EntityIdStore] init: VM path (explicit commit), pageSize=4096, blockCount=1048576, entitiesPerBlock=256, slots reserved=4294967296 bytes
[Subsystems] Discovering subsystems at path C:/Program Files/Unity/Hub/Editor/6000.6.0f1/Editor/Data/Resources/UnitySubsystems
[Subsystems] Discovering subsystems at path C:/Users/bijou/OneDrive/Documents/GitHub/CART 315/CART315_P1_Pong-main/Assets
Forcing GfxDevice: Direct3D 12
GfxDevice: creating device client; kGfxThreadingModeNonThreaded
d3d12: failed to query info queue interface (0x80004002).
Direct3D:
    Version:         Direct3D 12 [level 12.2]
    Renderer:        NVIDIA GeForce RTX 3060 Laptop GPU (ID=0x2520)
    Vendor:          NVIDIA
    VRAM:            5996 MB
    App VRAM Budget: 5228 MB
    Driver:          32.0.15.6607
Initialize mono
Mono path[0] = 'C:/Program Files/Unity/Hub/Editor/6000.6.0f1/Editor/Data/Managed'
Mono path[1] = 'C:/Program Files/Unity/Hub/Editor/6000.6.0f1/Editor/Data/BCLExtensions/runtime/netstandard2.1'
Mono path[2] = 'C:/Program Files/Unity/Hub/Editor/6000.6.0f1/Editor/Data/MonoBleedingEdge/lib/mono/unityjit-win32'
Mono config path = 'C:/Program Files/Unity/Hub/Editor/6000.6.0f1/Editor/Data/MonoBleedingEdge/etc'
Using monoOptions --debugger-agent=transport=dt_socket,embedding=1,server=y,suspend=n,address=127.0.0.1:56556
CodeReloadManager initialized
Begin MonoManager ReloadAssembly
Registering precompiled unity dll's ...
Register platform support module: C:/Program Files/Unity/Hub/Editor/6000.6.0f1/Editor/Data/PlaybackEngines/WindowsStandaloneSupport/UnityEditor.WindowsStandalone.Extensions.dll
Registered in 0.006128 seconds.
Native extension for WindowsStandalone target not found
Package Manager log level set to [2]
[Package Manager] Failed to launch server process. Reason: Unity was launched with the -noUpm command-line argument
[Package Manager] Unable to send message (not connected to server process).
[Package Manager] Cannot connect to Unity Package Manager local server
ScheduleIndexationOnStartup MainProcess:False IndexOnStartup:False
Scripting: successfully reloaded assembly
- Finished resetting the current domain, in  1.462 seconds
Domain Reload Profiling: 3546ms
	BeginReloadAssembly (467ms)
		CreateAndSetChildDomain (3ms)
	RebuildCommonClasses (17ms)
	RebuildNativeTypeToScriptingClass (61ms)
	initialDomainReloadingComplete (273ms)
	LoadAllAssembliesAndSetupDomain (1263ms)
		LoadAssemblies (446ms)
		TypeCache.Refresh (896ms)
			TypeCache.ScanAssembly (851ms)
		AnalyzeDomain (2ms)
	FinalizeReload (1465ms)
		SetupLoadedEditorAssemblies (0ms)
			LogAssemblyErrors (6ms)
			InitializePlatformSupportModulesInManaged (4ms)
			BeforeProcessingInitializeOnLoad (291ms)
			ProcessInitializeOnLoadAttributes (270ms)
			ProcessInitializeOnLoadMethodAttributes (655ms)
Initializing Unity extensions:
[Licensing::Client] Successfully resolved entitlement details
[Licensing::Module] License group:
  Id: 3574455796790-UnityPersXXXX
  Product: Unity Personal
  Type: Assigned
  Expiration: Unlimited
Setting up noproxy from UNITY_NOPROXY environment variable. Setting to: localhost,127.0.0.1
========================================================================
Worker process is ready to serve import requests
Import Worker Mode flag is 0x00
Setting up noproxy from UNITY_NOPROXY environment variable. Setting to: localhost,127.0.0.1
Begin MonoManager ReloadAssembly
Native extension for WindowsStandalone target not found
[Package Manager] Failed to launch server process. Reason: Unity was launched with the -noUpm command-line argument
[Package Manager] Unable to send message (not connected to server process).
[Package Manager] Cannot connect to Unity Package Manager local server
ScheduleIndexationOnStartup MainProcess:False IndexOnStartup:False
Scripting: successfully reloaded assembly
- Finished resetting the current domain, in  1.355 seconds
Domain Reload Profiling: 2941ms
	BeginReloadAssembly (679ms)
		DisableScriptedObjects (24ms)
		CreateAndSetChildDomain (81ms)
	RebuildCommonClasses (30ms)
	RebuildNativeTypeToScriptingClass (57ms)
	initialDomainReloadingComplete (151ms)
	LoadAllAssembliesAndSetupDomain (664ms)
		LoadAssemblies (601ms)
		TypeCache.Refresh (53ms)
			TypeCache.ScanAssembly (29ms)
		AnalyzeDomain (25ms)
			BuildScriptInfoCaches (21ms)
	FinalizeReload (1359ms)
		SetupLoadedEditorAssemblies (0ms)
			LogAssemblyErrors (3ms)
			InitializePlatformSupportModulesInManaged (5ms)
			BeforeProcessingInitializeOnLoad (373ms)
			ProcessInitializeOnLoadAttributes (257ms)
			ProcessInitializeOnLoadMethodAttributes (109ms)
			AfterProcessingInitializeOnLoad (27ms)
		AwakeInstancesAfterBackupRestoration (25ms)
AcceleratorClientConnectionCallback - disconnected - :0
Launched and connected shader compiler UnityShaderCompiler.exe after 0.02 seconds
Unloading 1 Unused Serialized files (Serialized files now loaded: 0)
Setting up noproxy from UNITY_NOPROXY environment variable. Setting to: localhost,127.0.0.1
Setting up noproxy from UNITY_NOPROXY environment variable. Setting to: localhost,127.0.0.1
Unloading 485 unused Assets / (Unknown). Loaded Objects now: 1174.
Memory consumption went from 185.1 MB to 185.1 MB.
Total: 15.906300 ms (FindLiveObjects: 0.385900 ms CreateObjectMapping: 0.058400 ms MarkObjects: 14.728600 ms  DeleteObjects: 0.444700 ms)

========================================================================
Received Import Request.
  Time of request: 2026-09-20T00:01:43.8985978Z
  Time since last request: 14266.6261515999995 seconds.
  importAddress: GUID: b73b3de0d473d4a1c887ab31f69b1a8d - Path: Packages/com.unity.ide.visualstudio/Editor/Testing/TestAdaptor.cs - Importer: ScriptedImporter/UnityEditor.QuickSearchModule:UnityEditor.Search:ASIAI0B
Importing 'GUID: b73b3de0d473d4a1c887ab31f69b1a8d - Path: Packages/com.unity.ide.visualstudio/Editor/Testing/TestAdaptor.cs - Importer: ScriptedImporter/UnityEditor.QuickSearchModule:UnityEditor.Search:ASIAI0B' with importer (ScriptedImporter : UnityEditor.QuickSearchModule:UnityEditor.Search:ASIAI0B)
Imported 'GUID: b73b3de0d473d4a1c887ab31f69b1a8d' -> (Import Result ID: '906ac91a5f2adcd7543d0225412fbc38') in 0.245 seconds [static and dynamic dependencies]. Details - ImportResultOutputID=3dc6c1468704344954bb35a0b06fdc7c DependenciesID=5cd527fc9cd734d81403d965e41ec006 StaticDependenciesID=07e99c7fa9d1a3d7f28e77fdf6b77ac9 
Number of updated asset objects reloaded before import = 0
Number of asset objects unloaded after import = 0
========================================================================
Received Import Request.
  Time of request: 2026-09-20T00:01:44.1801239Z
  Time since last request: 0.031873 seconds.
  importAddress: GUID: fbbb1ee655846b043baf6c3502b5ce49 - Path: Packages/com.unity.ide.visualstudio/Editor/SolutionParser.cs - Importer: ScriptedImporter/UnityEditor.QuickSearchModule:UnityEditor.Search:ASIAI0B
Importing 'GUID: fbbb1ee655846b043baf6c3502b5ce49 - Path: Packages/com.unity.ide.visualstudio/Editor/SolutionParser.cs - Importer: ScriptedImporter/UnityEditor.QuickSearchModule:UnityEditor.Search:ASIAI0B' with importer (ScriptedImporter : UnityEditor.QuickSearchModule:UnityEditor.Search:ASIAI0B)
Imported 'GUID: fbbb1ee655846b043baf6c3502b5ce49' -> (Import Result ID: 'a6ec0516c4903e4df585f63e569aeac5') in 0.007 seconds [static and dynamic dependencies]. Details - ImportResultOutputID=2ce1e8d7208a7bbb1a39213efea197b8 DependenciesID=a2322ad89c57f4cc2c7765e4c407dc48 StaticDependenciesID=cf8fabae8936e50802e0306eda65f411 
Number of updated asset objects reloaded before import = 0
Number of asset objects unloaded after import = 0
========================================================================
Received Import Request.
  Time of request: 2026-09-20T00:01:44.1887529Z
  Time since last request: 0.0007536 seconds.
  importAddress: GUID: a3f71b076c36a204a864f8c44142b3a9 - Path: Packages/com.unity.ide.visualstudio/ValidationConfig.json - Importer: ScriptedImporter/UnityEditor.QuickSearchModule:UnityEditor.Search:ASIAI0B
Importing 'GUID: a3f71b076c36a204a864f8c44142b3a9 - Path: Packages/com.unity.ide.visualstudio/ValidationConfig.json - Importer: ScriptedImporter/UnityEditor.QuickSearchModule:UnityEditor.Search:ASIAI0B' with importer (ScriptedImporter : UnityEditor.QuickSearchModule:UnityEditor.Search:ASIAI0B)
Imported 'GUID: a3f71b076c36a204a864f8c44142b3a9' -> (Import Result ID: 'ba738c617b2a9ae4df3c19ae0350dff9') in 0.006 seconds [static and dynamic dependencies]. Details - ImportResultOutputID=4d9109eebb3306e71bd34a792a342d1d DependenciesID=8b704b719ba470cb4a249aca86ea3801 StaticDependenciesID=8e5826559af3bdf31948b3884c2c4b67 
Number of updated asset objects reloaded before import = 0
Number of asset objects unloaded after import = 1
========================================================================
Received Import Request.
  Time of request: 2026-09-20T00:01:44.1958391Z
  Time since last request: 0.0006247 seconds.
  importAddress: GUID: 5c1b8a755d2c97640bbb207c43f4cf61 - Path: Packages/com.unity.ide.visualstudio/Editor/SolutionProjectEntry.cs - Importer: ScriptedImporter/UnityEditor.QuickSearchModule:UnityEditor.Search:ASIAI0B
Importing 'GUID: 5c1b8a755d2c97640bbb207c43f4cf61 - Path: Packages/com.unity.ide.visualstudio/Editor/SolutionProjectEntry.cs - Importer: ScriptedImporter/UnityEditor.QuickSearchModule:UnityEditor.Search:ASIAI0B' with importer (ScriptedImporter : UnityEditor.QuickSearchModule:UnityEditor.Search:ASIAI0B)
Imported 'GUID: 5c1b8a755d2c97640bbb207c43f4cf61' -> (Import Result ID: 'cbbceb2f1f6d8fa9a8c54a99b8cd70c1') in 0.008 seconds [static and dynamic dependencies]. Details - ImportResultOutputID=ab77cf250957552fc9c1cbaa7af00567 DependenciesID=687940e5230c1cc537f20b4032cc3842 StaticDependenciesID=6938db1261c82ba5f1ff5c5794f5192b 
Number of updated asset objects reloaded before import = 0
Number of asset objects unloaded after import = 0
========================================================================
Received Import Request.
  Time of request: 2026-09-20T00:01:44.2050562Z
  Time since last request: 0.0008617 seconds.
  importAddress: GUID: f7b5530092b3a7646bdc7865f1f6ee94 - Path: Packages/com.unity.ide.visualstudio/Editor/Cli.cs - Importer: ScriptedImporter/UnityEditor.QuickSearchModule:UnityEditor.Search:ASIAI0B
Importing 'GUID: f7b5530092b3a7646bdc7865f1f6ee94 - Path: Packages/com.unity.ide.visualstudio/Editor/Cli.cs - Importer: ScriptedImporter/UnityEditor.QuickSearchModule:UnityEditor.Search:ASIAI0B' with importer (ScriptedImporter : UnityEditor.QuickSearchModule:UnityEditor.Search:ASIAI0B)
Imported 'GUID: f7b5530092b3a7646bdc7865f1f6ee94' -> (Import Result ID: '24a517ff401ea39e0595020d3a51ca46') in 0.005 seconds [static and dynamic dependencies]. Details - ImportResultOutputID=5f86ebdb1175c9a73a2c8699f41024c8 DependenciesID=620ae46ef67b7e7054a81e1c65a897fe StaticDependenciesID=31398e6dd497873eff3ece03d4e55e3b 
Number of updated asset objects reloaded before import = 0
Number of asset objects unloaded after import = 0
========================================================================
Received Import Request.
  Time of request: 2026-09-20T00:01:44.2118825Z
  Time since last request: 0.0010105 seconds.
  importAddress: GUID: 3070b6395b0f5f04faaab13164c6256d - Path: Packages/com.unity.ide.visualstudio/Editor/ProjectGeneration/LegacyStyleProjectGeneration.cs - Importer: ScriptedImporter/UnityEditor.QuickSearchModule:UnityEditor.Search:ASIAI0B
Importing 'GUID: 3070b6395b0f5f04faaab13164c6256d - Path: Packages/com.unity.ide.visualstudio/Editor/ProjectGeneration/LegacyStyleProjectGeneration.cs - Importer: ScriptedImporter/UnityEditor.QuickSearchModule:UnityEditor.Search:ASIAI0B' with importer (ScriptedImporter : UnityEditor.QuickSearchModule:UnityEditor.Search:ASIAI0B)
Imported 'GUID: 3070b6395b0f5f04faaab13164c6256d' -> (Import Result ID: '668a1a31ea652e8e0ae00bfd74e8934a') in 0.006 seconds [static and dynamic dependencies]. Details - ImportResultOutputID=c1cc22ef65b2c12aab0f4fabf9b16766 DependenciesID=2d3c10cd2c2ad10808e70993b04d3443 StaticDependenciesID=a03e3d9030bef4d3f0c9507ac070f147 
Number of updated asset objects reloaded before import = 0
Number of asset objects unloaded after import = 0
========================================================================
Received Import Request.
  Time of request: 2026-09-20T00:01:44.2194565Z
  Time since last request: 0.0007381 seconds.
  importAddress: GUID: b9308b762484008498bb5cd1886aa491 - Path: Packages/com.unity.ide.visualstudio/Editor/Symbols.cs - Importer: ScriptedImporter/UnityEditor.QuickSearchModule:UnityEditor.Search:ASIAI0B
Importing 'GUID: b9308b762484008498bb5cd1886aa491 - Path: Packages/com.unity.ide.visualstudio/Editor/Symbols.cs - Importer: ScriptedImporter/UnityEditor.QuickSearchModule:UnityEditor.Search:ASIAI0B' with importer (ScriptedImporter : UnityEditor.QuickSearchModule:UnityEditor.Search:ASIAI0B)
Imported 'GUID: b9308b762484008498bb5cd1886aa491' -> (Import Result ID: 'f8e0742f30d1bce461c0fac2c1bc07d6') in 0.008 seconds [static and dynamic dependencies]. Details - ImportResultOutputID=9d95f12df00ebfa04b0f3545a09ad698 DependenciesID=5e09dd6ecd6c48e2fdb9eabaee08a896 StaticDependenciesID=0297133a19a11b201fad99b9704ff07f 
Number of updated asset objects reloaded before import = 0
Number of asset objects unloaded after import = 0
========================================================================
Received Import Request.
  Time of request: 2026-09-20T00:01:44.2283375Z
  Time since last request: 0.0009562 seconds.
  importAddress: GUID: cd78ce5b75b8be84d8b94cd99903161f - Path: Packages/com.unity.ide.visualstudio/CONTRIBUTING.md - Importer: ScriptedImporter/UnityEditor.QuickSearchModule:UnityEditor.Search:ASIAI0B
Importing 'GUID: cd78ce5b75b8be84d8b94cd99903161f - Path: Packages/com.unity.ide.visualstudio/CONTRIBUTING.md - Importer: ScriptedImporter/UnityEditor.QuickSearchModule:UnityEditor.Search:ASIAI0B' with importer (ScriptedImporter : UnityEditor.QuickSearchModule:UnityEditor.Search:ASIAI0B)
Imported 'GUID: cd78ce5b75b8be84d8b94cd99903161f' -> (Import Result ID: '0c7d8983327811b3dc15d0edc3f7dd95') in 0.006 seconds [static and dynamic dependencies]. Details - ImportResultOutputID=d802e51ac1f81825ff405ecc5f125941 DependenciesID=75e36343d51f7e4fb76328e61e37d06e StaticDependenciesID=3d5da7662bac8de2e20218fa6a7937f1 
Number of updated asset objects reloaded before import = 0
Number of asset objects unloaded after import = 1
========================================================================
Received Import Request.
  Time of request: 2026-09-20T00:01:44.2360354Z
  Time since last request: 0.0009629 seconds.
  importAddress: GUID: ffe1bdf971d321f4db593c4c6ebd6e47 - Path: Packages/com.unity.ide.visualstudio/Editor/VersionPair.cs - Importer: ScriptedImporter/UnityEditor.QuickSearchModule:UnityEditor.Search:ASIAI0B
Importing 'GUID: ffe1bdf971d321f4db593c4c6ebd6e47 - Path: Packages/com.unity.ide.visualstudio/Editor/VersionPair.cs - Importer: ScriptedImporter/UnityEditor.QuickSearchModule:UnityEditor.Search:ASIAI0B' with importer (ScriptedImporter : UnityEditor.QuickSearchModule:UnityEditor.Search:ASIAI0B)
Imported 'GUID: ffe1bdf971d321f4db593c4c6ebd6e47' -> (Import Result ID: 'b262e4d1711e406b864cacad18c2712e') in 0.004 seconds [static and dynamic dependencies]. Details - ImportResultOutputID=3bd76e0068098d08d052efb237240daf DependenciesID=f08f22d43fc69a2b9d26767e213a6d2d StaticDependenciesID=9596017d723e277574932dac3ccefae2 
Number of updated asset objects reloaded before import = 0
Number of asset objects unloaded after import = 0
========================================================================
Received Import Request.
  Time of request: 2026-09-20T00:01:44.2413028Z
  Time since last request: 0.0007043 seconds.
  importAddress: GUID: 0173aff8c07e06b42af07ebdd7f08032 - Path: Packages/com.unity.ide.visualstudio/Editor/VisualStudioEditor.cs - Importer: ScriptedImporter/UnityEditor.QuickSearchModule:UnityEditor.Search:ASIAI0B
Importing 'GUID: 0173aff8c07e06b42af07ebdd7f08032 - Path: Packages/com.unity.ide.visualstudio/Editor/VisualStudioEditor.cs - Importer: ScriptedImporter/UnityEditor.QuickSearchModule:UnityEditor.Search:ASIAI0B' with importer (ScriptedImporter : UnityEditor.QuickSearchModule:UnityEditor.Search:ASIAI0B)
Imported 'GUID: 0173aff8c07e06b42af07ebdd7f08032' -> (Import Result ID: '7fbb1141344ea4532e68608b98531eab') in 0.005 seconds [static and dynamic dependencies]. Details - ImportResultOutputID=e49e89483af0d4b1d7b54a9b472eb6f1 DependenciesID=92954a6d4334862fe0a2a670557097d6 StaticDependenciesID=db4816cd1808883456357c7ec0a42e45 
Number of updated asset objects reloaded before import = 0
Number of asset objects unloaded after import = 0
========================================================================
Received Import Request.
  Time of request: 2026-09-20T00:01:44.2473143Z
  Time since last request: 0.0005828 seconds.
  importAddress: GUID: 48fcd6ebd5ce8fd4cbe931895233677d - Path: Packages/com.unity.ide.visualstudio/Editor/VisualStudioIntegration.cs - Importer: ScriptedImporter/UnityEditor.QuickSearchModule:UnityEditor.Search:ASIAI0B
Importing 'GUID: 48fcd6ebd5ce8fd4cbe931895233677d - Path: Packages/com.unity.ide.visualstudio/Editor/VisualStudioIntegration.cs - Importer: ScriptedImporter/UnityEditor.QuickSearchModule:UnityEditor.Search:ASIAI0B' with importer (ScriptedImporter : UnityEditor.QuickSearchModule:UnityEditor.Search:ASIAI0B)
Imported 'GUID: 48fcd6ebd5ce8fd4cbe931895233677d' -> (Import Result ID: 'fc6b02682377adb927035341d79d4a7b') in 0.004 seconds [static and dynamic dependencies]. Details - ImportResultOutputID=5eb9816eb45892f4db0f59f5df6c633c DependenciesID=d2f76c62e4707f007bfaaa70282136eb StaticDependenciesID=85b035757fb46d09f2e35bfa3a5211c8 
Number of updated asset objects reloaded before import = 0
Number of asset objects unloaded after import = 0
========================================================================
Received Import Request.
  Time of request: 2026-09-20T00:01:44.2521256Z
  Time since last request: 0.0005406 seconds.
  importAddress: GUID: 553737203d61a8109f9544a97201e1aa - Path: Packages/com.unity.modules.unitywebrequestaudio/package.ModuleCompilationTrigger - Importer: ScriptedImporter/UnityEditor.QuickSearchModule:UnityEditor.Search:ASIAI0B
Importing 'GUID: 553737203d61a8109f9544a97201e1aa - Path: Packages/com.unity.modules.unitywebrequestaudio/package.ModuleCompilationTrigger - Importer: ScriptedImporter/UnityEditor.QuickSearchModule:UnityEditor.Search:ASIAI0B' with importer (ScriptedImporter : UnityEditor.QuickSearchModule:UnityEditor.Search:ASIAI0B)
Imported 'GUID: 553737203d61a8109f9544a97201e1aa' -> (Import Result ID: '03e11b76972681e8f8472bc8d4c971b8') in 0.005 seconds [static and dynamic dependencies]. Details - ImportResultOutputID=7a60459f47c8d90c18c140cccf533343 DependenciesID=8f0df454cb76717f7e63c930e0b67db4 StaticDependenciesID=6fd915dcc1be570eee32e478c7b5fb0c 
Number of updated asset objects reloaded before import = 0
Number of asset objects unloaded after import = 1
========================================================================
Received Import Request.
  Time of request: 2026-09-20T00:01:44.2583738Z
  Time since last request: 0.0008695 seconds.
  importAddress: GUID: fa7011e2ea1ff024083fea2179f3df08 - Path: Packages/com.unity.ide.visualstudio/Editor/ProjectGeneration/ProjectProperties.cs - Importer: ScriptedImporter/UnityEditor.QuickSearchModule:UnityEditor.Search:ASIAI0B
Importing 'GUID: fa7011e2ea1ff024083fea2179f3df08 - Path: Packages/com.unity.ide.visualstudio/Editor/ProjectGeneration/ProjectProperties.cs - Importer: ScriptedImporter/UnityEditor.QuickSearchModule:UnityEditor.Search:ASIAI0B' with importer (ScriptedImporter : UnityEditor.QuickSearchModule:UnityEditor.Search:ASIAI0B)
Imported 'GUID: fa7011e2ea1ff024083fea2179f3df08' -> (Import Result ID: '9bc65df29e3667715c0cac5491be7a9c') in 0.004 seconds [static and dynamic dependencies]. Details - ImportResultOutputID=f6b076809282d735f42601ebc7f6759b DependenciesID=e5e37f77dbe58efe699e118d6f3ddbe0 StaticDependenciesID=04717c9f65b812df9d0344468e8f7988 
Number of updated asset objects reloaded before import = 0
Number of asset objects unloaded after import = 0
========================================================================
Received Import Request.
  Time of request: 2026-09-20T00:01:44.2630359Z
  Time since last request: 0.0005948 seconds.
  importAddress: GUID: ed8e7c93c781e48df93d063a3c0d2972 - Path: Packages/com.unity.ide.visualstudio/Editor/SimpleJSON.cs - Importer: ScriptedImporter/UnityEditor.QuickSearchModule:UnityEditor.Search:ASIAI0B
Importing 'GUID: ed8e7c93c781e48df93d063a3c0d2972 - Path: Packages/com.unity.ide.visualstudio/Editor/SimpleJSON.cs - Importer: ScriptedImporter/UnityEditor.QuickSearchModule:UnityEditor.Search:ASIAI0B' with importer (ScriptedImporter : UnityEditor.QuickSearchModule:UnityEditor.Search:ASIAI0B)
Imported 'GUID: ed8e7c93c781e48df93d063a3c0d2972' -> (Import Result ID: 'd76fe3864f8aee067fcb767b00d81b00') in 0.006 seconds [static and dynamic dependencies]. Details - ImportResultOutputID=fdeece68429b54c112545ce5cc8fa6af DependenciesID=ea6136c26dd30f4798b18ff01e8e800a StaticDependenciesID=9ce2857e6a602a196378a78ce9a2f734 
Number of updated asset objects reloaded before import = 0
Number of asset objects unloaded after import = 0
========================================================================
Received Import Request.
  Time of request: 2026-09-20T00:01:44.2696154Z
  Time since last request: 0.0006664 seconds.
  importAddress: GUID: 369c09afe05d2c346af49faef943c773 - Path: Packages/com.unity.ide.visualstudio/Editor/Messaging/Serializer.cs - Importer: ScriptedImporter/UnityEditor.QuickSearchModule:UnityEditor.Search:ASIAI0B
Importing 'GUID: 369c09afe05d2c346af49faef943c773 - Path: Packages/com.unity.ide.visualstudio/Editor/Messaging/Serializer.cs - Importer: ScriptedImporter/UnityEditor.QuickSearchModule:UnityEditor.Search:ASIAI0B' with importer (ScriptedImporter : UnityEditor.QuickSearchModule:UnityEditor.Search:ASIAI0B)
Imported 'GUID: 369c09afe05d2c346af49faef943c773' -> (Import Result ID: '5332d29de09b996d5bb66584143ab781') in 0.005 seconds [static and dynamic dependencies]. Details - ImportResultOutputID=5633f59fe368fadae8c78cccbda2d84b DependenciesID=7c8ccb7805bb1295b2f0fea33539a395 StaticDependenciesID=743835a87b6589ba4bbf5a51b8ca5e6c 
Number of updated asset objects reloaded before import = 0
Number of asset objects unloaded after import = 0
========================================================================
Received Import Request.
  Time of request: 2026-09-20T00:01:44.2759131Z
  Time since last request: 0.0007308 seconds.
  importAddress: GUID: af4c2c762e1d8e949a6bc458973df6e7 - Path: Packages/com.unity.ide.visualstudio/Editor/Solution.cs - Importer: ScriptedImporter/UnityEditor.QuickSearchModule:UnityEditor.Search:ASIAI0B
Importing 'GUID: af4c2c762e1d8e949a6bc458973df6e7 - Path: Packages/com.unity.ide.visualstudio/Editor/Solution.cs - Importer: ScriptedImporter/UnityEditor.QuickSearchModule:UnityEditor.Search:ASIAI0B' with importer (ScriptedImporter : UnityEditor.QuickSearchModule:UnityEditor.Search:ASIAI0B)
Imported 'GUID: af4c2c762e1d8e949a6bc458973df6e7' -> (Import Result ID: '3900ff28c7c4e5d526a5cb30d2a4a471') in 0.004 seconds [static and dynamic dependencies]. Details - ImportResultOutputID=38564e96d27b04776542af0638f7ec4c DependenciesID=8cf8d58733a11e5e65c395f075dfd7cb StaticDependenciesID=f6fb2beaac410a8cdaffd63722331b18 
Number of updated asset objects reloaded before import = 0
Number of asset objects unloaded after import = 0
========================================================================
Received Import Request.
  Time of request: 2026-09-20T00:01:44.2806613Z
  Time since last request: 0.0006348 seconds.
  importAddress: GUID: a8c76505bcc613640ade706bdb0f1cba - Path: Packages/com.unity.ide.visualstudio/Editor/UnityInstallation.cs - Importer: ScriptedImporter/UnityEditor.QuickSearchModule:UnityEditor.Search:ASIAI0B
Importing 'GUID: a8c76505bcc613640ade706bdb0f1cba - Path: Packages/com.unity.ide.visualstudio/Editor/UnityInstallation.cs - Importer: ScriptedImporter/UnityEditor.QuickSearchModule:UnityEditor.Search:ASIAI0B' with importer (ScriptedImporter : UnityEditor.QuickSearchModule:UnityEditor.Search:ASIAI0B)
Imported 'GUID: a8c76505bcc613640ade706bdb0f1cba' -> (Import Result ID: 'e276546c211a71ab346cca92d777fb8a') in 0.006 seconds [static and dynamic dependencies]. Details - ImportResultOutputID=a1917e17f35da393648345689a35bb14 DependenciesID=28ce02bdeec610af3a807b7a4dd5f0c5 StaticDependenciesID=23ed7672f5b194f05e763b5a6ced11a8 
Number of updated asset objects reloaded before import = 0
Number of asset objects unloaded after import = 0
========================================================================
Received Import Request.
  Time of request: 2026-09-20T00:01:44.2875076Z
  Time since last request: 0.0006225 seconds.
  importAddress: GUID: 555fcccd6b79a864f83e7a319daa1c3e - Path: Packages/com.unity.ide.visualstudio/Editor/ProjectGeneration/ProjectGenerationFlag.cs - Importer: ScriptedImporter/UnityEditor.QuickSearchModule:UnityEditor.Search:ASIAI0B
Importing 'GUID: 555fcccd6b79a864f83e7a319daa1c3e - Path: Packages/com.unity.ide.visualstudio/Editor/ProjectGeneration/ProjectGenerationFlag.cs - Importer: ScriptedImporter/UnityEditor.QuickSearchModule:UnityEditor.Search:ASIAI0B' with importer (ScriptedImporter : UnityEditor.QuickSearchModule:UnityEditor.Search:ASIAI0B)
Imported 'GUID: 555fcccd6b79a864f83e7a319daa1c3e' -> (Import Result ID: '9612438a873209c70736bdf9afdeb906') in 0.006 seconds [static and dynamic dependencies]. Details - ImportResultOutputID=df0d286ce629ea960fd6eb2638e93d1a DependenciesID=f8442dab0becc91f17a6c3c1c44d60c6 StaticDependenciesID=7ac854ffb6f601ec5a32a67f7f229848 
Number of updated asset objects reloaded before import = 0
Number of asset objects unloaded after import = 0
========================================================================
Received Import Request.
  Time of request: 2026-09-20T00:01:44.2942497Z
  Time since last request: 0.0007511 seconds.
  importAddress: GUID: 6022bdd5b2896a54f94123b812705321 - Path: Packages/com.unity.ide.visualstudio/CHANGELOG.md - Importer: ScriptedImporter/UnityEditor.QuickSearchModule:UnityEditor.Search:ASIAI0B
Importing 'GUID: 6022bdd5b2896a54f94123b812705321 - Path: Packages/com.unity.ide.visualstudio/CHANGELOG.md - Importer: ScriptedImporter/UnityEditor.QuickSearchModule:UnityEditor.Search:ASIAI0B' with importer (ScriptedImporter : UnityEditor.QuickSearchModule:UnityEditor.Search:ASIAI0B)
Imported 'GUID: 6022bdd5b2896a54f94123b812705321' -> (Import Result ID: 'b90d1f0f983763d0e15d5a2e6159ebb7') in 0.005 seconds [static and dynamic dependencies]. Details - ImportResultOutputID=c676bd3b9af54a6af1a0b6c407d54540 DependenciesID=4f34b7a8e155310d3ec896d3f443108f StaticDependenciesID=fe607b964f00d320e7895d5b4ad8204f 
Number of updated asset objects reloaded before import = 0
Number of asset objects unloaded after import = 1
========================================================================
Received Import Request.
  Time of request: 2026-09-20T00:01:44.3007901Z
  Time since last request: 0.0007335 seconds.
  importAddress: GUID: 917a51fff055ce547b4ad1215321f3da - Path: Packages/com.unity.ide.visualstudio/Editor/Messaging/ExceptionEventArgs.cs - Importer: ScriptedImporter/UnityEditor.QuickSearchModule:UnityEditor.Search:ASIAI0B
Importing 'GUID: 917a51fff055ce547b4ad1215321f3da - Path: Packages/com.unity.ide.visualstudio/Editor/Messaging/ExceptionEventArgs.cs - Importer: ScriptedImporter/UnityEditor.QuickSearchModule:UnityEditor.Search:ASIAI0B' with importer (ScriptedImporter : UnityEditor.QuickSearchModule:UnityEditor.Search:ASIAI0B)
Imported 'GUID: 917a51fff055ce547b4ad1215321f3da' -> (Import Result ID: '56db50f5702c4732682d1d2c4ac229c6') in 0.004 seconds [static and dynamic dependencies]. Details - ImportResultOutputID=71658240f99d9cec05fff79b47ce7666 DependenciesID=4f34691cea228ace1244250af615f17f StaticDependenciesID=0d1db9f9c4ad2627b612cefbc1f69d60 
Number of updated asset objects reloaded before import = 0
Number of asset objects unloaded after import = 0
========================================================================
Received Import Request.
  Time of request: 2026-09-20T00:01:44.3063224Z
  Time since last request: 0.000844 seconds.
  importAddress: GUID: cbccb6292dce08a489e6e742243154e7 - Path: Packages/com.unity.ide.visualstudio/Editor/KnownAssemblies.cs - Importer: ScriptedImporter/UnityEditor.QuickSearchModule:UnityEditor.Search:ASIAI0B
Importing 'GUID: cbccb6292dce08a489e6e742243154e7 - Path: Packages/com.unity.ide.visualstudio/Editor/KnownAssemblies.cs - Importer: ScriptedImporter/UnityEditor.QuickSearchModule:UnityEditor.Search:ASIAI0B' with importer (ScriptedImporter : UnityEditor.QuickSearchModule:UnityEditor.Search:ASIAI0B)
Imported 'GUID: cbccb6292dce08a489e6e742243154e7' -> (Import Result ID: 'b9b4d3950a6c18a0f34385e6cecf11c0') in 0.004 seconds [static and dynamic dependencies]. Details - ImportResultOutputID=43ca69dfc904b73606861086e3e717d3 DependenciesID=22588c652707b3ffccf83162743fcb19 StaticDependenciesID=5f574d1aa5ba5b06fd8fc839b33fddde 
Number of updated asset objects reloaded before import = 0
Number of asset objects unloaded after import = 0
========================================================================
Received Import Request.
  Time of request: 2026-09-20T00:01:44.3116221Z
  Time since last request: 0.0006341 seconds.
  importAddress: GUID: 1fe9e6e1ae93cf64bbdfbd29300752e1 - Path: Packages/com.unity.ide.visualstudio/LICENSE.md - Importer: ScriptedImporter/UnityEditor.QuickSearchModule:UnityEditor.Search:ASIAI0B
Importing 'GUID: 1fe9e6e1ae93cf64bbdfbd29300752e1 - Path: Packages/com.unity.ide.visualstudio/LICENSE.md - Importer: ScriptedImporter/UnityEditor.QuickSearchModule:UnityEditor.Search:ASIAI0B' with importer (ScriptedImporter : UnityEditor.QuickSearchModule:UnityEditor.Search:ASIAI0B)
Imported 'GUID: 1fe9e6e1ae93cf64bbdfbd29300752e1' -> (Import Result ID: 'cdceddbc3db793a476a5918aba53a98d') in 0.005 seconds [static and dynamic dependencies]. Details - ImportResultOutputID=7bab61ceb061be92bdbe81fca196d03a DependenciesID=4d04f3a9d33ad7baebaee472913c6cf7 StaticDependenciesID=8e209c71433ebe5afc6b346afffea33f 
Number of updated asset objects reloaded before import = 0
Number of asset objects unloaded after import = 1
========================================================================
Received Import Request.
  Time of request: 2026-09-20T00:01:44.3178519Z
  Time since last request: 0.0006741 seconds.
  importAddress: GUID: ec80b1fb8938b3b4ab442d10390c5315 - Path: Packages/com.unity.ide.visualstudio/Editor/ProjectGeneration/FileIOProvider.cs - Importer: ScriptedImporter/UnityEditor.QuickSearchModule:UnityEditor.Search:ASIAI0B
Importing 'GUID: ec80b1fb8938b3b4ab442d10390c5315 - Path: Packages/com.unity.ide.visualstudio/Editor/ProjectGeneration/FileIOProvider.cs - Importer: ScriptedImporter/UnityEditor.QuickSearchModule:UnityEditor.Search:ASIAI0B' with importer (ScriptedImporter : UnityEditor.QuickSearchModule:UnityEditor.Search:ASIAI0B)
Imported 'GUID: ec80b1fb8938b3b4ab442d10390c5315' -> (Import Result ID: '90b54045249b32ce4221386e750695e9') in 0.005 seconds [static and dynamic dependencies]. Details - ImportResultOutputID=e3d55ba5580c94b6812a47244fb7fe8e DependenciesID=74c19c643b11d89ec8edc9cf27a4cb5a StaticDependenciesID=0ceb4f580f604218a376deb2946056eb 
Number of updated asset objects reloaded before import = 0
Number of asset objects unloaded after import = 0
========================================================================
Received Import Request.
  Time of request: 2026-09-20T00:01:44.3234159Z
  Time since last request: 0.0006837 seconds.
  importAddress: GUID: 788fbcfc0abc6c54b9504cfee3176c22 - Path: Packages/com.unity.ide.visualstudio/ValidationExceptions.json - Importer: ScriptedImporter/UnityEditor.QuickSearchModule:UnityEditor.Search:ASIAI0B
Importing 'GUID: 788fbcfc0abc6c54b9504cfee3176c22 - Path: Packages/com.unity.ide.visualstudio/ValidationExceptions.json - Importer: ScriptedImporter/UnityEditor.QuickSearchModule:UnityEditor.Search:ASIAI0B' with importer (ScriptedImporter : UnityEditor.QuickSearchModule:UnityEditor.Search:ASIAI0B)
Imported 'GUID: 788fbcfc0abc6c54b9504cfee3176c22' -> (Import Result ID: 'd42a240d23544095715c61150ebcd8c3') in 0.004 seconds [static and dynamic dependencies]. Details - ImportResultOutputID=98f3e7707f775a87dd65013c8201b1db DependenciesID=6bfb478e39141bf866cf6d3ebc0b8266 StaticDependenciesID=3a6a8ce3f3ae21c944c705e0fa13c812 
Number of updated asset objects reloaded before import = 0
Number of asset objects unloaded after import = 1
========================================================================
Received Import Request.
  Time of request: 2026-09-20T00:01:44.3283993Z
  Time since last request: 0.0005319 seconds.
  importAddress: GUID: 829d4d6bc39fd1044ba4c5fc2a9c911f - Path: Packages/com.unity.ide.visualstudio/Editor/SolutionProperties.cs - Importer: ScriptedImporter/UnityEditor.QuickSearchModule:UnityEditor.Search:ASIAI0B
Importing 'GUID: 829d4d6bc39fd1044ba4c5fc2a9c911f - Path: Packages/com.unity.ide.visualstudio/Editor/SolutionProperties.cs - Importer: ScriptedImporter/UnityEditor.QuickSearchModule:UnityEditor.Search:ASIAI0B' with importer (ScriptedImporter : UnityEditor.QuickSearchModule:UnityEditor.Search:ASIAI0B)
Imported 'GUID: 829d4d6bc39fd1044ba4c5fc2a9c911f' -> (Import Result ID: '24983299736f110f23b4ee3687e1ba13') in 0.005 seconds [static and dynamic dependencies]. Details - ImportResultOutputID=4349fb91f618dff791e4173ffb6b2ac8 DependenciesID=a4b59a820b4c2a09b2c2eea64fe7b0bc StaticDependenciesID=80b713aa4cc875f89f8c12cb4b137cb3 
Number of updated asset objects reloaded before import = 0
Number of asset objects unloaded after import = 0
========================================================================
Received Import Request.
  Time of request: 2026-09-20T00:01:44.3351708Z
  Time since last request: 0.0009552 seconds.
  importAddress: GUID: e8aed47cdce10fd4cae32fefa2c34f8f - Path: Packages/com.unity.ide.visualstudio/Editor/ProjectGeneration/SdkStyleProjectGeneration.cs - Importer: ScriptedImporter/UnityEditor.QuickSearchModule:UnityEditor.Search:ASIAI0B
Importing 'GUID: e8aed47cdce10fd4cae32fefa2c34f8f - Path: Packages/com.unity.ide.visualstudio/Editor/ProjectGeneration/SdkStyleProjectGeneration.cs - Importer: ScriptedImporter/UnityEditor.QuickSearchModule:UnityEditor.Search:ASIAI0B' with importer (ScriptedImporter : UnityEditor.QuickSearchModule:UnityEditor.Search:ASIAI0B)
Imported 'GUID: e8aed47cdce10fd4cae32fefa2c34f8f' -> (Import Result ID: '97e3b63c9cc4a9c4e67bd2022973b930') in 0.006 seconds [static and dynamic dependencies]. Details - ImportResultOutputID=1cdc7c16f0b8e88d68cbc7703a1cc0fd DependenciesID=a3cd092d190a0f9d521d7b3d6ea63d01 StaticDependenciesID=8e544ff55e0b97b8cbaad34e83496048 
Number of updated asset objects reloaded before import = 0
Number of asset objects unloaded after import = 0
========================================================================
Received Import Request.
  Time of request: 2026-09-20T00:01:44.342248Z
  Time since last request: 0.000743 seconds.
  importAddress: GUID: a31a332ce3485f00f7df8d987302a29c - Path: Packages/com.unity.modules.unitywebrequesttexture/package.ModuleCompilationTrigger - Importer: ScriptedImporter/UnityEditor.QuickSearchModule:UnityEditor.Search:ASIAI0B
Importing 'GUID: a31a332ce3485f00f7df8d987302a29c - Path: Packages/com.unity.modules.unitywebrequesttexture/package.ModuleCompilationTrigger - Importer: ScriptedImporter/UnityEditor.QuickSearchModule:UnityEditor.Search:ASIAI0B' with importer (ScriptedImporter : UnityEditor.QuickSearchModule:UnityEditor.Search:ASIAI0B)
Imported 'GUID: a31a332ce3485f00f7df8d987302a29c' -> (Import Result ID: '3168225fec421bdd5e1087ca32d05056') in 0.005 seconds [static and dynamic dependencies]. Details - ImportResultOutputID=2fe2335ed81816fc40ccdb8507df6f0b DependenciesID=44c7946694764bf4df122c146a9e806e StaticDependenciesID=4583271c95369b5f2338f4a62f534d31 
Number of updated asset objects reloaded before import = 0
Number of asset objects unloaded after import = 1
========================================================================
Received Import Request.
  Time of request: 2026-09-20T00:01:44.3479569Z
  Time since last request: 0.0007277 seconds.
  importAddress: GUID: d791d407901442e49862d3aa783ce8af - Path: Packages/com.unity.ide.visualstudio/Editor/AssemblyInfo.cs - Importer: ScriptedImporter/UnityEditor.QuickSearchModule:UnityEditor.Search:ASIAI0B
Importing 'GUID: d791d407901442e49862d3aa783ce8af - Path: Packages/com.unity.ide.visualstudio/Editor/AssemblyInfo.cs - Importer: ScriptedImporter/UnityEditor.QuickSearchModule:UnityEditor.Search:ASIAI0B' with importer (ScriptedImporter : UnityEditor.QuickSearchModule:UnityEditor.Search:ASIAI0B)
Imported 'GUID: d791d407901442e49862d3aa783ce8af' -> (Import Result ID: '03968474726c24b28cde8f949c10e8f8') in 0.005 seconds [static and dynamic dependencies]. Details - ImportResultOutputID=5a901399e6966101eeca295597113a18 DependenciesID=5a6f98c20b7e5f3ddb00ed4903afa9ec StaticDependenciesID=0b05c2349db5f86b078ada5b3745bffa 
Number of updated asset objects reloaded before import = 0
Number of asset objects unloaded after import = 0
========================================================================
Received Import Request.
  Time of request: 2026-09-20T00:01:44.3543279Z
  Time since last request: 0.0005846 seconds.
  importAddress: GUID: 5e249ae353801f043a6e4173410c6152 - Path: Packages/com.unity.ide.visualstudio/Editor/Messaging/Messenger.cs - Importer: ScriptedImporter/UnityEditor.QuickSearchModule:UnityEditor.Search:ASIAI0B
Importing 'GUID: 5e249ae353801f043a6e4173410c6152 - Path: Packages/com.unity.ide.visualstudio/Editor/Messaging/Messenger.cs - Importer: ScriptedImporter/UnityEditor.QuickSearchModule:UnityEditor.Search:ASIAI0B' with importer (ScriptedImporter : UnityEditor.QuickSearchModule:UnityEditor.Search:ASIAI0B)
Imported 'GUID: 5e249ae353801f043a6e4173410c6152' -> (Import Result ID: 'bce09ba0484bd6a855ecf2ab7f34c9ae') in 0.003 seconds [static and dynamic dependencies]. Details - ImportResultOutputID=993eafc79294b6f09c75948753950cbb DependenciesID=1286ba2b29993a9eaa069abac5954395 StaticDependenciesID=199ea81fcfb311b3782a8f150e4e39be 
Number of updated asset objects reloaded before import = 0
Number of asset objects unloaded after import = 0
========================================================================
Received Import Request.
  Time of request: 2026-09-20T00:01:44.3583989Z
  Time since last request: 0.0006481 seconds.
  importAddress: GUID: be7ef402265a7a549b2e43c11d1a22c5 - Path: Packages/com.unity.ide.visualstudio/Editor/VisualStudioForWindowsInstallation.cs - Importer: ScriptedImporter/UnityEditor.QuickSearchModule:UnityEditor.Search:ASIAI0B
Importing 'GUID: be7ef402265a7a549b2e43c11d1a22c5 - Path: Packages/com.unity.ide.visualstudio/Editor/VisualStudioForWindowsInstallation.cs - Importer: ScriptedImporter/UnityEditor.QuickSearchModule:UnityEditor.Search:ASIAI0B' with importer (ScriptedImporter : UnityEditor.QuickSearchModule:UnityEditor.Search:ASIAI0B)
Imported 'GUID: be7ef402265a7a549b2e43c11d1a22c5' -> (Import Result ID: '185cb16f2887bbba3c54375c63063d64') in 0.005 seconds [static and dynamic dependencies]. Details - ImportResultOutputID=23b696fde9499e66d36bf5ecd602139b DependenciesID=f3bd09481138959ca4516cb9fb3a75c7 StaticDependenciesID=13401e167923370e8933c59df3e93402 
Number of updated asset objects reloaded before import = 0
Number of asset objects unloaded after import = 0
========================================================================
Received Import Request.
  Time of request: 2026-09-20T00:01:44.364729Z
  Time since last request: 0.0007379 seconds.
  importAddress: GUID: 4b518b37798c97b0f860962cbf615533 - Path: Packages/com.unity.modules.unitywebrequestaudio/package.json - Importer: ScriptedImporter/UnityEditor.QuickSearchModule:UnityEditor.Search:ASIAI0B
Importing 'GUID: 4b518b37798c97b0f860962cbf615533 - Path: Packages/com.unity.modules.unitywebrequestaudio/package.json - Importer: ScriptedImporter/UnityEditor.QuickSearchModule:UnityEditor.Search:ASIAI0B' with importer (ScriptedImporter : UnityEditor.QuickSearchModule:UnityEditor.Search:ASIAI0B)
Imported 'GUID: 4b518b37798c97b0f860962cbf615533' -> (Import Result ID: 'fbdebf0dc0636ffc47cc8f9f71466ea4') in 0.006 seconds [static and dynamic dependencies]. Details - ImportResultOutputID=758820383136fdf5a38729cd1b016cf3 DependenciesID=ab8ed9de7001aab3f89cd00a0e306238 StaticDependenciesID=0752fc54b2724d0f2db316da1287540c 
Number of updated asset objects reloaded before import = 0
Number of asset objects unloaded after import = 1
========================================================================
Received Import Request.
  Time of request: 2026-09-20T00:01:44.3713335Z
  Time since last request: 0.0007753 seconds.
  importAddress: GUID: 656f74f6edaa396458412b9e3903d8cd - Path: Packages/com.unity.ide.visualstudio/package.json - Importer: ScriptedImporter/UnityEditor.QuickSearchModule:UnityEditor.Search:ASIAI0B
Importing 'GUID: 656f74f6edaa396458412b9e3903d8cd - Path: Packages/com.unity.ide.visualstudio/package.json - Importer: ScriptedImporter/UnityEditor.QuickSearchModule:UnityEditor.Search:ASIAI0B' with importer (ScriptedImporter : UnityEditor.QuickSearchModule:UnityEditor.Search:ASIAI0B)
Imported 'GUID: 656f74f6edaa396458412b9e3903d8cd' -> (Import Result ID: 'd57e59a9a9930caa8312b117b510b3ec') in 0.004 seconds [static and dynamic dependencies]. Details - ImportResultOutputID=e584013f1514eb0ace39d1fd6f78106e DependenciesID=554430b5feab8ef80b2561c10412cd05 StaticDependenciesID=0e349a5f2d9893d07708969d4d07a95a 
Number of updated asset objects reloaded before import = 0
Number of asset objects unloaded after import = 1
========================================================================
Received Import Request.
  Time of request: 2026-09-20T00:01:44.3761876Z
  Time since last request: 0.0005771 seconds.
  importAddress: GUID: 8e6c7ea7c059fb547b6723aaf225900b - Path: Packages/com.unity.ide.visualstudio/Editor/Image.cs - Importer: ScriptedImporter/UnityEditor.QuickSearchModule:UnityEditor.Search:ASIAI0B
Importing 'GUID: 8e6c7ea7c059fb547b6723aaf225900b - Path: Packages/com.unity.ide.visualstudio/Editor/Image.cs - Importer: ScriptedImporter/UnityEditor.QuickSearchModule:UnityEditor.Search:ASIAI0B' with importer (ScriptedImporter : UnityEditor.QuickSearchModule:UnityEditor.Search:ASIAI0B)
Imported 'GUID: 8e6c7ea7c059fb547b6723aaf225900b' -> (Import Result ID: 'eef4f98e3c8145ddfb8fe5f61e0caa89') in 0.004 seconds [static and dynamic dependencies]. Details - ImportResultOutputID=6d77b2774abe4ce1be3f66daf44e453f DependenciesID=a6a9d12e0c9eee39f5524c4bcd8bcd3c StaticDependenciesID=93fd9ff31cf51b212b2ff0229c2019bb 
Number of updated asset objects reloaded before import = 0
Number of asset objects unloaded after import = 0
========================================================================
Received Import Request.
  Time of request: 2026-09-20T00:01:44.3808582Z
  Time since last request: 0.0006304 seconds.
  importAddress: GUID: de1c9ea7b82c9904d9e5fba2ee70a998 - Path: Packages/com.unity.ide.visualstudio/Editor/Messaging/Message.cs - Importer: ScriptedImporter/UnityEditor.QuickSearchModule:UnityEditor.Search:ASIAI0B
Importing 'GUID: de1c9ea7b82c9904d9e5fba2ee70a998 - Path: Packages/com.unity.ide.visualstudio/Editor/Messaging/Message.cs - Importer: ScriptedImporter/UnityEditor.QuickSearchModule:UnityEditor.Search:ASIAI0B' with importer (ScriptedImporter : UnityEditor.QuickSearchModule:UnityEditor.Search:ASIAI0B)
Imported 'GUID: de1c9ea7b82c9904d9e5fba2ee70a998' -> (Import Result ID: 'f40c87344a8ec665d4f01cfd01ff4674') in 0.008 seconds [static and dynamic dependencies]. Details - ImportResultOutputID=b9ac666aaaf90af5ef446f59baaba4a3 DependenciesID=aad57cb1aec8ed45d8618222d78d6521 StaticDependenciesID=afd0780f0bd2d30ca5ed6cf75cef3693 
Number of updated asset objects reloaded before import = 0
Number of asset objects unloaded after import = 0
========================================================================
Received Import Request.
  Time of request: 2026-09-20T00:01:44.3896706Z
  Time since last request: 0.0005135 seconds.
  importAddress: GUID: a1c42005fe7c5d78585a77ce396a5eea - Path: Packages/com.unity.modules.tilemap/package.ModuleCompilationTrigger - Importer: ScriptedImporter/UnityEditor.QuickSearchModule:UnityEditor.Search:ASIAI0B
Importing 'GUID: a1c42005fe7c5d78585a77ce396a5eea - Path: Packages/com.unity.modules.tilemap/package.ModuleCompilationTrigger - Importer: ScriptedImporter/UnityEditor.QuickSearchModule:UnityEditor.Search:ASIAI0B' with importer (ScriptedImporter : UnityEditor.QuickSearchModule:UnityEditor.Search:ASIAI0B)
Imported 'GUID: a1c42005fe7c5d78585a77ce396a5eea' -> (Import Result ID: '53828ee25c066ff583ad743064ad77d3') in 0.003 seconds [static and dynamic dependencies]. Details - ImportResultOutputID=aa0ed7cf8d77852c17dd97bf69249b7d DependenciesID=9045bb8f0fb1eae47a37d2c613c551c5 StaticDependenciesID=d3b8a6e1f852de8c9ffffb4313c858c2 
Number of updated asset objects reloaded before import = 0
Number of asset objects unloaded after import = 1
========================================================================
Received Import Request.
  Time of request: 2026-09-20T00:01:44.393971Z
  Time since last request: 0.0005867 seconds.
  importAddress: GUID: fae6007c1ac2cc744b2891fd4d279c96 - Path: Packages/com.unity.ide.visualstudio/Editor/Testing/TestRunnerCallbacks.cs - Importer: ScriptedImporter/UnityEditor.QuickSearchModule:UnityEditor.Search:ASIAI0B
Importing 'GUID: fae6007c1ac2cc744b2891fd4d279c96 - Path: Packages/com.unity.ide.visualstudio/Editor/Testing/TestRunnerCallbacks.cs - Importer: ScriptedImporter/UnityEditor.QuickSearchModule:UnityEditor.Search:ASIAI0B' with importer (ScriptedImporter : UnityEditor.QuickSearchModule:UnityEditor.Search:ASIAI0B)
Imported 'GUID: fae6007c1ac2cc744b2891fd4d279c96' -> (Import Result ID: 'c97e31c4b5ffa3d7a918f8771d1d3d1b') in 0.004 seconds [static and dynamic dependencies]. Details - ImportResultOutputID=7b94cc06997d847403d5cc80007105c6 DependenciesID=1d27a8ea2e6a90bf89533863356f8065 StaticDependenciesID=0d5f3bcac8015ac4981abc0f5f34d7aa 
Number of updated asset objects reloaded before import = 0
Number of asset objects unloaded after import = 0
========================================================================
Received Import Request.
  Time of request: 2026-09-20T00:01:44.3984608Z
  Time since last request: 0.0005657 seconds.
  importAddress: GUID: ded625cf0d03fa94c9f939fd13ced18d - Path: Packages/com.unity.ide.visualstudio/Editor/Messaging/TcpListener.cs - Importer: ScriptedImporter/UnityEditor.QuickSearchModule:UnityEditor.Search:ASIAI0B
Importing 'GUID: ded625cf0d03fa94c9f939fd13ced18d - Path: Packages/com.unity.ide.visualstudio/Editor/Messaging/TcpListener.cs - Importer: ScriptedImporter/UnityEditor.QuickSearchModule:UnityEditor.Search:ASIAI0B' with importer (ScriptedImporter : UnityEditor.QuickSearchModule:UnityEditor.Search:ASIAI0B)
Imported 'GUID: ded625cf0d03fa94c9f939fd13ced18d' -> (Import Result ID: '0d84c08ff04885820151f7c35128c8a3') in 0.006 seconds [static and dynamic dependencies]. Details - ImportResultOutputID=bc364e780ab5aea8ad055247334a96aa DependenciesID=e425a4bb18041933e789d92141c1ca44 StaticDependenciesID=2b3dd411517474453de1c9268b7e9621 
Number of updated asset objects reloaded before import = 0
Number of asset objects unloaded after import = 0
========================================================================
Received Import Request.
  Time of request: 2026-09-20T00:01:44.4053236Z
  Time since last request: 0.0008283 seconds.
  importAddress: GUID: cbb1a39d56ce4d9ac1a46ac505893fa7 - Path: Packages/com.unity.modules.terrainphysics/package.ModuleCompilationTrigger - Importer: ScriptedImporter/UnityEditor.QuickSearchModule:UnityEditor.Search:ASIAI0B
Importing 'GUID: cbb1a39d56ce4d9ac1a46ac505893fa7 - Path: Packages/com.unity.modules.terrainphysics/package.ModuleCompilationTrigger - Importer: ScriptedImporter/UnityEditor.QuickSearchModule:UnityEditor.Search:ASIAI0B' with importer (ScriptedImporter : UnityEditor.QuickSearchModule:UnityEditor.Search:ASIAI0B)
Imported 'GUID: cbb1a39d56ce4d9ac1a46ac505893fa7' -> (Import Result ID: '0dc810fae9a41929642aca7c0d11a99b') in 0.004 seconds [static and dynamic dependencies]. Details - ImportResultOutputID=81519d622cb7f07fa4dae053f7a23628 DependenciesID=8201982f4c6c6377ee5db0fab3d1253a StaticDependenciesID=1032f2dac4b411291b7d9110bc8e767d 
Number of updated asset objects reloaded before import = 0
Number of asset objects unloaded after import = 1
========================================================================
Received Import Request.
  Time of request: 2026-09-20T00:01:44.4099782Z
  Time since last request: 0.000504 seconds.
  importAddress: GUID: bb86eea06f54fb24caa7046a8a764945 - Path: Packages/com.unity.ide.visualstudio/Editor/VisualStudioInstallation.cs - Importer: ScriptedImporter/UnityEditor.QuickSearchModule:UnityEditor.Search:ASIAI0B
Importing 'GUID: bb86eea06f54fb24caa7046a8a764945 - Path: Packages/com.unity.ide.visualstudio/Editor/VisualStudioInstallation.cs - Importer: ScriptedImporter/UnityEditor.QuickSearchModule:UnityEditor.Search:ASIAI0B' with importer (ScriptedImporter : UnityEditor.QuickSearchModule:UnityEditor.Search:ASIAI0B)
Imported 'GUID: bb86eea06f54fb24caa7046a8a764945' -> (Import Result ID: '4a892fa4469fe369a4cf1248f74d341a') in 0.004 seconds [static and dynamic dependencies]. Details - ImportResultOutputID=e3d99f256534eb2313c21f97a38f15d7 DependenciesID=4013a2e2e1fa4c03a4d4aa9b3d8f3fa5 StaticDependenciesID=467fc536258a9adf1efb9bdf1ef353c0 
Number of updated asset objects reloaded before import = 0
Number of asset objects unloaded after import = 0
========================================================================
Received Import Request.
  Time of request: 2026-09-20T00:01:44.4150414Z
  Time since last request: 0.000638 seconds.
  importAddress: GUID: c6c8b2f6152bd1348ae35f9f95719f75 - Path: Packages/com.unity.ide.visualstudio/Editor/AsyncOperation.cs - Importer: ScriptedImporter/UnityEditor.QuickSearchModule:UnityEditor.Search:ASIAI0B
Importing 'GUID: c6c8b2f6152bd1348ae35f9f95719f75 - Path: Packages/com.unity.ide.visualstudio/Editor/AsyncOperation.cs - Importer: ScriptedImporter/UnityEditor.QuickSearchModule:UnityEditor.Search:ASIAI0B' with importer (ScriptedImporter : UnityEditor.QuickSearchModule:UnityEditor.Search:ASIAI0B)
Imported 'GUID: c6c8b2f6152bd1348ae35f9f95719f75' -> (Import Result ID: '8b8428f9cc3d454b3e55422b97b6382f') in 0.005 seconds [static and dynamic dependencies]. Details - ImportResultOutputID=b10a97f89432ea006d47c8c474138385 DependenciesID=297adbdaf8ec5fc68fb557abd8b5a256 StaticDependenciesID=9b7224beb63ca27d13ae95dee8884756 
Number of updated asset objects reloaded before import = 0
Number of asset objects unloaded after import = 0
========================================================================
Received Import Request.
  Time of request: 2026-09-20T00:01:44.4207821Z
  Time since last request: 0.000603 seconds.
  importAddress: GUID: 40bf3cec17fa0b49fe04443c8332d638 - Path: Packages/com.unity.modules.jsonserialize/package.json - Importer: ScriptedImporter/UnityEditor.QuickSearchModule:UnityEditor.Search:ASIAI0B
Importing 'GUID: 40bf3cec17fa0b49fe04443c8332d638 - Path: Packages/com.unity.modules.jsonserialize/package.json - Importer: ScriptedImporter/UnityEditor.QuickSearchModule:UnityEditor.Search:ASIAI0B' with importer (ScriptedImporter : UnityEditor.QuickSearchModule:UnityEditor.Search:ASIAI0B)
Imported 'GUID: 40bf3cec17fa0b49fe04443c8332d638' -> (Import Result ID: '0b62b67715a0a7c981a9272ba17bb1c9') in 0.003 seconds [static and dynamic dependencies]. Details - ImportResultOutputID=d01a5d99b557107ac54e8b1a4c47333b DependenciesID=6253bb6d5998a4aeca7a06b189b25948 StaticDependenciesID=425159741468d21d134d0cbbc1308907 
Number of updated asset objects reloaded before import = 0
Number of asset objects unloaded after import = 1
========================================================================
Received Import Request.
  Time of request: 2026-09-20T00:01:44.4249437Z
  Time since last request: 0.0005477 seconds.
  importAddress: GUID: 0b59b40c84c6a5348a188c16b17c7b40 - Path: Packages/com.unity.ide.visualstudio/Editor/Testing/TestRunnerApiListener.cs - Importer: ScriptedImporter/UnityEditor.QuickSearchModule:UnityEditor.Search:ASIAI0B
Importing 'GUID: 0b59b40c84c6a5348a188c16b17c7b40 - Path: Packages/com.unity.ide.visualstudio/Editor/Testing/TestRunnerApiListener.cs - Importer: ScriptedImporter/UnityEditor.QuickSearchModule:UnityEditor.Search:ASIAI0B' with importer (ScriptedImporter : UnityEditor.QuickSearchModule:UnityEditor.Search:ASIAI0B)
Imported 'GUID: 0b59b40c84c6a5348a188c16b17c7b40' -> (Import Result ID: 'ccc0288d812ad052a9917041428fc2fa') in 0.003 seconds [static and dynamic dependencies]. Details - ImportResultOutputID=d726239be07cdc195deb1f584f60f769 DependenciesID=719ce95de721bf811be24e540f3043b4 StaticDependenciesID=9f9c6063822f0d345e1c596437560b0b 
Number of updated asset objects reloaded before import = 0
Number of asset objects unloaded after import = 0
========================================================================
Received Import Request.
  Time of request: 2026-09-20T00:01:44.4289048Z
  Time since last request: 0.0005881 seconds.
  importAddress: GUID: f3edbdc86577af648a23263aa75161e1 - Path: Packages/com.unity.ide.visualstudio/Editor/Messaging/MessageType.cs - Importer: ScriptedImporter/UnityEditor.QuickSearchModule:UnityEditor.Search:ASIAI0B
Importing 'GUID: f3edbdc86577af648a23263aa75161e1 - Path: Packages/com.unity.ide.visualstudio/Editor/Messaging/MessageType.cs - Importer: ScriptedImporter/UnityEditor.QuickSearchModule:UnityEditor.Search:ASIAI0B' with importer (ScriptedImporter : UnityEditor.QuickSearchModule:UnityEditor.Search:ASIAI0B)
Imported 'GUID: f3edbdc86577af648a23263aa75161e1' -> (Import Result ID: '381b74717ef4a46bcdcec1127810890b') in 0.007 seconds [static and dynamic dependencies]. Details - ImportResultOutputID=412f437cb71eaa9ab04802583623a994 DependenciesID=38539b03541c38f81baffe370ad1475c StaticDependenciesID=cfd2486ea24ebd3956137988a01e2cfc 
Number of updated asset objects reloaded before import = 0
Number of asset objects unloaded after import = 0
========================================================================
Received Import Request.
  Time of request: 2026-09-20T00:01:44.4372597Z
  Time since last request: 0.0007053 seconds.
  importAddress: GUID: 5a7aba2d3d458e04eb4210c0303fbf64 - Path: Packages/com.unity.ide.visualstudio/Editor/UsageUtility.cs - Importer: ScriptedImporter/UnityEditor.QuickSearchModule:UnityEditor.Search:ASIAI0B
Importing 'GUID: 5a7aba2d3d458e04eb4210c0303fbf64 - Path: Packages/com.unity.ide.visualstudio/Editor/UsageUtility.cs - Importer: ScriptedImporter/UnityEditor.QuickSearchModule:UnityEditor.Search:ASIAI0B' with importer (ScriptedImporter : UnityEditor.QuickSearchModule:UnityEditor.Search:ASIAI0B)
Imported 'GUID: 5a7aba2d3d458e04eb4210c0303fbf64' -> (Import Result ID: '97ad73109c146693d6032496a96a4738') in 0.004 seconds [static and dynamic dependencies]. Details - ImportResultOutputID=c8eb3e8e78a7655803c22250b30f707f DependenciesID=c5510ea95e168593899f4052615ad4d6 StaticDependenciesID=34956868acf755b8e688b093c3c3a436 
Number of updated asset objects reloaded before import = 0
Number of asset objects unloaded after import = 0
========================================================================
Received Import Request.
  Time of request: 2026-09-20T00:01:44.4427011Z
  Time since last request: 0.0006036 seconds.
  importAddress: GUID: d3cbe921f7b3d9a3257e7c61a5761796 - Path: Packages/com.unity.modules.terrainphysics/package.json - Importer: ScriptedImporter/UnityEditor.QuickSearchModule:UnityEditor.Search:ASIAI0B
Importing 'GUID: d3cbe921f7b3d9a3257e7c61a5761796 - Path: Packages/com.unity.modules.terrainphysics/package.json - Importer: ScriptedImporter/UnityEditor.QuickSearchModule:UnityEditor.Search:ASIAI0B' with importer (ScriptedImporter : UnityEditor.QuickSearchModule:UnityEditor.Search:ASIAI0B)
Imported 'GUID: d3cbe921f7b3d9a3257e7c61a5761796' -> (Import Result ID: '05b76339ac164e09adae8992d964310a') in 0.004 seconds [static and dynamic dependencies]. Details - ImportResultOutputID=29c58d66751839c508a8a62eb96efb6b DependenciesID=b87c723f936a98967ca8849ece4fc4b0 StaticDependenciesID=b157dca3c56a913341106c5eca26665f 
Number of updated asset objects reloaded before import = 0
Number of asset objects unloaded after import = 1
========================================================================
Received Import Request.
  Time of request: 2026-09-20T00:01:44.4475707Z
  Time since last request: 0.0006426 seconds.
  importAddress: GUID: 9f3705b95d031e84c82f140d8e980867 - Path: Packages/com.unity.ide.visualstudio/Editor/ProjectGeneration/ProjectGeneration.cs - Importer: ScriptedImporter/UnityEditor.QuickSearchModule:UnityEditor.Search:ASIAI0B
Importing 'GUID: 9f3705b95d031e84c82f140d8e980867 - Path: Packages/com.unity.ide.visualstudio/Editor/ProjectGeneration/ProjectGeneration.cs - Importer: ScriptedImporter/UnityEditor.QuickSearchModule:UnityEditor.Search:ASIAI0B' with importer (ScriptedImporter : UnityEditor.QuickSearchModule:UnityEditor.Search:ASIAI0B)
Imported 'GUID: 9f3705b95d031e84c82f140d8e980867' -> (Import Result ID: '9606fbb7b041168a0a8b91fbc9a15f83') in 0.004 seconds [static and dynamic dependencies]. Details - ImportResultOutputID=fd71ad8f832f938159b84bc11a5ff070 DependenciesID=70f708509a8128c626d1b197c9a42e07 StaticDependenciesID=26e35ed4a21dd31e0bc75ac2774e36d5 
Number of updated asset objects reloaded before import = 0
Number of asset objects unloaded after import = 0
========================================================================
Received Import Request.
  Time of request: 2026-09-20T00:01:44.452992Z
  Time since last request: 0.0006879 seconds.
  importAddress: GUID: abe003ac6fee32e4892100a78f555011 - Path: Packages/com.unity.ide.visualstudio/Editor/Discovery.cs - Importer: ScriptedImporter/UnityEditor.QuickSearchModule:UnityEditor.Search:ASIAI0B
Importing 'GUID: abe003ac6fee32e4892100a78f555011 - Path: Packages/com.unity.ide.visualstudio/Editor/Discovery.cs - Importer: ScriptedImporter/UnityEditor.QuickSearchModule:UnityEditor.Search:ASIAI0B' with importer (ScriptedImporter : UnityEditor.QuickSearchModule:UnityEditor.Search:ASIAI0B)
Imported 'GUID: abe003ac6fee32e4892100a78f555011' -> (Import Result ID: '439bc591b3a57a9e4791c38237e1cc8e') in 0.003 seconds [static and dynamic dependencies]. Details - ImportResultOutputID=5a26a23ac069eacf52f1c9e9ff36175e DependenciesID=397b7f23c2639b4629dfc3750e208992 StaticDependenciesID=027fd7bb1fbb5bd36ed8b7ebec961dec 
Number of updated asset objects reloaded before import = 0
Number of asset objects unloaded after import = 0
========================================================================
Received Import Request.
  Time of request: 2026-09-20T00:01:44.4571783Z
  Time since last request: 0.0005718 seconds.
  importAddress: GUID: 6f1dc05fb6e7d3e4f89ae9ca482735be - Path: Packages/com.unity.ide.visualstudio/Editor/FileUtility.cs - Importer: ScriptedImporter/UnityEditor.QuickSearchModule:UnityEditor.Search:ASIAI0B
Importing 'GUID: 6f1dc05fb6e7d3e4f89ae9ca482735be - Path: Packages/com.unity.ide.visualstudio/Editor/FileUtility.cs - Importer: ScriptedImporter/UnityEditor.QuickSearchModule:UnityEditor.Search:ASIAI0B' with importer (ScriptedImporter : UnityEditor.QuickSearchModule:UnityEditor.Search:ASIAI0B)
Imported 'GUID: 6f1dc05fb6e7d3e4f89ae9ca482735be' -> (Import Result ID: 'bf3c479b6149ecbd94350e5a45001960') in 0.003 seconds [static and dynamic dependencies]. Details - ImportResultOutputID=8da4905c8998db7931568405d6332b05 DependenciesID=54d2f84faa02435fc71d45f0d7885ed3 StaticDependenciesID=58f9e05f729a494555e7057f9be6bbba 
Number of updated asset objects reloaded before import = 0
Number of asset objects unloaded after import = 0
========================================================================
Received Import Request.
  Time of request: 2026-09-20T00:01:44.461202Z
  Time since last request: 0.0005701 seconds.
  importAddress: GUID: c94f13e05ef0a7a49bdd39f197f39e5e - Path: Packages/com.unity.ide.visualstudio/Editor/ProjectGeneration/GeneratorFactory.cs - Importer: ScriptedImporter/UnityEditor.QuickSearchModule:UnityEditor.Search:ASIAI0B
Importing 'GUID: c94f13e05ef0a7a49bdd39f197f39e5e - Path: Packages/com.unity.ide.visualstudio/Editor/ProjectGeneration/GeneratorFactory.cs - Importer: ScriptedImporter/UnityEditor.QuickSearchModule:UnityEditor.Search:ASIAI0B' with importer (ScriptedImporter : UnityEditor.QuickSearchModule:UnityEditor.Search:ASIAI0B)
Imported 'GUID: c94f13e05ef0a7a49bdd39f197f39e5e' -> (Import Result ID: 'b8de01dfb9da2b8dcb14ee179a161fd7') in 0.007 seconds [static and dynamic dependencies]. Details - ImportResultOutputID=357a8056e4bb1c999acf5e4cafff0ed3 DependenciesID=91e47787ed91eed343d54a6166b11cd3 StaticDependenciesID=ed37eeee5e58c18ef76bbeb50cf76516 
Number of updated asset objects reloaded before import = 0
Number of asset objects unloaded after import = 0
========================================================================
Received Import Request.
  Time of request: 2026-09-20T00:01:44.4689628Z
  Time since last request: 0.0008064 seconds.
  importAddress: GUID: 7809f42f64c877f4b90ac233e5ec2372 - Path: Packages/com.unity.ide.visualstudio/ThirdPartyNotices.md - Importer: ScriptedImporter/UnityEditor.QuickSearchModule:UnityEditor.Search:ASIAI0B
Importing 'GUID: 7809f42f64c877f4b90ac233e5ec2372 - Path: Packages/com.unity.ide.visualstudio/ThirdPartyNotices.md - Importer: ScriptedImporter/UnityEditor.QuickSearchModule:UnityEditor.Search:ASIAI0B' with importer (ScriptedImporter : UnityEditor.QuickSearchModule:UnityEditor.Search:ASIAI0B)
Imported 'GUID: 7809f42f64c877f4b90ac233e5ec2372' -> (Import Result ID: 'f2a494d3fc99db5e564b1be59d9e261f') in 0.004 seconds [static and dynamic dependencies]. Details - ImportResultOutputID=1ea881061fe32b6fd101f67e37abfbdf DependenciesID=cd535503b91dfe73729f09eb055797e8 StaticDependenciesID=5727ad3f3d1e3b3f9debc1ed0faeaae6 
Number of updated asset objects reloaded before import = 0
Number of asset objects unloaded after import = 1
========================================================================
Received Import Request.
  Time of request: 2026-09-20T00:01:44.4742437Z
  Time since last request: 0.0007374 seconds.
  importAddress: GUID: f6674c38820d12a49ac116d416521d85 - Path: Packages/com.unity.ide.visualstudio/Editor/Messaging/TcpClient.cs - Importer: ScriptedImporter/UnityEditor.QuickSearchModule:UnityEditor.Search:ASIAI0B
Importing 'GUID: f6674c38820d12a49ac116d416521d85 - Path: Packages/com.unity.ide.visualstudio/Editor/Messaging/TcpClient.cs - Importer: ScriptedImporter/UnityEditor.QuickSearchModule:UnityEditor.Search:ASIAI0B' with importer (ScriptedImporter : UnityEditor.QuickSearchModule:UnityEditor.Search:ASIAI0B)
Imported 'GUID: f6674c38820d12a49ac116d416521d85' -> (Import Result ID: 'f373adb5058d101d4bf1c241b6f8c34a') in 0.004 seconds [static and dynamic dependencies]. Details - ImportResultOutputID=bb472ff77ca03fc4d6dee68bb16cf78c DependenciesID=73078191b10c95768b87072bd80c1a48 StaticDependenciesID=ac80db3cb52bcf367f6ee29853421987 
Number of updated asset objects reloaded before import = 0
Number of asset objects unloaded after import = 0
========================================================================
Received Import Request.
  Time of request: 2026-09-20T00:01:44.4796519Z
  Time since last request: 0.0007215 seconds.
  importAddress: GUID: d0e3ad91972c66f5238f5b9b7d5ae58a - Path: Packages/com.unity.modules.unitywebrequesttexture/package.json - Importer: ScriptedImporter/UnityEditor.QuickSearchModule:UnityEditor.Search:ASIAI0B
Importing 'GUID: d0e3ad91972c66f5238f5b9b7d5ae58a - Path: Packages/com.unity.modules.unitywebrequesttexture/package.json - Importer: ScriptedImporter/UnityEditor.QuickSearchModule:UnityEditor.Search:ASIAI0B' with importer (ScriptedImporter : UnityEditor.QuickSearchModule:UnityEditor.Search:ASIAI0B)
Imported 'GUID: d0e3ad91972c66f5238f5b9b7d5ae58a' -> (Import Result ID: '4974ee6700615e4e83271bfe3648dfce') in 0.005 seconds [static and dynamic dependencies]. Details - ImportResultOutputID=29e5bdd0a69fc80a96e6c214310c1cc5 DependenciesID=83ee0db0ad74f3d94604f8deb4353b54 StaticDependenciesID=cd7510f370561eaeba51a6169378c7d3 
Number of updated asset objects reloaded before import = 0
Number of asset objects unloaded after import = 1
========================================================================
Received Import Request.
  Time of request: 2026-09-20T00:01:44.4861999Z
  Time since last request: 0.0007167 seconds.
  importAddress: GUID: 1be5c96ff30e6ec40876f28fd9ab7e24 - Path: Packages/com.unity.ide.visualstudio/Editor/VisualStudioCodeInstallation.cs - Importer: ScriptedImporter/UnityEditor.QuickSearchModule:UnityEditor.Search:ASIAI0B
Importing 'GUID: 1be5c96ff30e6ec40876f28fd9ab7e24 - Path: Packages/com.unity.ide.visualstudio/Editor/VisualStudioCodeInstallation.cs - Importer: ScriptedImporter/UnityEditor.QuickSearchModule:UnityEditor.Search:ASIAI0B' with importer (ScriptedImporter : UnityEditor.QuickSearchModule:UnityEditor.Search:ASIAI0B)
Imported 'GUID: 1be5c96ff30e6ec40876f28fd9ab7e24' -> (Import Result ID: 'ab41f273f0111a6691fdcb0eff710b14') in 0.005 seconds [static and dynamic dependencies]. Details - ImportResultOutputID=9e9e99eb73dfff7b7cea8b7bce00fd02 DependenciesID=bb921c4000f6868b4916f7cbb44e5c72 StaticDependenciesID=4068ad59519b921e8a3221d1d7e8e9de 
Number of updated asset objects reloaded before import = 0
Number of asset objects unloaded after import = 0
========================================================================
Received Import Request.
  Time of request: 2026-09-20T00:01:44.4921733Z
  Time since last request: 0.0007185 seconds.
  importAddress: GUID: 3eda7a83649158546826efb3ffe6c1e3 - Path: Packages/com.unity.ide.visualstudio/Editor/Messaging/Deserializer.cs - Importer: ScriptedImporter/UnityEditor.QuickSearchModule:UnityEditor.Search:ASIAI0B
Importing 'GUID: 3eda7a83649158546826efb3ffe6c1e3 - Path: Packages/com.unity.ide.visualstudio/Editor/Messaging/Deserializer.cs - Importer: ScriptedImporter/UnityEditor.QuickSearchModule:UnityEditor.Search:ASIAI0B' with importer (ScriptedImporter : UnityEditor.QuickSearchModule:UnityEditor.Search:ASIAI0B)
Imported 'GUID: 3eda7a83649158546826efb3ffe6c1e3' -> (Import Result ID: '6b0344b9eae3a196ecaefe59468b1726') in 0.005 seconds [static and dynamic dependencies]. Details - ImportResultOutputID=3f2ca58082bbaccebe17e3bd88eb55e8 DependenciesID=433bc8a28d5bfb05d8a6b9f83b8995ea StaticDependenciesID=a9d1224e22905e5b220d0eb84803ae9d 
Number of updated asset objects reloaded before import = 0
Number of asset objects unloaded after import = 0
========================================================================
Received Import Request.
  Time of request: 2026-09-20T00:01:44.4982856Z
  Time since last request: 0.0007196 seconds.
  importAddress: GUID: e6a135e3ea9cb46795d1b0e05ac3e1e5 - Path: Packages/com.unity.modules.jsonserialize/package.ModuleCompilationTrigger - Importer: ScriptedImporter/UnityEditor.QuickSearchModule:UnityEditor.Search:ASIAI0B
Importing 'GUID: e6a135e3ea9cb46795d1b0e05ac3e1e5 - Path: Packages/com.unity.modules.jsonserialize/package.ModuleCompilationTrigger - Importer: ScriptedImporter/UnityEditor.QuickSearchModule:UnityEditor.Search:ASIAI0B' with importer (ScriptedImporter : UnityEditor.QuickSearchModule:UnityEditor.Search:ASIAI0B)
Imported 'GUID: e6a135e3ea9cb46795d1b0e05ac3e1e5' -> (Import Result ID: 'b9f04aa2d80b199d06487732e2b20022') in 0.011 seconds [static and dynamic dependencies]. Details - ImportResultOutputID=72f55ef900618cba22a45ecd098f2f2b DependenciesID=e80b45e33260ed103a9733b95ec7d82b StaticDependenciesID=d99bba657fde8632fe079a9a1f22f8d3 
Number of updated asset objects reloaded before import = 0
Number of asset objects unloaded after import = 1
========================================================================
Received Import Request.
  Time of request: 2026-09-20T00:01:44.5103476Z
  Time since last request: 0.0008835 seconds.
  importAddress: GUID: f47f2d030bc1d415a8d15a51dbcc39a2 - Path: Packages/com.unity.ide.visualstudio/Editor/Testing/TestResultAdaptor.cs - Importer: ScriptedImporter/UnityEditor.QuickSearchModule:UnityEditor.Search:ASIAI0B
Importing 'GUID: f47f2d030bc1d415a8d15a51dbcc39a2 - Path: Packages/com.unity.ide.visualstudio/Editor/Testing/TestResultAdaptor.cs - Importer: ScriptedImporter/UnityEditor.QuickSearchModule:UnityEditor.Search:ASIAI0B' with importer (ScriptedImporter : UnityEditor.QuickSearchModule:UnityEditor.Search:ASIAI0B)
Imported 'GUID: f47f2d030bc1d415a8d15a51dbcc39a2' -> (Import Result ID: 'bd81ae808667b95dbe3f2a0b99233496') in 0.005 seconds [static and dynamic dependencies]. Details - ImportResultOutputID=6041473fbdf1006102bae46611cd3c96 DependenciesID=e48532a3482ae0577508ef920b5e1e97 StaticDependenciesID=bf19d7995d2d712e48ae387583ac19bb 
Number of updated asset objects reloaded before import = 0
Number of asset objects unloaded after import = 0
========================================================================
Received Import Request.
  Time of request: 2026-09-20T00:01:44.5177295Z
  Time since last request: 0.0015775 seconds.
  importAddress: GUID: 957a5f2d2660a894d926660de2a9d577 - Path: Packages/com.unity.ide.visualstudio/Editor/ProcessRunner.cs - Importer: ScriptedImporter/UnityEditor.QuickSearchModule:UnityEditor.Search:ASIAI0B
Importing 'GUID: 957a5f2d2660a894d926660de2a9d577 - Path: Packages/com.unity.ide.visualstudio/Editor/ProcessRunner.cs - Importer: ScriptedImporter/UnityEditor.QuickSearchModule:UnityEditor.Search:ASIAI0B' with importer (ScriptedImporter : UnityEditor.QuickSearchModule:UnityEditor.Search:ASIAI0B)
Imported 'GUID: 957a5f2d2660a894d926660de2a9d577' -> (Import Result ID: '75058a46ca25945a9dd0625b9ba2c38b') in 0.005 seconds [static and dynamic dependencies]. Details - ImportResultOutputID=399152e6c8ebd63c8f57d45301e0b1f2 DependenciesID=33b70015e98d1fc811e1a6c7f5f212f0 StaticDependenciesID=e437f89a0099a43f41694a0354453f72 
Number of updated asset objects reloaded before import = 0
Number of asset objects unloaded after import = 0
========================================================================
Received Import Request.
  Time of request: 2026-09-20T00:01:44.5241721Z
  Time since last request: 0.0002276 seconds.
  importAddress: GUID: b93f844d45cfcc44fa2b0eed5c9ec6bb - Path: Packages/com.unity.ide.visualstudio/Editor/com.unity.ide.visualstudio.asmdef - Importer: ScriptedImporter/UnityEditor.QuickSearchModule:UnityEditor.Search:ASIAI0B
Importing 'GUID: b93f844d45cfcc44fa2b0eed5c9ec6bb - Path: Packages/com.unity.ide.visualstudio/Editor/com.unity.ide.visualstudio.asmdef - Importer: ScriptedImporter/UnityEditor.QuickSearchModule:UnityEditor.Search:ASIAI0B' with importer (ScriptedImporter : UnityEditor.QuickSearchModule:UnityEditor.Search:ASIAI0B)
Imported 'GUID: b93f844d45cfcc44fa2b0eed5c9ec6bb' -> (Import Result ID: '4eab8473580b7357665490a085fb5f28') in 0.006 seconds [static and dynamic dependencies]. Details - ImportResultOutputID=d2c94402f20050ee17054ae6c338d2ac DependenciesID=a43241a88e9ca4497a68ecb9d98eb4cc StaticDependenciesID=0e73354e6306cf9e32275927a649535b 
Number of updated asset objects reloaded before import = 0
Number of asset objects unloaded after import = 1
========================================================================
Received Import Request.
  Time of request: 2026-09-20T00:01:44.5323972Z
  Time since last request: 0.0012853 seconds.
  importAddress: GUID: eeb21ffd7b0188542b348935f4b04fe8 - Path: Packages/com.unity.ide.visualstudio/Editor/ProjectGeneration/TypeCacheHelper.cs - Importer: ScriptedImporter/UnityEditor.QuickSearchModule:UnityEditor.Search:ASIAI0B
Importing 'GUID: eeb21ffd7b0188542b348935f4b04fe8 - Path: Packages/com.unity.ide.visualstudio/Editor/ProjectGeneration/TypeCacheHelper.cs - Importer: ScriptedImporter/UnityEditor.QuickSearchModule:UnityEditor.Search:ASIAI0B' with importer (ScriptedImporter : UnityEditor.QuickSearchModule:UnityEditor.Search:ASIAI0B)
Imported 'GUID: eeb21ffd7b0188542b348935f4b04fe8' -> (Import Result ID: '8acc7e46f90f8ebf4d9e6cc1a60ded14') in 0.005 seconds [static and dynamic dependencies]. Details - ImportResultOutputID=5639034fe8bc54482bb414f97b9969fa DependenciesID=dd758081d86f6c7c7935d99f9a08c899 StaticDependenciesID=c4f131be39acb359ff0a2f148e3f8bd1 
Number of updated asset objects reloaded before import = 0
Number of asset objects unloaded after import = 0
========================================================================
Received Import Request.
  Time of request: 2026-09-20T00:01:44.5385439Z
  Time since last request: 0.0005531 seconds.
  importAddress: GUID: 275143c81d816ef4286fdc67aabc20c8 - Path: Packages/com.unity.ide.visualstudio/Editor/Messaging/MessageEventArgs.cs - Importer: ScriptedImporter/UnityEditor.QuickSearchModule:UnityEditor.Search:ASIAI0B
Importing 'GUID: 275143c81d816ef4286fdc67aabc20c8 - Path: Packages/com.unity.ide.visualstudio/Editor/Messaging/MessageEventArgs.cs - Importer: ScriptedImporter/UnityEditor.QuickSearchModule:UnityEditor.Search:ASIAI0B' with importer (ScriptedImporter : UnityEditor.QuickSearchModule:UnityEditor.Search:ASIAI0B)
Imported 'GUID: 275143c81d816ef4286fdc67aabc20c8' -> (Import Result ID: 'dc3051daa2411e5eb0645540fa5f3f79') in 0.006 seconds [static and dynamic dependencies]. Details - ImportResultOutputID=0932a2cacb5d2638975e7c589cfac014 DependenciesID=aa16bd1caafbda8c8c58bea56e94416d StaticDependenciesID=09cbc6e9c71040d2867f530cf9e9cb91 
Number of updated asset objects reloaded before import = 0
Number of asset objects unloaded after import = 0
========================================================================
Received Import Request.
  Time of request: 2026-09-20T00:01:44.5453505Z
  Time since last request: 0.0006925 seconds.
  importAddress: GUID: 7652904b1008e324fb7cfb952ea87656 - Path: Packages/com.unity.ide.visualstudio/Editor/ProjectGeneration/GUIDProvider.cs - Importer: ScriptedImporter/UnityEditor.QuickSearchModule:UnityEditor.Search:ASIAI0B
Importing 'GUID: 7652904b1008e324fb7cfb952ea87656 - Path: Packages/com.unity.ide.visualstudio/Editor/ProjectGeneration/GUIDProvider.cs - Importer: ScriptedImporter/UnityEditor.QuickSearchModule:UnityEditor.Search:ASIAI0B' with importer (ScriptedImporter : UnityEditor.QuickSearchModule:UnityEditor.Search:ASIAI0B)
Imported 'GUID: 7652904b1008e324fb7cfb952ea87656' -> (Import Result ID: '9253822c63375b3d71a954547d7d4aa5') in 0.006 seconds [static and dynamic dependencies]. Details - ImportResultOutputID=3786491273773388e3329acb971e27b9 DependenciesID=23f9be7777f02510fb55901d8f63aff4 StaticDependenciesID=61c30044949308906499ba5ff839ee02 
Number of updated asset objects reloaded before import = 0
Number of asset objects unloaded after import = 0
========================================================================
Received Import Request.
  Time of request: 2026-09-20T00:01:44.5524748Z
  Time since last request: 0.0008628 seconds.
  importAddress: GUID: 38cb3a4a17d2cfd41926da95ce675934 - Path: Packages/com.unity.ide.visualstudio/Editor/Messaging/UdpSocket.cs - Importer: ScriptedImporter/UnityEditor.QuickSearchModule:UnityEditor.Search:ASIAI0B
Importing 'GUID: 38cb3a4a17d2cfd41926da95ce675934 - Path: Packages/com.unity.ide.visualstudio/Editor/Messaging/UdpSocket.cs - Importer: ScriptedImporter/UnityEditor.QuickSearchModule:UnityEditor.Search:ASIAI0B' with importer (ScriptedImporter : UnityEditor.QuickSearchModule:UnityEditor.Search:ASIAI0B)
Imported 'GUID: 38cb3a4a17d2cfd41926da95ce675934' -> (Import Result ID: 'b7f626e5e837a59828f0a2f48c13aa40') in 0.005 seconds [static and dynamic dependencies]. Details - ImportResultOutputID=9c862745c9f6b7ccff8986960559160e DependenciesID=318590716513f96b1d8da307ba4db6f2 StaticDependenciesID=98d13f0b800dae2669348249d6492a23 
Number of updated asset objects reloaded before import = 0
Number of asset objects unloaded after import = 0
========================================================================
Received Import Request.
  Time of request: 2026-09-20T00:01:44.5585053Z
  Time since last request: 0.0006958 seconds.
  importAddress: GUID: 57537f08f8e923f488e4aadabb831c9b - Path: Packages/com.unity.ide.visualstudio/Editor/ProjectGeneration/AssemblyNameProvider.cs - Importer: ScriptedImporter/UnityEditor.QuickSearchModule:UnityEditor.Search:ASIAI0B
Importing 'GUID: 57537f08f8e923f488e4aadabb831c9b - Path: Packages/com.unity.ide.visualstudio/Editor/ProjectGeneration/AssemblyNameProvider.cs - Importer: ScriptedImporter/UnityEditor.QuickSearchModule:UnityEditor.Search:ASIAI0B' with importer (ScriptedImporter : UnityEditor.QuickSearchModule:UnityEditor.Search:ASIAI0B)
Imported 'GUID: 57537f08f8e923f488e4aadabb831c9b' -> (Import Result ID: '0b2b72b9eb2f4822f2c63bbad137d4c3') in 0.005 seconds [static and dynamic dependencies]. Details - ImportResultOutputID=d9ca4c3f6786a7f65ebab82dd8128fd0 DependenciesID=6ba786978cdfd74e2058d024859bf6ea StaticDependenciesID=2e04f804cfa74be9868fcf3c056300ca 
Number of updated asset objects reloaded before import = 0
Number of asset objects unloaded after import = 0
========================================================================
Received Import Request.
  Time of request: 2026-09-20T00:01:44.5645996Z
  Time since last request: 0.0006613 seconds.
  importAddress: GUID: 92a378669877c05c6071d0fed687bb95 - Path: Packages/com.unity.modules.tilemap/package.json - Importer: ScriptedImporter/UnityEditor.QuickSearchModule:UnityEditor.Search:ASIAI0B
Importing 'GUID: 92a378669877c05c6071d0fed687bb95 - Path: Packages/com.unity.modules.tilemap/package.json - Importer: ScriptedImporter/UnityEditor.QuickSearchModule:UnityEditor.Search:ASIAI0B' with importer (ScriptedImporter : UnityEditor.QuickSearchModule:UnityEditor.Search:ASIAI0B)
Imported 'GUID: 92a378669877c05c6071d0fed687bb95' -> (Import Result ID: '3a4221d678a6e464c070699772cfe8ea') in 0.006 seconds [static and dynamic dependencies]. Details - ImportResultOutputID=5ba6042609948a48e3ba5022519616e2 DependenciesID=97c59db7e6597f743973bbc4010621d6 StaticDependenciesID=35e02e1e4f4f92485777d29e13156f1e 
Number of updated asset objects reloaded before import = 0
Number of asset objects unloaded after import = 1
========================================================================
Received Import Request.
  Time of request: 2026-09-20T00:01:44.5764913Z
  Time since last request: 0.005817 seconds.
  importAddress: GUID: 2b301b727225f1941974d69e61a55620 - Path: Packages/com.unity.test-framework/UnityEditor.TestRunner/TestRunnerWindowSettings.cs - Importer: ScriptedImporter/UnityEditor.QuickSearchModule:UnityEditor.Search:ASIAI0B
Importing 'GUID: 2b301b727225f1941974d69e61a55620 - Path: Packages/com.unity.test-framework/UnityEditor.TestRunner/TestRunnerWindowSettings.cs - Importer: ScriptedImporter/UnityEditor.QuickSearchModule:UnityEditor.Search:ASIAI0B' with importer (ScriptedImporter : UnityEditor.QuickSearchModule:UnityEditor.Search:ASIAI0B)
Imported 'GUID: 2b301b727225f1941974d69e61a55620' -> (Import Result ID: '420d485da3a8f3023ba052db21debe20') in 0.006 seconds [static and dynamic dependencies]. Details - ImportResultOutputID=aa4db2296413b8d54c4b410ac57c380a DependenciesID=001085a41835e167f1cf26260a88a8be StaticDependenciesID=319ac2de859e8a596689f89d7d14b674 
Number of updated asset objects reloaded before import = 0
Number of asset objects unloaded after import = 0
========================================================================
Received Import Request.
  Time of request: 2026-09-20T00:01:44.583521Z
  Time since last request: 0.0009494 seconds.
  importAddress: GUID: 3ec7596410385054a9e0bc90377fbe63 - Path: Packages/com.unity.test-framework/LICENSE.md - Importer: ScriptedImporter/UnityEditor.QuickSearchModule:UnityEditor.Search:ASIAI0B
Importing 'GUID: 3ec7596410385054a9e0bc90377fbe63 - Path: Packages/com.unity.test-framework/LICENSE.md - Importer: ScriptedImporter/UnityEditor.QuickSearchModule:UnityEditor.Search:ASIAI0B' with importer (ScriptedImporter : UnityEditor.QuickSearchModule:UnityEditor.Search:ASIAI0B)
Imported 'GUID: 3ec7596410385054a9e0bc90377fbe63' -> (Import Result ID: 'f6877cb04ba32056bb16fa00483bba3a') in 0.005 seconds [static and dynamic dependencies]. Details - ImportResultOutputID=ffff9b4030bdb3ce0b3ac4618680edad DependenciesID=bfcfe7ceab6d882d97a3059ebd6f6942 StaticDependenciesID=e81abb57f442417729aebea5fd765cb7 
Number of updated asset objects reloaded before import = 0
Number of asset objects unloaded after import = 1
========================================================================
Received Import Request.
  Time of request: 2026-09-20T00:01:44.5895573Z
  Time since last request: 0.0005762 seconds.
  importAddress: GUID: be13c398521e3c1ad21fb9da30ab2ab6 - Path: Packages/com.unity.modules.imgui/package.ModuleCompilationTrigger - Importer: ScriptedImporter/UnityEditor.QuickSearchModule:UnityEditor.Search:ASIAI0B
Importing 'GUID: be13c398521e3c1ad21fb9da30ab2ab6 - Path: Packages/com.unity.modules.imgui/package.ModuleCompilationTrigger - Importer: ScriptedImporter/UnityEditor.QuickSearchModule:UnityEditor.Search:ASIAI0B' with importer (ScriptedImporter : UnityEditor.QuickSearchModule:UnityEditor.Search:ASIAI0B)
Imported 'GUID: be13c398521e3c1ad21fb9da30ab2ab6' -> (Import Result ID: '57ba410c4cf81ac6fcf1665fb8e753f4') in 0.004 seconds [static and dynamic dependencies]. Details - ImportResultOutputID=9a8fe15ccd013acf56f5e67d8834f629 DependenciesID=0a651581b9531447e1196f0893a80720 StaticDependenciesID=0d3a12acdf94949a491ad45a8826d353 
Number of updated asset objects reloaded before import = 0
Number of asset objects unloaded after import = 1
========================================================================
Received Import Request.
  Time of request: 2026-09-20T00:01:44.5948583Z
  Time since last request: 0.0005244 seconds.
  importAddress: GUID: 585c3fb85b32bd64e8814074e754163e - Path: Packages/com.unity.ide.visualstudio/Editor/VSWhere/vswhere.exe - Importer: ScriptedImporter/UnityEditor.QuickSearchModule:UnityEditor.Search:ASIAI0B
Importing 'GUID: 585c3fb85b32bd64e8814074e754163e - Path: Packages/com.unity.ide.visualstudio/Editor/VSWhere/vswhere.exe - Importer: ScriptedImporter/UnityEditor.QuickSearchModule:UnityEditor.Search:ASIAI0B' with importer (ScriptedImporter : UnityEditor.QuickSearchModule:UnityEditor.Search:ASIAI0B)
Imported 'GUID: 585c3fb85b32bd64e8814074e754163e' -> (Import Result ID: 'bac9ef6759dd9b817f602ba19e80931d') in 0.005 seconds [static and dynamic dependencies]. Details - ImportResultOutputID=fc0f4e347701dec2f0b33eb8fe0cfb8a DependenciesID=e0f5cca574c89535d11b419dcd54c439 StaticDependenciesID=f64fbc672e7092fd75ca6bf9bdae8693 
Number of updated asset objects reloaded before import = 0
Number of asset objects unloaded after import = 1
========================================================================
Received Import Request.
  Time of request: 2026-09-20T00:01:44.6019522Z
  Time since last request: 0.0012341 seconds.
  importAddress: GUID: 9db19a04003fca7439552acd4de9baa1 - Path: Packages/com.unity.test-framework/UnityEditor.TestRunner/AssemblyInfo.cs - Importer: ScriptedImporter/UnityEditor.QuickSearchModule:UnityEditor.Search:ASIAI0B
Importing 'GUID: 9db19a04003fca7439552acd4de9baa1 - Path: Packages/com.unity.test-framework/UnityEditor.TestRunner/AssemblyInfo.cs - Importer: ScriptedImporter/UnityEditor.QuickSearchModule:UnityEditor.Search:ASIAI0B' with importer (ScriptedImporter : UnityEditor.QuickSearchModule:UnityEditor.Search:ASIAI0B)
Imported 'GUID: 9db19a04003fca7439552acd4de9baa1' -> (Import Result ID: '9019d7f63f8b6279ef22e1d90d0cb2bc') in 0.004 seconds [static and dynamic dependencies]. Details - ImportResultOutputID=2c963d01871ff8845d20b94f5b9ccec2 DependenciesID=923f327769143fece6e188aea2d368d0 StaticDependenciesID=713c2c22b2c509fca7dd9601cbd5782c 
Number of updated asset objects reloaded before import = 0
Number of asset objects unloaded after import = 0
========================================================================
Received Import Request.
  Time of request: 2026-09-20T00:01:44.6066588Z
  Time since last request: 0.0006106 seconds.
  importAddress: GUID: 222fc39b0c85d800342910da2cd64781 - Path: Packages/com.unity.modules.assetbundle/package.ModuleCompilationTrigger - Importer: ScriptedImporter/UnityEditor.QuickSearchModule:UnityEditor.Search:ASIAI0B
Importing 'GUID: 222fc39b0c85d800342910da2cd64781 - Path: Packages/com.unity.modules.assetbundle/package.ModuleCompilationTrigger - Importer: ScriptedImporter/UnityEditor.QuickSearchModule:UnityEditor.Search:ASIAI0B' with importer (ScriptedImporter : UnityEditor.QuickSearchModule:UnityEditor.Search:ASIAI0B)
Imported 'GUID: 222fc39b0c85d800342910da2cd64781' -> (Import Result ID: '9d110c0a859425703cb1de6cb59f4d11') in 0.003 seconds [static and dynamic dependencies]. Details - ImportResultOutputID=4fe55051ca10f0dd3010ab33a50fcbdc DependenciesID=ddb6a4ee60640a1b9fb3813b9b0ad820 StaticDependenciesID=a13454118ed145dfd66fb2aadcf7d1d0 
Number of updated asset objects reloaded before import = 0
Number of asset objects unloaded after import = 1
========================================================================
Received Import Request.
  Time of request: 2026-09-20T00:01:44.6107096Z
  Time since last request: 0.0005586 seconds.
  importAddress: GUID: e1ef8466c8fd01a549f10baa4d51fa17 - Path: Packages/com.unity.modules.assetbundle/package.json - Importer: ScriptedImporter/UnityEditor.QuickSearchModule:UnityEditor.Search:ASIAI0B
Importing 'GUID: e1ef8466c8fd01a549f10baa4d51fa17 - Path: Packages/com.unity.modules.assetbundle/package.json - Importer: ScriptedImporter/UnityEditor.QuickSearchModule:UnityEditor.Search:ASIAI0B' with importer (ScriptedImporter : UnityEditor.QuickSearchModule:UnityEditor.Search:ASIAI0B)
Imported 'GUID: e1ef8466c8fd01a549f10baa4d51fa17' -> (Import Result ID: '4e2e9a023bc208aabd6c307f58c07864') in 0.004 seconds [static and dynamic dependencies]. Details - ImportResultOutputID=aeebf8978a2595aa94917f3971facf86 DependenciesID=d4475f1719aa43877bfc2afb58c7a3b2 StaticDependenciesID=5dabe7362c20c202b77fe5a7e34c0af6 
Number of updated asset objects reloaded before import = 0
Number of asset objects unloaded after import = 1
========================================================================
Received Import Request.
  Time of request: 2026-09-20T00:01:44.6160627Z
  Time since last request: 0.0006964 seconds.
  importAddress: GUID: 3411e19edd44cfd46b548b058c3bc36c - Path: Packages/com.unity.test-framework/UnityEditor.TestRunner/TestBuildAssemblyFilter.cs - Importer: ScriptedImporter/UnityEditor.QuickSearchModule:UnityEditor.Search:ASIAI0B
Importing 'GUID: 3411e19edd44cfd46b548b058c3bc36c - Path: Packages/com.unity.test-framework/UnityEditor.TestRunner/TestBuildAssemblyFilter.cs - Importer: ScriptedImporter/UnityEditor.QuickSearchModule:UnityEditor.Search:ASIAI0B' with importer (ScriptedImporter : UnityEditor.QuickSearchModule:UnityEditor.Search:ASIAI0B)
Imported 'GUID: 3411e19edd44cfd46b548b058c3bc36c' -> (Import Result ID: 'ea04e462eafd7d0c7e8d9d7b9ff31fed') in 0.005 seconds [static and dynamic dependencies]. Details - ImportResultOutputID=cba4426775dd6f1c167fede69af906c7 DependenciesID=9e4f0933600dadca16d3459ed6251461 StaticDependenciesID=cf82edfe7af0476dab5dd8c5f68efad3 
Number of updated asset objects reloaded before import = 0
Number of asset objects unloaded after import = 0
========================================================================
Received Import Request.
  Time of request: 2026-09-20T00:01:44.6226413Z
  Time since last request: 0.0006504 seconds.
  importAddress: GUID: 939b89fc6b924ea2e821fc1be1b09f56 - Path: Packages/com.unity.modules.tetgen/package.json - Importer: ScriptedImporter/UnityEditor.QuickSearchModule:UnityEditor.Search:ASIAI0B
Importing 'GUID: 939b89fc6b924ea2e821fc1be1b09f56 - Path: Packages/com.unity.modules.tetgen/package.json - Importer: ScriptedImporter/UnityEditor.QuickSearchModule:UnityEditor.Search:ASIAI0B' with importer (ScriptedImporter : UnityEditor.QuickSearchModule:UnityEditor.Search:ASIAI0B)
Imported 'GUID: 939b89fc6b924ea2e821fc1be1b09f56' -> (Import Result ID: '55cf5fd821cb4bf28954c1eb586329d4') in 0.004 seconds [static and dynamic dependencies]. Details - ImportResultOutputID=ae172c4e56751e3fbcf3cef3dd4e3eb5 DependenciesID=461cac84ead9df93cfa7e0eec9ad2017 StaticDependenciesID=ba9e0079fa09827fdbf9f2f97c06c4e0 
Number of updated asset objects reloaded before import = 0
Number of asset objects unloaded after import = 1
========================================================================
Received Import Request.
  Time of request: 2026-09-20T00:01:44.6273941Z
  Time since last request: 0.0007201 seconds.
  importAddress: GUID: 5c1ee4056d0ac7ad3c5a16597fcaa38a - Path: Packages/com.unity.modules.physics/package.ModuleCompilationTrigger - Importer: ScriptedImporter/UnityEditor.QuickSearchModule:UnityEditor.Search:ASIAI0B
Importing 'GUID: 5c1ee4056d0ac7ad3c5a16597fcaa38a - Path: Packages/com.unity.modules.physics/package.ModuleCompilationTrigger - Importer: ScriptedImporter/UnityEditor.QuickSearchModule:UnityEditor.Search:ASIAI0B' with importer (ScriptedImporter : UnityEditor.QuickSearchModule:UnityEditor.Search:ASIAI0B)
Imported 'GUID: 5c1ee4056d0ac7ad3c5a16597fcaa38a' -> (Import Result ID: '070ffb047f194b722133c36af3b2c9cd') in 0.004 seconds [static and dynamic dependencies]. Details - ImportResultOutputID=360cb2c7e6eb11725753b48e2f334c95 DependenciesID=45d32f13e7d64a5170e777eed0d8ca6a StaticDependenciesID=448674914c29a07701603b1e03d1cf43 
Number of updated asset objects reloaded before import = 0
Number of asset objects unloaded after import = 1
========================================================================
Received Import Request.
  Time of request: 2026-09-20T00:01:44.6326005Z
  Time since last request: 0.0005822 seconds.
  importAddress: GUID: a667f6654ad7a9548b8c8e68b51c8895 - Path: Packages/com.unity.test-framework/UnityEditor.TestRunner/RequireApiProfileAttribute.cs - Importer: ScriptedImporter/UnityEditor.QuickSearchModule:UnityEditor.Search:ASIAI0B
Importing 'GUID: a667f6654ad7a9548b8c8e68b51c8895 - Path: Packages/com.unity.test-framework/UnityEditor.TestRunner/RequireApiProfileAttribute.cs - Importer: ScriptedImporter/UnityEditor.QuickSearchModule:UnityEditor.Search:ASIAI0B' with importer (ScriptedImporter : UnityEditor.QuickSearchModule:UnityEditor.Search:ASIAI0B)
Imported 'GUID: a667f6654ad7a9548b8c8e68b51c8895' -> (Import Result ID: 'c233b06d03a46af2c8a519bc3d7181e8') in 0.004 seconds [static and dynamic dependencies]. Details - ImportResultOutputID=8905009fc405aec7b0cc27e7a26506d0 DependenciesID=5aca19d0a2f07ff33d63ddb9dd618187 StaticDependenciesID=4321af9e0c3cc46fd62272907c0a4ed4 
Number of updated asset objects reloaded before import = 0
Number of asset objects unloaded after import = 0
========================================================================
Received Import Request.
  Time of request: 2026-09-20T00:01:44.6376887Z
  Time since last request: 0.0006388 seconds.
  importAddress: GUID: 0719f1a8b2a284e1182b352e6c8c3c60 - Path: Packages/com.unity.ide.visualstudio/Editor/Testing/TestStatusAdaptor.cs - Importer: ScriptedImporter/UnityEditor.QuickSearchModule:UnityEditor.Search:ASIAI0B
Importing 'GUID: 0719f1a8b2a284e1182b352e6c8c3c60 - Path: Packages/com.unity.ide.visualstudio/Editor/Testing/TestStatusAdaptor.cs - Importer: ScriptedImporter/UnityEditor.QuickSearchModule:UnityEditor.Search:ASIAI0B' with importer (ScriptedImporter : UnityEditor.QuickSearchModule:UnityEditor.Search:ASIAI0B)
Imported 'GUID: 0719f1a8b2a284e1182b352e6c8c3c60' -> (Import Result ID: 'ad5683d07194c52c42c6cff77ebc0862') in 0.003 seconds [static and dynamic dependencies]. Details - ImportResultOutputID=ff10169273eccc7eee79212ed4db0c3f DependenciesID=ff29f697d70cc63c1e384ad696ed512f StaticDependenciesID=c9375f1aa15c0483c25fcfca3566f184 
Number of updated asset objects reloaded before import = 0
Number of asset objects unloaded after import = 0
========================================================================
Received Import Request.
  Time of request: 2026-09-20T00:01:44.6418079Z
  Time since last request: 0.000713 seconds.
  importAddress: GUID: db8e609a39b9b231fccc54e5fa4cbd1b - Path: Packages/com.unity.modules.animation/package.ModuleCompilationTrigger - Importer: ScriptedImporter/UnityEditor.QuickSearchModule:UnityEditor.Search:ASIAI0B
Importing 'GUID: db8e609a39b9b231fccc54e5fa4cbd1b - Path: Packages/com.unity.modules.animation/package.ModuleCompilationTrigger - Importer: ScriptedImporter/UnityEditor.QuickSearchModule:UnityEditor.Search:ASIAI0B' with importer (ScriptedImporter : UnityEditor.QuickSearchModule:UnityEditor.Search:ASIAI0B)
Imported 'GUID: db8e609a39b9b231fccc54e5fa4cbd1b' -> (Import Result ID: '59bd74620a4b91d006b40d4f1e57f112') in 0.004 seconds [static and dynamic dependencies]. Details - ImportResultOutputID=9affeeaa4577631da5cb150f0c5cca85 DependenciesID=fbec1314db178eee92a4d18bfcda2fb6 StaticDependenciesID=164ae76ee61e50df3ef6225057ab565d 
Number of updated asset objects reloaded before import = 0
Number of asset objects unloaded after import = 1
========================================================================
Received Import Request.
  Time of request: 2026-09-20T00:01:44.6478181Z
  Time since last request: 0.0008236 seconds.
  importAddress: GUID: 27619889b8ba8c24980f49ee34dbb44a - Path: Packages/com.unity.test-framework/UnityEngine.TestRunner/UnityEngine.TestRunner.asmdef - Importer: ScriptedImporter/UnityEditor.QuickSearchModule:UnityEditor.Search:ASIAI0B
Importing 'GUID: 27619889b8ba8c24980f49ee34dbb44a - Path: Packages/com.unity.test-framework/UnityEngine.TestRunner/UnityEngine.TestRunner.asmdef - Importer: ScriptedImporter/UnityEditor.QuickSearchModule:UnityEditor.Search:ASIAI0B' with importer (ScriptedImporter : UnityEditor.QuickSearchModule:UnityEditor.Search:ASIAI0B)
Imported 'GUID: 27619889b8ba8c24980f49ee34dbb44a' -> (Import Result ID: 'ffba98834f6ccd2598330d283783bc6f') in 0.006 seconds [static and dynamic dependencies]. Details - ImportResultOutputID=20909f0e67203f550d4bfc2844ef0f5f DependenciesID=f354a8215debfd361f3ddaf8addabc81 StaticDependenciesID=ccd99dc38342c0f40ed2b24b9afa5e85 
Number of updated asset objects reloaded before import = 0
Number of asset objects unloaded after import = 1
========================================================================
Received Import Request.
  Time of request: 2026-09-20T00:01:44.6546194Z
  Time since last request: 0.0005004 seconds.
  importAddress: GUID: 80beef77cb19e713c7c2d481b65ed485 - Path: Packages/com.unity.modules.screencapture/package.json - Importer: ScriptedImporter/UnityEditor.QuickSearchModule:UnityEditor.Search:ASIAI0B
Importing 'GUID: 80beef77cb19e713c7c2d481b65ed485 - Path: Packages/com.unity.modules.screencapture/package.json - Importer: ScriptedImporter/UnityEditor.QuickSearchModule:UnityEditor.Search:ASIAI0B' with importer (ScriptedImporter : UnityEditor.QuickSearchModule:UnityEditor.Search:ASIAI0B)
Imported 'GUID: 80beef77cb19e713c7c2d481b65ed485' -> (Import Result ID: '46365ed617f0ab35127bef2ec932f7e1') in 0.003 seconds [static and dynamic dependencies]. Details - ImportResultOutputID=a1783e113553487572f2263a792f9511 DependenciesID=3f6f3dd3f63760db8f60f5b83d84dce6 StaticDependenciesID=5997b0d3f5aa263c545963f4cac57327 
Number of updated asset objects reloaded before import = 0
Number of asset objects unloaded after import = 1
========================================================================
Received Import Request.
  Time of request: 2026-09-20T00:01:44.6590466Z
  Time since last request: 0.0007765 seconds.
  importAddress: GUID: 85dd7af03f02aea4aae13a3945e3b313 - Path: Packages/com.unity.test-framework/UnityEditor.TestRunner/Api/ITestAdaptor.cs - Importer: ScriptedImporter/UnityEditor.QuickSearchModule:UnityEditor.Search:ASIAI0B
Importing 'GUID: 85dd7af03f02aea4aae13a3945e3b313 - Path: Packages/com.unity.test-framework/UnityEditor.TestRunner/Api/ITestAdaptor.cs - Importer: ScriptedImporter/UnityEditor.QuickSearchModule:UnityEditor.Search:ASIAI0B' with importer (ScriptedImporter : UnityEditor.QuickSearchModule:UnityEditor.Search:ASIAI0B)
Imported 'GUID: 85dd7af03f02aea4aae13a3945e3b313' -> (Import Result ID: '5bad7d31948207359a1279d2a92d61f2') in 0.005 seconds [static and dynamic dependencies]. Details - ImportResultOutputID=dcc72b2ac2bfca80c3424c38bc779abb DependenciesID=999cdc94ef8182cf1f5d8afd61834f34 StaticDependenciesID=a790553942cfd83355e4d88b8654f8cb 
Number of updated asset objects reloaded before import = 0
Number of asset objects unloaded after import = 0
========================================================================
Received Import Request.
  Time of request: 2026-09-20T00:01:44.6654319Z
  Time since last request: 0.0008762 seconds.
  importAddress: GUID: 1a4266815e998967becf686f9c71f0a6 - Path: Packages/com.unity.modules.physics/package.json - Importer: ScriptedImporter/UnityEditor.QuickSearchModule:UnityEditor.Search:ASIAI0B
Importing 'GUID: 1a4266815e998967becf686f9c71f0a6 - Path: Packages/com.unity.modules.physics/package.json - Importer: ScriptedImporter/UnityEditor.QuickSearchModule:UnityEditor.Search:ASIAI0B' with importer (ScriptedImporter : UnityEditor.QuickSearchModule:UnityEditor.Search:ASIAI0B)
Imported 'GUID: 1a4266815e998967becf686f9c71f0a6' -> (Import Result ID: '246f546b0b485244468d661b68f3f0d1') in 0.007 seconds [static and dynamic dependencies]. Details - ImportResultOutputID=4b59825f7b4038a228ca807d40835e1e DependenciesID=167379efa6d9c7f994bfd196b6b4bb75 StaticDependenciesID=d4376a5abac6d2aea7cbdb703c7de234 
Number of updated asset objects reloaded before import = 0
Number of asset objects unloaded after import = 1
========================================================================
Received Import Request.
  Time of request: 2026-09-20T00:01:44.6730094Z
  Time since last request: 0.0006119 seconds.
  importAddress: GUID: ec02776fe29df900b897106d61977735 - Path: Packages/com.unity.modules.director/package.json - Importer: ScriptedImporter/UnityEditor.QuickSearchModule:UnityEditor.Search:ASIAI0B
Importing 'GUID: ec02776fe29df900b897106d61977735 - Path: Packages/com.unity.modules.director/package.json - Importer: ScriptedImporter/UnityEditor.QuickSearchModule:UnityEditor.Search:ASIAI0B' with importer (ScriptedImporter : UnityEditor.QuickSearchModule:UnityEditor.Search:ASIAI0B)
Imported 'GUID: ec02776fe29df900b897106d61977735' -> (Import Result ID: '1b98691d8bec9ca2f499bd62573449c6') in 0.004 seconds [static and dynamic dependencies]. Details - ImportResultOutputID=cb123aba0ad4f2d263d53475912390f3 DependenciesID=fcf4bda4682ab5b55bde7d89e64a7a92 StaticDependenciesID=02eeaf90e45c2abc68db271f071230b5 
Number of updated asset objects reloaded before import = 0
Number of asset objects unloaded after import = 1
========================================================================
Received Import Request.
  Time of request: 2026-09-20T00:01:44.6776413Z
  Time since last request: 0.0007675 seconds.
  importAddress: GUID: 71e7167b55a3448b38774a3bb6e05bac - Path: Packages/com.unity.modules.timelinefoundation/package.ModuleCompilationTrigger - Importer: ScriptedImporter/UnityEditor.QuickSearchModule:UnityEditor.Search:ASIAI0B
Importing 'GUID: 71e7167b55a3448b38774a3bb6e05bac - Path: Packages/com.unity.modules.timelinefoundation/package.ModuleCompilationTrigger - Importer: ScriptedImporter/UnityEditor.QuickSearchModule:UnityEditor.Search:ASIAI0B' with importer (ScriptedImporter : UnityEditor.QuickSearchModule:UnityEditor.Search:ASIAI0B)
Imported 'GUID: 71e7167b55a3448b38774a3bb6e05bac' -> (Import Result ID: '68d07065eed3421c11d8bda0549e7aa0') in 0.004 seconds [static and dynamic dependencies]. Details - ImportResultOutputID=ee6460f20639234eb00c061a5de2d58b DependenciesID=cc7bd7642dd3aa2895f9b9b6dece9f7a StaticDependenciesID=ac296b807c530984c5b5b5a042e9c4ba 
Number of updated asset objects reloaded before import = 0
Number of asset objects unloaded after import = 1
========================================================================
Received Import Request.
  Time of request: 2026-09-20T00:01:44.6828222Z
  Time since last request: 0.0007414 seconds.
  importAddress: GUID: c82e859b16636ddd2ca4a1f63fd34938 - Path: Packages/com.unity.modules.androidjni/package.ModuleCompilationTrigger - Importer: ScriptedImporter/UnityEditor.QuickSearchModule:UnityEditor.Search:ASIAI0B
Importing 'GUID: c82e859b16636ddd2ca4a1f63fd34938 - Path: Packages/com.unity.modules.androidjni/package.ModuleCompilationTrigger - Importer: ScriptedImporter/UnityEditor.QuickSearchModule:UnityEditor.Search:ASIAI0B' with importer (ScriptedImporter : UnityEditor.QuickSearchModule:UnityEditor.Search:ASIAI0B)
Imported 'GUID: c82e859b16636ddd2ca4a1f63fd34938' -> (Import Result ID: '54f4570923a14dd9bf2d44f5a74ffa44') in 0.004 seconds [static and dynamic dependencies]. Details - ImportResultOutputID=af1cbe2922794b5eb804fa7100387938 DependenciesID=75f96f0bf6f2364abf53309dd7445c09 StaticDependenciesID=8adfee647e63ae38f536ec72dd105921 
Number of updated asset objects reloaded before import = 0
Number of asset objects unloaded after import = 1
========================================================================
Received Import Request.
  Time of request: 2026-09-20T00:01:44.687783Z
  Time since last request: 0.0004311 seconds.
  importAddress: GUID: 559482fe33c79e44882d3a6cedc55fb5 - Path: Packages/com.unity.test-framework/UnityEditor.TestRunner/TestResultSerializer.cs - Importer: ScriptedImporter/UnityEditor.QuickSearchModule:UnityEditor.Search:ASIAI0B
Importing 'GUID: 559482fe33c79e44882d3a6cedc55fb5 - Path: Packages/com.unity.test-framework/UnityEditor.TestRunner/TestResultSerializer.cs - Importer: ScriptedImporter/UnityEditor.QuickSearchModule:UnityEditor.Search:ASIAI0B' with importer (ScriptedImporter : UnityEditor.QuickSearchModule:UnityEditor.Search:ASIAI0B)
Imported 'GUID: 559482fe33c79e44882d3a6cedc55fb5' -> (Import Result ID: '20fc9d333464935b191b7c9895de8d39') in 0.003 seconds [static and dynamic dependencies]. Details - ImportResultOutputID=4217d026ac9b00e65b0891dcc10b47d0 DependenciesID=25bec215fbaf59240eac4519bbdd27a8 StaticDependenciesID=d01df6ab428f1eefb62515b659ba98ba 
Number of updated asset objects reloaded before import = 0
Number of asset objects unloaded after import = 0
========================================================================
Received Import Request.
  Time of request: 2026-09-20T00:01:44.6921615Z
  Time since last request: 0.0006155 seconds.
  importAddress: GUID: 4c413a81cadcce7038e446e56570117e - Path: Packages/com.unity.modules.adaptiveperformance/package.json - Importer: ScriptedImporter/UnityEditor.QuickSearchModule:UnityEditor.Search:ASIAI0B
Importing 'GUID: 4c413a81cadcce7038e446e56570117e - Path: Packages/com.unity.modules.adaptiveperformance/package.json - Importer: ScriptedImporter/UnityEditor.QuickSearchModule:UnityEditor.Search:ASIAI0B' with importer (ScriptedImporter : UnityEditor.QuickSearchModule:UnityEditor.Search:ASIAI0B)
Imported 'GUID: 4c413a81cadcce7038e446e56570117e' -> (Import Result ID: '82db4a9340f0c0c97a29f99ce270180a') in 0.003 seconds [static and dynamic dependencies]. Details - ImportResultOutputID=5c1e0f4735e427d4521bddf00311ade5 DependenciesID=0263b2690d7e3489f590e19572d1eccb StaticDependenciesID=a18db55a1f83cdcf28c8c4212ce36c58 
Number of updated asset objects reloaded before import = 0
Number of asset objects unloaded after import = 1
========================================================================
Received Import Request.
  Time of request: 2026-09-20T00:01:44.6956077Z
  Time since last request: 0.0004739 seconds.
  importAddress: GUID: eea34a28297f9bc4c9f4c573bc8d5d1c - Path: Packages/com.unity.test-framework/UnityEditor.TestRunner/Api/ExecutionSettings.cs - Importer: ScriptedImporter/UnityEditor.QuickSearchModule:UnityEditor.Search:ASIAI0B
Importing 'GUID: eea34a28297f9bc4c9f4c573bc8d5d1c - Path: Packages/com.unity.test-framework/UnityEditor.TestRunner/Api/ExecutionSettings.cs - Importer: ScriptedImporter/UnityEditor.QuickSearchModule:UnityEditor.Search:ASIAI0B' with importer (ScriptedImporter : UnityEditor.QuickSearchModule:UnityEditor.Search:ASIAI0B)
Imported 'GUID: eea34a28297f9bc4c9f4c573bc8d5d1c' -> (Import Result ID: '62d0e79f34138b6be717b69b58ce22c1') in 0.007 seconds [static and dynamic dependencies]. Details - ImportResultOutputID=7e1c67e264d0f5cda4cacc2bd5b3dd6a DependenciesID=d5304096857af5d322e9055d0862ae38 StaticDependenciesID=3c37d586308b37459de4fb7e9cf32eed 
Number of updated asset objects reloaded before import = 0
Number of asset objects unloaded after import = 0
========================================================================
Received Import Request.
  Time of request: 2026-09-20T00:01:44.7032435Z
  Time since last request: 0.0006752 seconds.
  importAddress: GUID: bd1af0a6633ee94ae21c7d1d702cdc12 - Path: Packages/com.unity.modules.androidjni/package.json - Importer: ScriptedImporter/UnityEditor.QuickSearchModule:UnityEditor.Search:ASIAI0B
Importing 'GUID: bd1af0a6633ee94ae21c7d1d702cdc12 - Path: Packages/com.unity.modules.androidjni/package.json - Importer: ScriptedImporter/UnityEditor.QuickSearchModule:UnityEditor.Search:ASIAI0B' with importer (ScriptedImporter : UnityEditor.QuickSearchModule:UnityEditor.Search:ASIAI0B)
Imported 'GUID: bd1af0a6633ee94ae21c7d1d702cdc12' -> (Import Result ID: 'a7adbdeb371ccef70323895b6e71a179') in 0.003 seconds [static and dynamic dependencies]. Details - ImportResultOutputID=19d48859fa76f781498935d68667a109 DependenciesID=320f8955ddd7c849b98c83a0ad9f174f StaticDependenciesID=d5176ef797f4271a15cadb67e72d4d8b 
Number of updated asset objects reloaded before import = 0
Number of asset objects unloaded after import = 1
========================================================================
Received Import Request.
  Time of request: 2026-09-20T00:01:44.7071849Z
  Time since last request: 0.000542 seconds.
  importAddress: GUID: 2479a4656ed89570ebd1de1fdda3dae5 - Path: Packages/com.unity.modules.timelinefoundation/package.json - Importer: ScriptedImporter/UnityEditor.QuickSearchModule:UnityEditor.Search:ASIAI0B
Importing 'GUID: 2479a4656ed89570ebd1de1fdda3dae5 - Path: Packages/com.unity.modules.timelinefoundation/package.json - Importer: ScriptedImporter/UnityEditor.QuickSearchModule:UnityEditor.Search:ASIAI0B' with importer (ScriptedImporter : UnityEditor.QuickSearchModule:UnityEditor.Search:ASIAI0B)
Imported 'GUID: 2479a4656ed89570ebd1de1fdda3dae5' -> (Import Result ID: 'a0b5cb498665faf4f3c964968d232e32') in 0.003 seconds [static and dynamic dependencies]. Details - ImportResultOutputID=dbaf0ecc43690c171632e93415ed6ecd DependenciesID=99be3e5f7a5ffed558e7c734bae60fbb StaticDependenciesID=5bb9fd33c300529b9085bfe9b2258d17 
Number of updated asset objects reloaded before import = 0
Number of asset objects unloaded after import = 1
========================================================================
Received Import Request.
  Time of request: 2026-09-20T00:01:44.711316Z
  Time since last request: 0.0004986 seconds.
  importAddress: GUID: 93eea84e53d0226479c9a584f19427b5 - Path: Packages/com.unity.test-framework/UnityEditor.TestRunner/Api/ICallbacks.cs - Importer: ScriptedImporter/UnityEditor.QuickSearchModule:UnityEditor.Search:ASIAI0B
Importing 'GUID: 93eea84e53d0226479c9a584f19427b5 - Path: Packages/com.unity.test-framework/UnityEditor.TestRunner/Api/ICallbacks.cs - Importer: ScriptedImporter/UnityEditor.QuickSearchModule:UnityEditor.Search:ASIAI0B' with importer (ScriptedImporter : UnityEditor.QuickSearchModule:UnityEditor.Search:ASIAI0B)
Imported 'GUID: 93eea84e53d0226479c9a584f19427b5' -> (Import Result ID: 'ff7fd252a9cc44efe481582ae3a719c0') in 0.004 seconds [static and dynamic dependencies]. Details - ImportResultOutputID=fea4c537f1b546acfeda7bdb3914c280 DependenciesID=31bed734f11ae4405bc21ec9e9072848 StaticDependenciesID=108209b9a89649ac93614e7082c76bff 
Number of updated asset objects reloaded before import = 0
Number of asset objects unloaded after import = 0
========================================================================
Received Import Request.
  Time of request: 2026-09-20T00:01:44.7160703Z
  Time since last request: 0.0007452 seconds.
  importAddress: GUID: 4dfcd3a631f61d248b7cc0b845d40345 - Path: Packages/com.unity.test-framework/UnityEditor.TestRunner/TestRunnerWindow.cs - Importer: ScriptedImporter/UnityEditor.QuickSearchModule:UnityEditor.Search:ASIAI0B
Importing 'GUID: 4dfcd3a631f61d248b7cc0b845d40345 - Path: Packages/com.unity.test-framework/UnityEditor.TestRunner/TestRunnerWindow.cs - Importer: ScriptedImporter/UnityEditor.QuickSearchModule:UnityEditor.Search:ASIAI0B' with importer (ScriptedImporter : UnityEditor.QuickSearchModule:UnityEditor.Search:ASIAI0B)
Imported 'GUID: 4dfcd3a631f61d248b7cc0b845d40345' -> (Import Result ID: '515a9c468470e44fc22893656896abdb') in 0.004 seconds [static and dynamic dependencies]. Details - ImportResultOutputID=b115b9b0bd87ec0a548bf793010b66e8 DependenciesID=a393ae2478442a89bd8688d4e2374530 StaticDependenciesID=2594b22c13b40af0a7654561c11efc0f 
Number of updated asset objects reloaded before import = 0
Number of asset objects unloaded after import = 0
========================================================================
Received Import Request.
  Time of request: 2026-09-20T00:01:44.7208206Z
  Time since last request: 0.00061 seconds.
  importAddress: GUID: 1a06c562b0c5eb046bcb876a29f93c98 - Path: Packages/com.unity.test-framework/UnityEditor.TestRunner/Api/IErrorCallbacks.cs - Importer: ScriptedImporter/UnityEditor.QuickSearchModule:UnityEditor.Search:ASIAI0B
Importing 'GUID: 1a06c562b0c5eb046bcb876a29f93c98 - Path: Packages/com.unity.test-framework/UnityEditor.TestRunner/Api/IErrorCallbacks.cs - Importer: ScriptedImporter/UnityEditor.QuickSearchModule:UnityEditor.Search:ASIAI0B' with importer (ScriptedImporter : UnityEditor.QuickSearchModule:UnityEditor.Search:ASIAI0B)
Imported 'GUID: 1a06c562b0c5eb046bcb876a29f93c98' -> (Import Result ID: 'a7c45d776d1b9c4079efb8acb67be1fe') in 0.003 seconds [static and dynamic dependencies]. Details - ImportResultOutputID=895ac8f616abc61e3f372cb08a0e5c52 DependenciesID=f29a8ce90cd2f71eadd3b32249284156 StaticDependenciesID=c9640bb1f27abde5c2ed8f51d9718fa2 
Number of updated asset objects reloaded before import = 0
Number of asset objects unloaded after import = 0
========================================================================
Received Import Request.
  Time of request: 2026-09-20T00:01:44.7248705Z
  Time since last request: 0.0005812 seconds.
  importAddress: GUID: 7ef8348b8ea834d7e1bc214b07f7fb87 - Path: Packages/com.unity.modules.animation/package.json - Importer: ScriptedImporter/UnityEditor.QuickSearchModule:UnityEditor.Search:ASIAI0B
Importing 'GUID: 7ef8348b8ea834d7e1bc214b07f7fb87 - Path: Packages/com.unity.modules.animation/package.json - Importer: ScriptedImporter/UnityEditor.QuickSearchModule:UnityEditor.Search:ASIAI0B' with importer (ScriptedImporter : UnityEditor.QuickSearchModule:UnityEditor.Search:ASIAI0B)
Imported 'GUID: 7ef8348b8ea834d7e1bc214b07f7fb87' -> (Import Result ID: 'c91b8e3239e8005200d60d96c354abea') in 0.003 seconds [static and dynamic dependencies]. Details - ImportResultOutputID=7ec68daa78b3fb628c06184c96c74c75 DependenciesID=a3102de225bb77a9c2c58b800f6e75e1 StaticDependenciesID=ff2727669353bf492e347617bb57b1d5 
Number of updated asset objects reloaded before import = 0
Number of asset objects unloaded after import = 1
========================================================================
Received Import Request.
  Time of request: 2026-09-20T00:01:44.7288027Z
  Time since last request: 0.000469 seconds.
  importAddress: GUID: 082fbee38a82835433261a5e9c00e267 - Path: Packages/com.unity.modules.cloth/package.ModuleCompilationTrigger - Importer: ScriptedImporter/UnityEditor.QuickSearchModule:UnityEditor.Search:ASIAI0B
Importing 'GUID: 082fbee38a82835433261a5e9c00e267 - Path: Packages/com.unity.modules.cloth/package.ModuleCompilationTrigger - Importer: ScriptedImporter/UnityEditor.QuickSearchModule:UnityEditor.Search:ASIAI0B' with importer (ScriptedImporter : UnityEditor.QuickSearchModule:UnityEditor.Search:ASIAI0B)
Imported 'GUID: 082fbee38a82835433261a5e9c00e267' -> (Import Result ID: 'b85084972b5107cde173e0a2fff39211') in 0.003 seconds [static and dynamic dependencies]. Details - ImportResultOutputID=be5558eaf19de893215d8b67f2b43dba DependenciesID=a6dc691356ea2f35ff92131506ad6ca7 StaticDependenciesID=4c7d4c692496043406c9319c95135a54 
Number of updated asset objects reloaded before import = 0
Number of asset objects unloaded after import = 1
========================================================================
Received Import Request.
  Time of request: 2026-09-20T00:01:44.7334697Z
  Time since last request: 0.0006412 seconds.
  importAddress: GUID: b5930dbc378b45d406aeb881f06b6dfa - Path: Packages/com.unity.modules.physicscore2d/package.json - Importer: ScriptedImporter/UnityEditor.QuickSearchModule:UnityEditor.Search:ASIAI0B
Importing 'GUID: b5930dbc378b45d406aeb881f06b6dfa - Path: Packages/com.unity.modules.physicscore2d/package.json - Importer: ScriptedImporter/UnityEditor.QuickSearchModule:UnityEditor.Search:ASIAI0B' with importer (ScriptedImporter : UnityEditor.QuickSearchModule:UnityEditor.Search:ASIAI0B)
Imported 'GUID: b5930dbc378b45d406aeb881f06b6dfa' -> (Import Result ID: 'f3d518d9d52104ee9a77edf007b78090') in 0.005 seconds [static and dynamic dependencies]. Details - ImportResultOutputID=8dcc87cab0b9ee4d441c7e9a1cdc2889 DependenciesID=3220f3e570cc06124c0bb072c3629fb0 StaticDependenciesID=b3081c6ac49ff2a1492c0176b73f4cff 
Number of updated asset objects reloaded before import = 0
Number of asset objects unloaded after import = 1
========================================================================
Received Import Request.
  Time of request: 2026-09-20T00:01:44.739589Z
  Time since last request: 0.0005227 seconds.
  importAddress: GUID: 51fa60bb2bd1e5bc74e8cc95a7bfd5b7 - Path: Packages/com.unity.modules.ui/package.ModuleCompilationTrigger - Importer: ScriptedImporter/UnityEditor.QuickSearchModule:UnityEditor.Search:ASIAI0B
Importing 'GUID: 51fa60bb2bd1e5bc74e8cc95a7bfd5b7 - Path: Packages/com.unity.modules.ui/package.ModuleCompilationTrigger - Importer: ScriptedImporter/UnityEditor.QuickSearchModule:UnityEditor.Search:ASIAI0B' with importer (ScriptedImporter : UnityEditor.QuickSearchModule:UnityEditor.Search:ASIAI0B)
Imported 'GUID: 51fa60bb2bd1e5bc74e8cc95a7bfd5b7' -> (Import Result ID: '1e0fa75770486ebb2d666c346cf0912f') in 0.004 seconds [static and dynamic dependencies]. Details - ImportResultOutputID=3c1c73c64416eb8d482b62f60db0e10f DependenciesID=3208cff6e7212a02f93689a05f0032bb StaticDependenciesID=fac88275647d29816a537a3eeae61075 
Number of updated asset objects reloaded before import = 0
Number of asset objects unloaded after import = 1
========================================================================
Received Import Request.
  Time of request: 2026-09-20T00:01:44.7446463Z
  Time since last request: 0.0006551 seconds.
  importAddress: GUID: d742f2caefd9f934d9f19dad07a08e6f - Path: Packages/com.unity.test-framework/UnityEditor.TestRunner/Api/ICallbacksHolder.cs - Importer: ScriptedImporter/UnityEditor.QuickSearchModule:UnityEditor.Search:ASIAI0B
Importing 'GUID: d742f2caefd9f934d9f19dad07a08e6f - Path: Packages/com.unity.test-framework/UnityEditor.TestRunner/Api/ICallbacksHolder.cs - Importer: ScriptedImporter/UnityEditor.QuickSearchModule:UnityEditor.Search:ASIAI0B' with importer (ScriptedImporter : UnityEditor.QuickSearchModule:UnityEditor.Search:ASIAI0B)
Imported 'GUID: d742f2caefd9f934d9f19dad07a08e6f' -> (Import Result ID: 'e7954334649eb7cf80be5966f917a9be') in 0.004 seconds [static and dynamic dependencies]. Details - ImportResultOutputID=3de829899b4199cf4c78b417341aa13a DependenciesID=c7f980f1620c0393757284d2cbec1ad3 StaticDependenciesID=9a951b2fd36e9b4538e813a18644680c 
Number of updated asset objects reloaded before import = 0
Number of asset objects unloaded after import = 0
========================================================================
Received Import Request.
  Time of request: 2026-09-20T00:01:44.7498144Z
  Time since last request: 0.0007712 seconds.
  importAddress: GUID: cd561f5f687aed43bf280c27a84f79e3 - Path: Packages/com.unity.modules.screencapture/package.ModuleCompilationTrigger - Importer: ScriptedImporter/UnityEditor.QuickSearchModule:UnityEditor.Search:ASIAI0B
Importing 'GUID: cd561f5f687aed43bf280c27a84f79e3 - Path: Packages/com.unity.modules.screencapture/package.ModuleCompilationTrigger - Importer: ScriptedImporter/UnityEditor.QuickSearchModule:UnityEditor.Search:ASIAI0B' with importer (ScriptedImporter : UnityEditor.QuickSearchModule:UnityEditor.Search:ASIAI0B)
Imported 'GUID: cd561f5f687aed43bf280c27a84f79e3' -> (Import Result ID: 'b847bb0094ccfa7686a4b0c84ee8d683') in 0.004 seconds [static and dynamic dependencies]. Details - ImportResultOutputID=fbd0b33985e25152b7325dc5f933a855 DependenciesID=29f82e425b39f5f330016d02617b0c35 StaticDependenciesID=162f93a00e2a123259d0204ed40754aa 
Number of updated asset objects reloaded before import = 0
Number of asset objects unloaded after import = 1
========================================================================
Received Import Request.
  Time of request: 2026-09-20T00:01:44.754429Z
  Time since last request: 0.000515 seconds.
  importAddress: GUID: b83f06ac0c0696e9563230865ca72b81 - Path: Packages/com.unity.modules.wind/package.json - Importer: ScriptedImporter/UnityEditor.QuickSearchModule:UnityEditor.Search:ASIAI0B
Importing 'GUID: b83f06ac0c0696e9563230865ca72b81 - Path: Packages/com.unity.modules.wind/package.json - Importer: ScriptedImporter/UnityEditor.QuickSearchModule:UnityEditor.Search:ASIAI0B' with importer (ScriptedImporter : UnityEditor.QuickSearchModule:UnityEditor.Search:ASIAI0B)
Imported 'GUID: b83f06ac0c0696e9563230865ca72b81' -> (Import Result ID: '28774213c114c4c3708a79c99a8ffc92') in 0.003 seconds [static and dynamic dependencies]. Details - ImportResultOutputID=5a29327b6a069bd0f41bef00137c75e4 DependenciesID=6736bafe66874d22a110e6bdc844aa55 StaticDependenciesID=74c64a840e7b46c615e9a629dec1a759 
Number of updated asset objects reloaded before import = 0
Number of asset objects unloaded after import = 1
========================================================================
Received Import Request.
  Time of request: 2026-09-20T00:01:44.758934Z
  Time since last request: 0.0006972 seconds.
  importAddress: GUID: 4bf139fc5e9d9240edc107e25d67d398 - Path: Packages/com.unity.modules.tetgen/package.ModuleCompilationTrigger - Importer: ScriptedImporter/UnityEditor.QuickSearchModule:UnityEditor.Search:ASIAI0B
Importing 'GUID: 4bf139fc5e9d9240edc107e25d67d398 - Path: Packages/com.unity.modules.tetgen/package.ModuleCompilationTrigger - Importer: ScriptedImporter/UnityEditor.QuickSearchModule:UnityEditor.Search:ASIAI0B' with importer (ScriptedImporter : UnityEditor.QuickSearchModule:UnityEditor.Search:ASIAI0B)
Imported 'GUID: 4bf139fc5e9d9240edc107e25d67d398' -> (Import Result ID: '8784ae25aba0eab9b347c0d84e495c33') in 0.004 seconds [static and dynamic dependencies]. Details - ImportResultOutputID=fb8b48890171d0eab0ffc82caffddd3e DependenciesID=902036a70a261f814bd1701ebecbe7be StaticDependenciesID=0aba2ad9dbaf71cd103f483849d12d8a 
Number of updated asset objects reloaded before import = 0
Number of asset objects unloaded after import = 1
========================================================================
Received Import Request.
  Time of request: 2026-09-20T00:01:44.764316Z
  Time since last request: 0.0006861 seconds.
  importAddress: GUID: 803abab0f7e17044db56f8760186dbd1 - Path: Packages/com.unity.test-framework/UnityEditor.TestRunner/Api/ITestAdaptorFactory.cs - Importer: ScriptedImporter/UnityEditor.QuickSearchModule:UnityEditor.Search:ASIAI0B
Importing 'GUID: 803abab0f7e17044db56f8760186dbd1 - Path: Packages/com.unity.test-framework/UnityEditor.TestRunner/Api/ITestAdaptorFactory.cs - Importer: ScriptedImporter/UnityEditor.QuickSearchModule:UnityEditor.Search:ASIAI0B' with importer (ScriptedImporter : UnityEditor.QuickSearchModule:UnityEditor.Search:ASIAI0B)
Imported 'GUID: 803abab0f7e17044db56f8760186dbd1' -> (Import Result ID: 'f5fdee944e239ec4a5a78f111e93352e') in 0.005 seconds [static and dynamic dependencies]. Details - ImportResultOutputID=4cff0c2c32f2cbe0b049c5ac16402bca DependenciesID=a89454326f90bdb3695f97cd089edaf5 StaticDependenciesID=36f1c9b195c240d7236beaf607f6f95e 
Number of updated asset objects reloaded before import = 0
Number of asset objects unloaded after import = 0
========================================================================
Received Import Request.
  Time of request: 2026-09-20T00:01:44.7701613Z
  Time since last request: 0.0006002 seconds.
  importAddress: GUID: 14e86f88e9a8c9c448d7e7df92f2aeec - Path: Packages/com.unity.modules.physicscore2d/package.ModuleCompilationTrigger - Importer: ScriptedImporter/UnityEditor.QuickSearchModule:UnityEditor.Search:ASIAI0B
Importing 'GUID: 14e86f88e9a8c9c448d7e7df92f2aeec - Path: Packages/com.unity.modules.physicscore2d/package.ModuleCompilationTrigger - Importer: ScriptedImporter/UnityEditor.QuickSearchModule:UnityEditor.Search:ASIAI0B' with importer (ScriptedImporter : UnityEditor.QuickSearchModule:UnityEditor.Search:ASIAI0B)
Imported 'GUID: 14e86f88e9a8c9c448d7e7df92f2aeec' -> (Import Result ID: '79cfbc3fbc50adf77c4f0181eab7054f') in 0.003 seconds [static and dynamic dependencies]. Details - ImportResultOutputID=ecc11193116067cc1347d375b497c8a6 DependenciesID=22b42ea3f339598c8428127fc34126e0 StaticDependenciesID=8d5f929f11d2909ebd5271714ae17279 
Number of updated asset objects reloaded before import = 0
Number of asset objects unloaded after import = 1
========================================================================
Received Import Request.
  Time of request: 2026-09-20T00:01:44.7745685Z
  Time since last request: 0.0005741 seconds.
  importAddress: GUID: 0acc523941302664db1f4e527237feb3 - Path: Packages/com.unity.test-framework/UnityEditor.TestRunner/UnityEditor.TestRunner.asmdef - Importer: ScriptedImporter/UnityEditor.QuickSearchModule:UnityEditor.Search:ASIAI0B
Importing 'GUID: 0acc523941302664db1f4e527237feb3 - Path: Packages/com.unity.test-framework/UnityEditor.TestRunner/UnityEditor.TestRunner.asmdef - Importer: ScriptedImporter/UnityEditor.QuickSearchModule:UnityEditor.Search:ASIAI0B' with importer (ScriptedImporter : UnityEditor.QuickSearchModule:UnityEditor.Search:ASIAI0B)
Imported 'GUID: 0acc523941302664db1f4e527237feb3' -> (Import Result ID: '6407bf7f016cd83d6d80f1b6ef910247') in 0.004 seconds [static and dynamic dependencies]. Details - ImportResultOutputID=2db702e577ee10039a2217974f5c3999 DependenciesID=9c660c152099a303ed7116dbae15f2fe StaticDependenciesID=545aa96a9060bf4040c7d384995f9c97 
Number of updated asset objects reloaded before import = 0
Number of asset objects unloaded after import = 1
========================================================================
Received Import Request.
  Time of request: 2026-09-20T00:01:44.7794912Z
  Time since last request: 0.000523 seconds.
  importAddress: GUID: c88e90bad18cceb5d182d0c805883056 - Path: Packages/com.unity.modules.director/package.ModuleCompilationTrigger - Importer: ScriptedImporter/UnityEditor.QuickSearchModule:UnityEditor.Search:ASIAI0B
Importing 'GUID: c88e90bad18cceb5d182d0c805883056 - Path: Packages/com.unity.modules.director/package.ModuleCompilationTrigger - Importer: ScriptedImporter/UnityEditor.QuickSearchModule:UnityEditor.Search:ASIAI0B' with importer (ScriptedImporter : UnityEditor.QuickSearchModule:UnityEditor.Search:ASIAI0B)
Imported 'GUID: c88e90bad18cceb5d182d0c805883056' -> (Import Result ID: '8b0b8f53b90c161ada5fe4ddfd73f81a') in 0.003 seconds [static and dynamic dependencies]. Details - ImportResultOutputID=2b30934088e6d3dc1b75136db7a2e9b9 DependenciesID=7df2d76eac2725dd03aeac05c454ed57 StaticDependenciesID=31cd5055cde6816c9ffe288108ab0437 
Number of updated asset objects reloaded before import = 0
Number of asset objects unloaded after import = 1
========================================================================
Received Import Request.
  Time of request: 2026-09-20T00:01:44.7840657Z
  Time since last request: 0.0007231 seconds.
  importAddress: GUID: cb67edc1800c2ec4ba8dfb1cf0dfc84a - Path: Packages/com.unity.ide.visualstudio/Editor/COMIntegration/Release/COMIntegration.exe - Importer: ScriptedImporter/UnityEditor.QuickSearchModule:UnityEditor.Search:ASIAI0B
Importing 'GUID: cb67edc1800c2ec4ba8dfb1cf0dfc84a - Path: Packages/com.unity.ide.visualstudio/Editor/COMIntegration/Release/COMIntegration.exe - Importer: ScriptedImporter/UnityEditor.QuickSearchModule:UnityEditor.Search:ASIAI0B' with importer (ScriptedImporter : UnityEditor.QuickSearchModule:UnityEditor.Search:ASIAI0B)
Imported 'GUID: cb67edc1800c2ec4ba8dfb1cf0dfc84a' -> (Import Result ID: '23733a206342202ebd37677eb3e95b57') in 0.004 seconds [static and dynamic dependencies]. Details - ImportResultOutputID=bf35c9a990b9b00f04583bcd9c8569ac DependenciesID=d5c8c05f0dfc2e0186459e98b1381520 StaticDependenciesID=4b63f43a872cfd2b339f719435d3367e 
Number of updated asset objects reloaded before import = 0
Number of asset objects unloaded after import = 1
========================================================================
Received Import Request.
  Time of request: 2026-09-20T00:01:44.7892719Z
  Time since last request: 0.0006001 seconds.
  importAddress: GUID: 42fe78c8fe682715a2cb531422e6ccb3 - Path: Packages/com.unity.modules.imgui/package.json - Importer: ScriptedImporter/UnityEditor.QuickSearchModule:UnityEditor.Search:ASIAI0B
Importing 'GUID: 42fe78c8fe682715a2cb531422e6ccb3 - Path: Packages/com.unity.modules.imgui/package.json - Importer: ScriptedImporter/UnityEditor.QuickSearchModule:UnityEditor.Search:ASIAI0B' with importer (ScriptedImporter : UnityEditor.QuickSearchModule:UnityEditor.Search:ASIAI0B)
Imported 'GUID: 42fe78c8fe682715a2cb531422e6ccb3' -> (Import Result ID: 'd39384c09d0ec263f041feea0f90a556') in 0.003 seconds [static and dynamic dependencies]. Details - ImportResultOutputID=4d073acdde678be96916ec203f1c3e4e DependenciesID=41800095b53d39e0887a3f44fe914862 StaticDependenciesID=8c21ccae83331d57204548441a0bf336 
Number of updated asset objects reloaded before import = 0
Number of asset objects unloaded after import = 1
========================================================================
Received Import Request.
  Time of request: 2026-09-20T00:01:44.7928754Z
  Time since last request: 0.0005331 seconds.
  importAddress: GUID: 0de03ebd74e2b474fa23d05ab42d0cd8 - Path: Packages/com.unity.test-framework/UnityEditor.TestRunner/Api/CallbacksDelegator.cs - Importer: ScriptedImporter/UnityEditor.QuickSearchModule:UnityEditor.Search:ASIAI0B
Importing 'GUID: 0de03ebd74e2b474fa23d05ab42d0cd8 - Path: Packages/com.unity.test-framework/UnityEditor.TestRunner/Api/CallbacksDelegator.cs - Importer: ScriptedImporter/UnityEditor.QuickSearchModule:UnityEditor.Search:ASIAI0B' with importer (ScriptedImporter : UnityEditor.QuickSearchModule:UnityEditor.Search:ASIAI0B)
Imported 'GUID: 0de03ebd74e2b474fa23d05ab42d0cd8' -> (Import Result ID: 'eea00e58bf5baf85f68f3647aae5aac5') in 0.003 seconds [static and dynamic dependencies]. Details - ImportResultOutputID=62d4fe35ec62bb7023df453c1bae504c DependenciesID=f6a1c82e616231b31ef8427143fa63ab StaticDependenciesID=6956a6c37efa0ac0f4af8f0121757ab2 
Number of updated asset objects reloaded before import = 0
Number of asset objects unloaded after import = 0
========================================================================
Received Import Request.
  Time of request: 2026-09-20T00:01:44.7967191Z
  Time since last request: 0.0005778 seconds.
  importAddress: GUID: 8f8f74fe8e363da42875d9cab025d3b2 - Path: Packages/com.unity.test-framework/UnityEditor.TestRunner/Api/ICallbacksDelegator.cs - Importer: ScriptedImporter/UnityEditor.QuickSearchModule:UnityEditor.Search:ASIAI0B
Importing 'GUID: 8f8f74fe8e363da42875d9cab025d3b2 - Path: Packages/com.unity.test-framework/UnityEditor.TestRunner/Api/ICallbacksDelegator.cs - Importer: ScriptedImporter/UnityEditor.QuickSearchModule:UnityEditor.Search:ASIAI0B' with importer (ScriptedImporter : UnityEditor.QuickSearchModule:UnityEditor.Search:ASIAI0B)
Imported 'GUID: 8f8f74fe8e363da42875d9cab025d3b2' -> (Import Result ID: 'a155e6e975bc3818b46d11e11240eb15') in 0.006 seconds [static and dynamic dependencies]. Details - ImportResultOutputID=1e5b55150e5d16e361089f5d45533808 DependenciesID=2fed192f48a5b27096863a635abe045e StaticDependenciesID=7954d5009055c5c5564f56de736ff009 
Number of updated asset objects reloaded before import = 0
Number of asset objects unloaded after import = 0
========================================================================
Received Import Request.
  Time of request: 2026-09-20T00:01:44.8033209Z
  Time since last request: 0.0006699 seconds.
  importAddress: GUID: 906c12bc9cd95d3963c6d58f62522c78 - Path: Packages/com.unity.modules.cloth/package.json - Importer: ScriptedImporter/UnityEditor.QuickSearchModule:UnityEditor.Search:ASIAI0B
Importing 'GUID: 906c12bc9cd95d3963c6d58f62522c78 - Path: Packages/com.unity.modules.cloth/package.json - Importer: ScriptedImporter/UnityEditor.QuickSearchModule:UnityEditor.Search:ASIAI0B' with importer (ScriptedImporter : UnityEditor.QuickSearchModule:UnityEditor.Search:ASIAI0B)
Imported 'GUID: 906c12bc9cd95d3963c6d58f62522c78' -> (Import Result ID: 'c541ba6cbb6b4ff130d572168e09db5c') in 0.004 seconds [static and dynamic dependencies]. Details - ImportResultOutputID=bc6a07f00d15512edb6b703ea98f9c9b DependenciesID=20b86ed744f10286b83d666afe4b829e StaticDependenciesID=e4f5d254dabbfcded0a5350fa40ba604 
Number of updated asset objects reloaded before import = 0
Number of asset objects unloaded after import = 1
========================================================================
Received Import Request.
  Time of request: 2026-09-20T00:01:44.8079076Z
  Time since last request: 0.0007182 seconds.
  importAddress: GUID: cc22cc13b69c1094c85e176c008b9ef8 - Path: Packages/com.unity.test-framework/UnityEngine.TestRunner/AssemblyInfo.cs - Importer: ScriptedImporter/UnityEditor.QuickSearchModule:UnityEditor.Search:ASIAI0B
Importing 'GUID: cc22cc13b69c1094c85e176c008b9ef8 - Path: Packages/com.unity.test-framework/UnityEngine.TestRunner/AssemblyInfo.cs - Importer: ScriptedImporter/UnityEditor.QuickSearchModule:UnityEditor.Search:ASIAI0B' with importer (ScriptedImporter : UnityEditor.QuickSearchModule:UnityEditor.Search:ASIAI0B)
Imported 'GUID: cc22cc13b69c1094c85e176c008b9ef8' -> (Import Result ID: '20ad6b9d074245ef55fe951d1c4cf510') in 0.006 seconds [static and dynamic dependencies]. Details - ImportResultOutputID=66d6ab169ef8b66fefb254ee5ca5aee6 DependenciesID=9eb38734df1bb54bdf36390a01eb6ec2 StaticDependenciesID=f53d9b64040c6551589986c6e2ca8099 
Number of updated asset objects reloaded before import = 0
Number of asset objects unloaded after import = 0
========================================================================
Received Import Request.
  Time of request: 2026-09-20T00:01:44.8148899Z
  Time since last request: 0.0006143 seconds.
  importAddress: GUID: 71136fc5cf34f2cc10be0e33c0b08019 - Path: Packages/com.unity.modules.unityanalytics/package.ModuleCompilationTrigger - Importer: ScriptedImporter/UnityEditor.QuickSearchModule:UnityEditor.Search:ASIAI0B
Importing 'GUID: 71136fc5cf34f2cc10be0e33c0b08019 - Path: Packages/com.unity.modules.unityanalytics/package.ModuleCompilationTrigger - Importer: ScriptedImporter/UnityEditor.QuickSearchModule:UnityEditor.Search:ASIAI0B' with importer (ScriptedImporter : UnityEditor.QuickSearchModule:UnityEditor.Search:ASIAI0B)
Imported 'GUID: 71136fc5cf34f2cc10be0e33c0b08019' -> (Import Result ID: '0fa49a12ff46d3c7ab097b6b09dd2beb') in 0.005 seconds [static and dynamic dependencies]. Details - ImportResultOutputID=7aa3f1a560a37e666c68a709e66356bd DependenciesID=eb06d6fd3d3f02ac2f113277ad8b336b StaticDependenciesID=8507865ad451bfbe28783b12d3cc641d 
Number of updated asset objects reloaded before import = 0
Number of asset objects unloaded after import = 1
========================================================================
Received Import Request.
  Time of request: 2026-09-20T00:01:44.8204079Z
  Time since last request: 0.0006507 seconds.
  importAddress: GUID: a785dd14005a471483d6732fabeee0ea - Path: Packages/com.unity.test-framework/UnityEditor.TestRunner/Api/IgnoreTest.cs - Importer: ScriptedImporter/UnityEditor.QuickSearchModule:UnityEditor.Search:ASIAI0B
Importing 'GUID: a785dd14005a471483d6732fabeee0ea - Path: Packages/com.unity.test-framework/UnityEditor.TestRunner/Api/IgnoreTest.cs - Importer: ScriptedImporter/UnityEditor.QuickSearchModule:UnityEditor.Search:ASIAI0B' with importer (ScriptedImporter : UnityEditor.QuickSearchModule:UnityEditor.Search:ASIAI0B)
Imported 'GUID: a785dd14005a471483d6732fabeee0ea' -> (Import Result ID: '07e8f40e5dc8fada70cb810adc1a6576') in 0.004 seconds [static and dynamic dependencies]. Details - ImportResultOutputID=539972f74ffd59ad1108f582fba1d2e0 DependenciesID=b3f8b3682d51a2ed9546bbd40baa599f StaticDependenciesID=57d2823d25f02ad23dc3d96601ae3177 
Number of updated asset objects reloaded before import = 0
Number of asset objects unloaded after import = 0
========================================================================
Received Import Request.
  Time of request: 2026-09-20T00:01:44.8248757Z
  Time since last request: 0.0005544 seconds.
  importAddress: GUID: 1af35a910338381f753e8a985eb5daab - Path: Packages/com.unity.modules.adaptiveperformance/package.ModuleCompilationTrigger - Importer: ScriptedImporter/UnityEditor.QuickSearchModule:UnityEditor.Search:ASIAI0B
Importing 'GUID: 1af35a910338381f753e8a985eb5daab - Path: Packages/com.unity.modules.adaptiveperformance/package.ModuleCompilationTrigger - Importer: ScriptedImporter/UnityEditor.QuickSearchModule:UnityEditor.Search:ASIAI0B' with importer (ScriptedImporter : UnityEditor.QuickSearchModule:UnityEditor.Search:ASIAI0B)
Imported 'GUID: 1af35a910338381f753e8a985eb5daab' -> (Import Result ID: '073a9fb29424c1a7857788ce6739347d') in 0.004 seconds [static and dynamic dependencies]. Details - ImportResultOutputID=3fe9b5a0d2db2e2c06a6cb1d345f52d9 DependenciesID=644d62ef7393b679f25b3cad26361fd9 StaticDependenciesID=240968e60e77e5aecfdc998497fedb23 
Number of updated asset objects reloaded before import = 0
Number of asset objects unloaded after import = 1
========================================================================
Received Import Request.
  Time of request: 2026-09-20T00:01:44.8292544Z
  Time since last request: 0.0005323 seconds.
  importAddress: GUID: 4884ccc3528cb2e40a0e6f0a19a2b35b - Path: Packages/com.unity.test-framework/UnityEditor.TestRunner/Api/CallbacksHolder.cs - Importer: ScriptedImporter/UnityEditor.QuickSearchModule:UnityEditor.Search:ASIAI0B
Importing 'GUID: 4884ccc3528cb2e40a0e6f0a19a2b35b - Path: Packages/com.unity.test-framework/UnityEditor.TestRunner/Api/CallbacksHolder.cs - Importer: ScriptedImporter/UnityEditor.QuickSearchModule:UnityEditor.Search:ASIAI0B' with importer (ScriptedImporter : UnityEditor.QuickSearchModule:UnityEditor.Search:ASIAI0B)
Imported 'GUID: 4884ccc3528cb2e40a0e6f0a19a2b35b' -> (Import Result ID: '4092f87000a4ca88b838417aa261d9f8') in 0.005 seconds [static and dynamic dependencies]. Details - ImportResultOutputID=4aab63a451e4bfa6c76f75dc3fdc994d DependenciesID=c7f6f4deaa07e34adf076b5bf2f538b0 StaticDependenciesID=7df732efdf87224a9187459c44a44317 
Number of updated asset objects reloaded before import = 0
Number of asset objects unloaded after import = 0
========================================================================
Received Import Request.
  Time of request: 2026-09-20T00:01:44.8348597Z
  Time since last request: 0.0005509 seconds.
  importAddress: GUID: 05f92e4a2414cb144a92157752dfa324 - Path: Packages/com.unity.test-framework/UnityEditor.TestRunner/Api/Filter.cs - Importer: ScriptedImporter/UnityEditor.QuickSearchModule:UnityEditor.Search:ASIAI0B
Importing 'GUID: 05f92e4a2414cb144a92157752dfa324 - Path: Packages/com.unity.test-framework/UnityEditor.TestRunner/Api/Filter.cs - Importer: ScriptedImporter/UnityEditor.QuickSearchModule:UnityEditor.Search:ASIAI0B' with importer (ScriptedImporter : UnityEditor.QuickSearchModule:UnityEditor.Search:ASIAI0B)
Imported 'GUID: 05f92e4a2414cb144a92157752dfa324' -> (Import Result ID: 'c30f5609b9bdc432a869b055200b8b32') in 0.004 seconds [static and dynamic dependencies]. Details - ImportResultOutputID=78a1dd3168166dfe254cefe1a1f3e169 DependenciesID=c45ce1e6588e79780adc98f52181aef9 StaticDependenciesID=60c9d2d5f92c0f9c549a7b45435fd27e 
Number of updated asset objects reloaded before import = 0
Number of asset objects unloaded after import = 0
========================================================================
Received Import Request.
  Time of request: 2026-09-20T00:01:44.8401018Z
  Time since last request: 0.0006526 seconds.
  importAddress: GUID: 2adec19fac7df68adf1fd6eb83197bb1 - Path: Packages/com.unity.modules.wind/package.ModuleCompilationTrigger - Importer: ScriptedImporter/UnityEditor.QuickSearchModule:UnityEditor.Search:ASIAI0B
Importing 'GUID: 2adec19fac7df68adf1fd6eb83197bb1 - Path: Packages/com.unity.modules.wind/package.ModuleCompilationTrigger - Importer: ScriptedImporter/UnityEditor.QuickSearchModule:UnityEditor.Search:ASIAI0B' with importer (ScriptedImporter : UnityEditor.QuickSearchModule:UnityEditor.Search:ASIAI0B)
Imported 'GUID: 2adec19fac7df68adf1fd6eb83197bb1' -> (Import Result ID: 'cafab051242d2d07eb02cd29006af0b2') in 0.004 seconds [static and dynamic dependencies]. Details - ImportResultOutputID=276738df82e32c01f60c232ad0a5f1c0 DependenciesID=c05b6eeb8f778b05dc504c7d54ab24c1 StaticDependenciesID=7d6377f0c2e07b3fdbd76e5e99217c9c 
Number of updated asset objects reloaded before import = 0
Number of asset objects unloaded after import = 1
========================================================================
Received Import Request.
  Time of request: 2026-09-20T00:01:44.8452063Z
  Time since last request: 0.000568 seconds.
  importAddress: GUID: bfd567a3d1631a761bca9e99fa53d86d - Path: Packages/com.unity.modules.ui/package.json - Importer: ScriptedImporter/UnityEditor.QuickSearchModule:UnityEditor.Search:ASIAI0B
Importing 'GUID: bfd567a3d1631a761bca9e99fa53d86d - Path: Packages/com.unity.modules.ui/package.json - Importer: ScriptedImporter/UnityEditor.QuickSearchModule:UnityEditor.Search:ASIAI0B' with importer (ScriptedImporter : UnityEditor.QuickSearchModule:UnityEditor.Search:ASIAI0B)
Imported 'GUID: bfd567a3d1631a761bca9e99fa53d86d' -> (Import Result ID: 'ee491072e30ee6c5e4419538cd43b8d1') in 0.004 seconds [static and dynamic dependencies]. Details - ImportResultOutputID=e95d3663e3e4b9841826b5a33701609f DependenciesID=3b76b855b8d5889ff66709a47f077cb0 StaticDependenciesID=527c6c7bdd026b4fe5d73a6d3bd673b4 
Number of updated asset objects reloaded before import = 0
Number of asset objects unloaded after import = 1
========================================================================
Received Import Request.
  Time of request: 2026-09-20T00:01:44.8500705Z
  Time since last request: 0.0006162 seconds.
  importAddress: GUID: 26a4f29db434fd79025c91f6126382cc - Path: Packages/com.unity.modules.unityanalytics/package.json - Importer: ScriptedImporter/UnityEditor.QuickSearchModule:UnityEditor.Search:ASIAI0B
Importing 'GUID: 26a4f29db434fd79025c91f6126382cc - Path: Packages/com.unity.modules.unityanalytics/package.json - Importer: ScriptedImporter/UnityEditor.QuickSearchModule:UnityEditor.Search:ASIAI0B' with importer (ScriptedImporter : UnityEditor.QuickSearchModule:UnityEditor.Search:ASIAI0B)
Imported 'GUID: 26a4f29db434fd79025c91f6126382cc' -> (Import Result ID: '45adeef30b1d78f2fc155f5e0600345d') in 0.004 seconds [static and dynamic dependencies]. Details - ImportResultOutputID=2d08e2d63568733cb51b59bd45b703ac DependenciesID=6b82500443e5b3526d697aba2a680102 StaticDependenciesID=6f60170cfa0ce512ddb616ebe8b1a8a5 
Number of updated asset objects reloaded before import = 0
Number of asset objects unloaded after import = 1
========================================================================
Received Import Request.
  Time of request: 2026-09-20T00:01:44.8548664Z
  Time since last request: 0.0005299 seconds.
  importAddress: GUID: d2146428d3f1ad54eb7326c9a44b3284 - Path: Packages/com.unity.test-framework/UnityEditor.TestRunner/RequirePlatformSupportAttribute.cs - Importer: ScriptedImporter/UnityEditor.QuickSearchModule:UnityEditor.Search:ASIAI0B
Importing 'GUID: d2146428d3f1ad54eb7326c9a44b3284 - Path: Packages/com.unity.test-framework/UnityEditor.TestRunner/RequirePlatformSupportAttribute.cs - Importer: ScriptedImporter/UnityEditor.QuickSearchModule:UnityEditor.Search:ASIAI0B' with importer (ScriptedImporter : UnityEditor.QuickSearchModule:UnityEditor.Search:ASIAI0B)
Imported 'GUID: d2146428d3f1ad54eb7326c9a44b3284' -> (Import Result ID: 'a4924f92914d0a4343160884af254f97') in 0.004 seconds [static and dynamic dependencies]. Details - ImportResultOutputID=69988e259e44b90c815098de3f03ec9a DependenciesID=e1f32c5f560a3bc8201c49361cd0e5f5 StaticDependenciesID=9946ec7ecbdf91e9f8b4ed83349dbc8f 
Number of updated asset objects reloaded before import = 0
Number of asset objects unloaded after import = 0
========================================================================
Received Import Request.
  Time of request: 2026-09-20T00:01:44.8596609Z
  Time since last request: 0.0004757 seconds.
  importAddress: GUID: d6a2e6e4803de7b43baacdc355fc144d - Path: Packages/com.unity.test-framework/package.json - Importer: ScriptedImporter/UnityEditor.QuickSearchModule:UnityEditor.Search:ASIAI0B
Importing 'GUID: d6a2e6e4803de7b43baacdc355fc144d - Path: Packages/com.unity.test-framework/package.json - Importer: ScriptedImporter/UnityEditor.QuickSearchModule:UnityEditor.Search:ASIAI0B' with importer (ScriptedImporter : UnityEditor.QuickSearchModule:UnityEditor.Search:ASIAI0B)
Imported 'GUID: d6a2e6e4803de7b43baacdc355fc144d' -> (Import Result ID: '0f9bad011de5bf0179b015d0548dc0d5') in 0.003 seconds [static and dynamic dependencies]. Details - ImportResultOutputID=4eaeb2afc4eb0d2131eec4fc2b2c7090 DependenciesID=ab75fb444de6bb7f85f2379bc2dd56c7 StaticDependenciesID=b823cd5048a980fd864347b07ed3262d 
Number of updated asset objects reloaded before import = 0
Number of asset objects unloaded after import = 1
========================================================================
Received Import Request.
  Time of request: 2026-09-20T00:01:44.8631813Z
  Time since last request: 0.0005445 seconds.
  importAddress: GUID: d691174143fd3774ba63d7c493633b99 - Path: Packages/com.unity.test-framework/CHANGELOG.md - Importer: ScriptedImporter/UnityEditor.QuickSearchModule:UnityEditor.Search:ASIAI0B
Importing 'GUID: d691174143fd3774ba63d7c493633b99 - Path: Packages/com.unity.test-framework/CHANGELOG.md - Importer: ScriptedImporter/UnityEditor.QuickSearchModule:UnityEditor.Search:ASIAI0B' with importer (ScriptedImporter : UnityEditor.QuickSearchModule:UnityEditor.Search:ASIAI0B)
Imported 'GUID: d691174143fd3774ba63d7c493633b99' -> (Import Result ID: 'e895bbadce4c6e4dc6df302ca5d3a589') in 0.004 seconds [static and dynamic dependencies]. Details - ImportResultOutputID=f3008b35b096921513c5c51ea8f02ad1 DependenciesID=61efefac353436028b797e94e59473a8 StaticDependenciesID=e387f95e43dc5026f29d0c5dda8c95f4 
Number of updated asset objects reloaded before import = 0
Number of asset objects unloaded after import = 1
========================================================================
Received Import Request.
  Time of request: 2026-09-20T00:01:44.8758233Z
  Time since last request: 0.0085 seconds.
  importAddress: GUID: fd57cf917f61bbb42b8f030436426ddd - Path: Packages/com.unity.test-framework/UnityEditor.TestRunner/GUI/IGuiHelper.cs - Importer: ScriptedImporter/UnityEditor.QuickSearchModule:UnityEditor.Search:ASIAI0B
Importing 'GUID: fd57cf917f61bbb42b8f030436426ddd - Path: Packages/com.unity.test-framework/UnityEditor.TestRunner/GUI/IGuiHelper.cs - Importer: ScriptedImporter/UnityEditor.QuickSearchModule:UnityEditor.Search:ASIAI0B' with importer (ScriptedImporter : UnityEditor.QuickSearchModule:UnityEditor.Search:ASIAI0B)
Imported 'GUID: fd57cf917f61bbb42b8f030436426ddd' -> (Import Result ID: '7aee9f25f9b851408731c2110740895d') in 0.003 seconds [static and dynamic dependencies]. Details - ImportResultOutputID=917a46806e5eacf47e1205c0e11e81ff DependenciesID=9b862fd73279a6c41b86240aa192177b StaticDependenciesID=2eb4cef07b65690c274a0a3b7cdbd376 
Number of updated asset objects reloaded before import = 0
Number of asset objects unloaded after import = 0
========================================================================
Received Import Request.
  Time of request: 2026-09-20T00:01:44.8799681Z
  Time since last request: 0.0006212 seconds.
  importAddress: GUID: 1ebc1994f9a3d5649a1201d3a84b38df - Path: Packages/com.unity.test-framework/UnityEditor.TestRunner/TestRunner/EditorEnumeratorTestWorkItem.cs - Importer: ScriptedImporter/UnityEditor.QuickSearchModule:UnityEditor.Search:ASIAI0B
Importing 'GUID: 1ebc1994f9a3d5649a1201d3a84b38df - Path: Packages/com.unity.test-framework/UnityEditor.TestRunner/TestRunner/EditorEnumeratorTestWorkItem.cs - Importer: ScriptedImporter/UnityEditor.QuickSearchModule:UnityEditor.Search:ASIAI0B' with importer (ScriptedImporter : UnityEditor.QuickSearchModule:UnityEditor.Search:ASIAI0B)
Imported 'GUID: 1ebc1994f9a3d5649a1201d3a84b38df' -> (Import Result ID: 'de3abd06ff8777ab624a26e8b2f5a753') in 0.004 seconds [static and dynamic dependencies]. Details - ImportResultOutputID=90eed0eb91180cef47c0fdf14501d5d6 DependenciesID=9f63bd9e4b9469d8dda23c9aa6909c4c StaticDependenciesID=b6a9a3b86269b0e2314f180a312048da 
Number of updated asset objects reloaded before import = 0
Number of asset objects unloaded after import = 0
========================================================================
Received Import Request.
  Time of request: 2026-09-20T00:01:44.8849168Z
  Time since last request: 0.000741 seconds.
  importAddress: GUID: 9ec94545c5b00344c9bd8e691f15d799 - Path: Packages/com.unity.test-framework/UnityEditor.TestRunner/Api/TestStatus.cs - Importer: ScriptedImporter/UnityEditor.QuickSearchModule:UnityEditor.Search:ASIAI0B
Importing 'GUID: 9ec94545c5b00344c9bd8e691f15d799 - Path: Packages/com.unity.test-framework/UnityEditor.TestRunner/Api/TestStatus.cs - Importer: ScriptedImporter/UnityEditor.QuickSearchModule:UnityEditor.Search:ASIAI0B' with importer (ScriptedImporter : UnityEditor.QuickSearchModule:UnityEditor.Search:ASIAI0B)
Imported 'GUID: 9ec94545c5b00344c9bd8e691f15d799' -> (Import Result ID: 'e7c2cacfc54799b98f4a8e40a661328d') in 0.004 seconds [static and dynamic dependencies]. Details - ImportResultOutputID=0c111e500331c4c8ba38015bd5b5058f DependenciesID=16a0d4f0141dd0b85892eb376ed26374 StaticDependenciesID=9c779fc6beac438917aa1e2fbf7c51e3 
Number of updated asset objects reloaded before import = 0
Number of asset objects unloaded after import = 0
========================================================================
Received Import Request.
  Time of request: 2026-09-20T00:01:44.8900711Z
  Time since last request: 0.0005818 seconds.
  importAddress: GUID: c3a75354f6ceac94ca15ca9d96593290 - Path: Packages/com.unity.test-framework/UnityEditor.TestRunner/CommandLineTest/ExecutionSettings.cs - Importer: ScriptedImporter/UnityEditor.QuickSearchModule:UnityEditor.Search:ASIAI0B
Importing 'GUID: c3a75354f6ceac94ca15ca9d96593290 - Path: Packages/com.unity.test-framework/UnityEditor.TestRunner/CommandLineTest/ExecutionSettings.cs - Importer: ScriptedImporter/UnityEditor.QuickSearchModule:UnityEditor.Search:ASIAI0B' with importer (ScriptedImporter : UnityEditor.QuickSearchModule:UnityEditor.Search:ASIAI0B)
Imported 'GUID: c3a75354f6ceac94ca15ca9d96593290' -> (Import Result ID: '9a5dfd2f3038fc002368fbd7b076f83c') in 0.003 seconds [static and dynamic dependencies]. Details - ImportResultOutputID=311c6313cc83491a1177aa98cae69886 DependenciesID=21a757e4b9106c5bb9eef189ec615d0c StaticDependenciesID=afa8476758fc3d377f20edf925d7f160 
Number of updated asset objects reloaded before import = 0
Number of asset objects unloaded after import = 0
========================================================================
Received Import Request.
  Time of request: 2026-09-20T00:01:44.894234Z
  Time since last request: 0.0005342 seconds.
  importAddress: GUID: 0b677ddfd54046c498a20446baa4f932 - Path: Packages/com.unity.test-framework/UnityEditor.TestRunner/TestRun/TestJobRunner.cs - Importer: ScriptedImporter/UnityEditor.QuickSearchModule:UnityEditor.Search:ASIAI0B
Importing 'GUID: 0b677ddfd54046c498a20446baa4f932 - Path: Packages/com.unity.test-framework/UnityEditor.TestRunner/TestRun/TestJobRunner.cs - Importer: ScriptedImporter/UnityEditor.QuickSearchModule:UnityEditor.Search:ASIAI0B' with importer (ScriptedImporter : UnityEditor.QuickSearchModule:UnityEditor.Search:ASIAI0B)
Imported 'GUID: 0b677ddfd54046c498a20446baa4f932' -> (Import Result ID: 'b5a155908dad1f5783ce10bfd35b9bba') in 0.003 seconds [static and dynamic dependencies]. Details - ImportResultOutputID=f01ad0edfbd323e750e554edc7d5fc6c DependenciesID=f5dded49109d81a876759f2d8ccfd554 StaticDependenciesID=8fd506d74e5289bd98d42135746853d4 
Number of updated asset objects reloaded before import = 0
Number of asset objects unloaded after import = 0
========================================================================
Received Import Request.
  Time of request: 2026-09-20T00:01:44.8990884Z
  Time since last request: 0.0010905 seconds.
  importAddress: GUID: c1cba6f3ed484514097080a3bb835958 - Path: Packages/com.unity.test-framework/UnityEditor.TestRunner/TestLaunchers/PlayerLauncherTestRunSettings.cs - Importer: ScriptedImporter/UnityEditor.QuickSearchModule:UnityEditor.Search:ASIAI0B
Importing 'GUID: c1cba6f3ed484514097080a3bb835958 - Path: Packages/com.unity.test-framework/UnityEditor.TestRunner/TestLaunchers/PlayerLauncherTestRunSettings.cs - Importer: ScriptedImporter/UnityEditor.QuickSearchModule:UnityEditor.Search:ASIAI0B' with importer (ScriptedImporter : UnityEditor.QuickSearchModule:UnityEditor.Search:ASIAI0B)
Imported 'GUID: c1cba6f3ed484514097080a3bb835958' -> (Import Result ID: '2d7693588e536525c0860f148dd2924b') in 0.007 seconds [static and dynamic dependencies]. Details - ImportResultOutputID=ead1a110e3fc18c638c68f469531c6bf DependenciesID=2409d44749e15f51375141a57211a2f7 StaticDependenciesID=3155a1a25699f8d3115a1267ff76b403 
Number of updated asset objects reloaded before import = 0
Number of asset objects unloaded after import = 0
========================================================================
Received Import Request.
  Time of request: 2026-09-20T00:01:44.9064399Z
  Time since last request: 0.0005292 seconds.
  importAddress: GUID: 68993ba529ae04440916cb7c23bf3279 - Path: Packages/com.unity.test-framework/UnityEditor.TestRunner/Api/TestRunnerApi.cs - Importer: ScriptedImporter/UnityEditor.QuickSearchModule:UnityEditor.Search:ASIAI0B
Importing 'GUID: 68993ba529ae04440916cb7c23bf3279 - Path: Packages/com.unity.test-framework/UnityEditor.TestRunner/Api/TestRunnerApi.cs - Importer: ScriptedImporter/UnityEditor.QuickSearchModule:UnityEditor.Search:ASIAI0B' with importer (ScriptedImporter : UnityEditor.QuickSearchModule:UnityEditor.Search:ASIAI0B)
Imported 'GUID: 68993ba529ae04440916cb7c23bf3279' -> (Import Result ID: '83d2b2fbf6c07a359319f71738dd87fd') in 0.003 seconds [static and dynamic dependencies]. Details - ImportResultOutputID=59661ead6508304ae290e8793ab58162 DependenciesID=6de3e8eee79aded34a6c69268d58ac79 StaticDependenciesID=754849f34c4b4068be8d2faa9209612d 
Number of updated asset objects reloaded before import = 0
Number of asset objects unloaded after import = 0
========================================================================
Received Import Request.
  Time of request: 2026-09-20T00:01:44.9103566Z
  Time since last request: 0.0005172 seconds.
  importAddress: GUID: 6965880f76f40194593cb53a88f74005 - Path: Packages/com.unity.test-framework/UnityEditor.TestRunner/TestLaunchers/PlayerLauncherContextSettings.cs - Importer: ScriptedImporter/UnityEditor.QuickSearchModule:UnityEditor.Search:ASIAI0B
Importing 'GUID: 6965880f76f40194593cb53a88f74005 - Path: Packages/com.unity.test-framework/UnityEditor.TestRunner/TestLaunchers/PlayerLauncherContextSettings.cs - Importer: ScriptedImporter/UnityEditor.QuickSearchModule:UnityEditor.Search:ASIAI0B' with importer (ScriptedImporter : UnityEditor.QuickSearchModule:UnityEditor.Search:ASIAI0B)
Imported 'GUID: 6965880f76f40194593cb53a88f74005' -> (Import Result ID: '9489ab0de7b670a44a4ca03cb1391868') in 0.004 seconds [static and dynamic dependencies]. Details - ImportResultOutputID=05b7d528b5d436b4c7c6b9756587d126 DependenciesID=27cb9d11bcb2413873df95eb57655cfa StaticDependenciesID=34d0ed5a4f429a95e311cc363dac0794 
Number of updated asset objects reloaded before import = 0
Number of asset objects unloaded after import = 0
========================================================================
Received Import Request.
  Time of request: 2026-09-20T00:01:44.915637Z
  Time since last request: 0.0007512 seconds.
  importAddress: GUID: d061ada5d3169454daf54243390b5fdb - Path: Packages/com.unity.test-framework/UnityEditor.TestRunner/Api/TestResultAdaptor.cs - Importer: ScriptedImporter/UnityEditor.QuickSearchModule:UnityEditor.Search:ASIAI0B
Importing 'GUID: d061ada5d3169454daf54243390b5fdb - Path: Packages/com.unity.test-framework/UnityEditor.TestRunner/Api/TestResultAdaptor.cs - Importer: ScriptedImporter/UnityEditor.QuickSearchModule:UnityEditor.Search:ASIAI0B' with importer (ScriptedImporter : UnityEditor.QuickSearchModule:UnityEditor.Search:ASIAI0B)
Imported 'GUID: d061ada5d3169454daf54243390b5fdb' -> (Import Result ID: '38a6d8d386ae355cd0fb6078c4fe691c') in 0.004 seconds [static and dynamic dependencies]. Details - ImportResultOutputID=6cf795f4d4382540a9e54343e8c90e82 DependenciesID=ffb5573e2bf1d7f9277487b25cc49dd2 StaticDependenciesID=51ba3c87d01a84bd9d7eed4b08bd2246 
Number of updated asset objects reloaded before import = 0
Number of asset objects unloaded after import = 0
========================================================================
Received Import Request.
  Time of request: 2026-09-20T00:01:44.9204867Z
  Time since last request: 0.0005917 seconds.
  importAddress: GUID: 0efb23ecb373b6d4bbe5217485785138 - Path: Packages/com.unity.test-framework/UnityEditor.TestRunner/TestLaunchers/RuntimeTestLauncherBase.cs - Importer: ScriptedImporter/UnityEditor.QuickSearchModule:UnityEditor.Search:ASIAI0B
Importing 'GUID: 0efb23ecb373b6d4bbe5217485785138 - Path: Packages/com.unity.test-framework/UnityEditor.TestRunner/TestLaunchers/RuntimeTestLauncherBase.cs - Importer: ScriptedImporter/UnityEditor.QuickSearchModule:UnityEditor.Search:ASIAI0B' with importer (ScriptedImporter : UnityEditor.QuickSearchModule:UnityEditor.Search:ASIAI0B)
Imported 'GUID: 0efb23ecb373b6d4bbe5217485785138' -> (Import Result ID: 'e701dcf4c2fe3287a46c2dc5ad0bcd55') in 0.003 seconds [static and dynamic dependencies]. Details - ImportResultOutputID=3ac391807d7b0bbb8a49c40d2754e143 DependenciesID=d38ba64523b057d91c5a52f7eb86e695 StaticDependenciesID=c701a182c46cb222181bc33d4be15d36 
Number of updated asset objects reloaded before import = 0
Number of asset objects unloaded after import = 0
========================================================================
Received Import Request.
  Time of request: 2026-09-20T00:01:44.9244931Z
  Time since last request: 0.0004814 seconds.
  importAddress: GUID: 317f06562c344e22991ba4117cf7b71c - Path: Packages/com.unity.test-framework/UnityEditor.TestRunner/CommandLineTest/TestState.cs - Importer: ScriptedImporter/UnityEditor.QuickSearchModule:UnityEditor.Search:ASIAI0B
Importing 'GUID: 317f06562c344e22991ba4117cf7b71c - Path: Packages/com.unity.test-framework/UnityEditor.TestRunner/CommandLineTest/TestState.cs - Importer: ScriptedImporter/UnityEditor.QuickSearchModule:UnityEditor.Search:ASIAI0B' with importer (ScriptedImporter : UnityEditor.QuickSearchModule:UnityEditor.Search:ASIAI0B)
Imported 'GUID: 317f06562c344e22991ba4117cf7b71c' -> (Import Result ID: '1920344c32ae6ca5654d2aa6f28a90c0') in 0.003 seconds [static and dynamic dependencies]. Details - ImportResultOutputID=fb70d9fc2a20d124133d8e1f563ec318 DependenciesID=32479aa1941354a4d19eb1832f911762 StaticDependenciesID=baf2324983a048270130813dd53baff7 
Number of updated asset objects reloaded before import = 0
Number of asset objects unloaded after import = 0
========================================================================
Received Import Request.
  Time of request: 2026-09-20T00:01:44.928278Z
  Time since last request: 0.0005015 seconds.
  importAddress: GUID: d56e34a052c646e39a3317c404303e5f - Path: Packages/com.unity.test-framework/UnityEditor.TestRunner/CommandLineTest/IRunData.cs - Importer: ScriptedImporter/UnityEditor.QuickSearchModule:UnityEditor.Search:ASIAI0B
Importing 'GUID: d56e34a052c646e39a3317c404303e5f - Path: Packages/com.unity.test-framework/UnityEditor.TestRunner/CommandLineTest/IRunData.cs - Importer: ScriptedImporter/UnityEditor.QuickSearchModule:UnityEditor.Search:ASIAI0B' with importer (ScriptedImporter : UnityEditor.QuickSearchModule:UnityEditor.Search:ASIAI0B)
Imported 'GUID: d56e34a052c646e39a3317c404303e5f' -> (Import Result ID: '16c49d71cccda6c352d815a5c0759d49') in 0.007 seconds [static and dynamic dependencies]. Details - ImportResultOutputID=43ef2ce2bca7f27cab74c64026f58538 DependenciesID=4d741d964bde4fc39ff151107d551683 StaticDependenciesID=7ff8c2ab1277532dcaf09c7e260f9470 
Number of updated asset objects reloaded before import = 0
Number of asset objects unloaded after import = 0
========================================================================
Received Import Request.
  Time of request: 2026-09-20T00:01:44.9361785Z
  Time since last request: 0.0004972 seconds.
  importAddress: GUID: 8d20eedbe40f0ce41a4c4f633f225de8 - Path: Packages/com.unity.test-framework/UnityEditor.TestRunner/CommandLineTest/LogSavingCallbacks.cs - Importer: ScriptedImporter/UnityEditor.QuickSearchModule:UnityEditor.Search:ASIAI0B
Importing 'GUID: 8d20eedbe40f0ce41a4c4f633f225de8 - Path: Packages/com.unity.test-framework/UnityEditor.TestRunner/CommandLineTest/LogSavingCallbacks.cs - Importer: ScriptedImporter/UnityEditor.QuickSearchModule:UnityEditor.Search:ASIAI0B' with importer (ScriptedImporter : UnityEditor.QuickSearchModule:UnityEditor.Search:ASIAI0B)
Imported 'GUID: 8d20eedbe40f0ce41a4c4f633f225de8' -> (Import Result ID: '963a5f421e884670222de1b9cffaecbf') in 0.003 seconds [static and dynamic dependencies]. Details - ImportResultOutputID=15f20ceb35a69d2c7f5e615280d4beaf DependenciesID=15f612bdd001ad131e5ae3a3481f2798 StaticDependenciesID=0d896d99350f2516a2cade7525b85541 
Number of updated asset objects reloaded before import = 0
Number of asset objects unloaded after import = 0
========================================================================
Received Import Request.
  Time of request: 2026-09-20T00:01:44.9399577Z
  Time since last request: 0.0005748 seconds.
  importAddress: GUID: 416b65350c010294db54ceca7fd02072 - Path: Packages/com.unity.test-framework/UnityEditor.TestRunner/TestRun/RequiredTestRunDataMissingException.cs - Importer: ScriptedImporter/UnityEditor.QuickSearchModule:UnityEditor.Search:ASIAI0B
Importing 'GUID: 416b65350c010294db54ceca7fd02072 - Path: Packages/com.unity.test-framework/UnityEditor.TestRunner/TestRun/RequiredTestRunDataMissingException.cs - Importer: ScriptedImporter/UnityEditor.QuickSearchModule:UnityEditor.Search:ASIAI0B' with importer (ScriptedImporter : UnityEditor.QuickSearchModule:UnityEditor.Search:ASIAI0B)
Imported 'GUID: 416b65350c010294db54ceca7fd02072' -> (Import Result ID: '1d62876fe5c7171b7146a99a1b00b53c') in 0.004 seconds [static and dynamic dependencies]. Details - ImportResultOutputID=8b89833346af5821f9d293853171768b DependenciesID=b9ebf48db65750169d76cf78d8267933 StaticDependenciesID=7f8451ad5a97e2eab3824238b0281a7a 
Number of updated asset objects reloaded before import = 0
Number of asset objects unloaded after import = 0
========================================================================
Received Import Request.
  Time of request: 2026-09-20T00:01:44.9447778Z
  Time since last request: 0.0005509 seconds.
  importAddress: GUID: d0663d520c26b7c48a4135599e66acf8 - Path: Packages/com.unity.test-framework/UnityEditor.TestRunner/Api/TestAdaptorFactory.cs - Importer: ScriptedImporter/UnityEditor.QuickSearchModule:UnityEditor.Search:ASIAI0B
Importing 'GUID: d0663d520c26b7c48a4135599e66acf8 - Path: Packages/com.unity.test-framework/UnityEditor.TestRunner/Api/TestAdaptorFactory.cs - Importer: ScriptedImporter/UnityEditor.QuickSearchModule:UnityEditor.Search:ASIAI0B' with importer (ScriptedImporter : UnityEditor.QuickSearchModule:UnityEditor.Search:ASIAI0B)
Imported 'GUID: d0663d520c26b7c48a4135599e66acf8' -> (Import Result ID: '4f4395656282c0665c0b62ebf8b0eb36') in 0.003 seconds [static and dynamic dependencies]. Details - ImportResultOutputID=679055a7c32050c347a518b3e7a3f4e3 DependenciesID=f7388a643d14dde283d7ae6a521d8c7b StaticDependenciesID=5af0bd7cc561666ccdf0dc8d20be5c40 
Number of updated asset objects reloaded before import = 0
Number of asset objects unloaded after import = 0
========================================================================
Received Import Request.
  Time of request: 2026-09-20T00:01:44.9490281Z
  Time since last request: 0.0005544 seconds.
  importAddress: GUID: edd2a1fe1acbbde43aad39862bb3f4a8 - Path: Packages/com.unity.test-framework/UnityEditor.TestRunner/TestLaunchers/RemotePlayerLogController.cs - Importer: ScriptedImporter/UnityEditor.QuickSearchModule:UnityEditor.Search:ASIAI0B
Importing 'GUID: edd2a1fe1acbbde43aad39862bb3f4a8 - Path: Packages/com.unity.test-framework/UnityEditor.TestRunner/TestLaunchers/RemotePlayerLogController.cs - Importer: ScriptedImporter/UnityEditor.QuickSearchModule:UnityEditor.Search:ASIAI0B' with importer (ScriptedImporter : UnityEditor.QuickSearchModule:UnityEditor.Search:ASIAI0B)
Imported 'GUID: edd2a1fe1acbbde43aad39862bb3f4a8' -> (Import Result ID: '879596406fbbfe5a058d09b6d800e20b') in 0.004 seconds [static and dynamic dependencies]. Details - ImportResultOutputID=e9319e4e2f5eb49d2abcb0088b1fd726 DependenciesID=bbb01f4cbf9117baabdd2e908248afef StaticDependenciesID=3509356e995b61c04c12cf2b47524e8d 
Number of updated asset objects reloaded before import = 0
Number of asset objects unloaded after import = 0
========================================================================
Received Import Request.
  Time of request: 2026-09-20T00:01:44.9540319Z
  Time since last request: 0.0004973 seconds.
  importAddress: GUID: 8bb59cb2f66d156418ca1bd1e2703233 - Path: Packages/com.unity.test-framework/UnityEditor.TestRunner/Api/RunState.cs - Importer: ScriptedImporter/UnityEditor.QuickSearchModule:UnityEditor.Search:ASIAI0B
Importing 'GUID: 8bb59cb2f66d156418ca1bd1e2703233 - Path: Packages/com.unity.test-framework/UnityEditor.TestRunner/Api/RunState.cs - Importer: ScriptedImporter/UnityEditor.QuickSearchModule:UnityEditor.Search:ASIAI0B' with importer (ScriptedImporter : UnityEditor.QuickSearchModule:UnityEditor.Search:ASIAI0B)
Imported 'GUID: 8bb59cb2f66d156418ca1bd1e2703233' -> (Import Result ID: '63b6de22cfa51beb07d87110d7024e76') in 0.003 seconds [static and dynamic dependencies]. Details - ImportResultOutputID=098288200301c83b70cc05f6d8c6e25c DependenciesID=dbc921cd1946fe5cfc2a68b0ce437e36 StaticDependenciesID=9cddaca81a533aa3a805354115d579c3 
Number of updated asset objects reloaded before import = 0
Number of asset objects unloaded after import = 0
========================================================================
Received Import Request.
  Time of request: 2026-09-20T00:01:44.9576259Z
  Time since last request: 0.0004503 seconds.
  importAddress: GUID: b7468a027a77337478e133b40b42b4f9 - Path: Packages/com.unity.test-framework/UnityEditor.TestRunner/CommandLineTest/SettingsBuilder.cs - Importer: ScriptedImporter/UnityEditor.QuickSearchModule:UnityEditor.Search:ASIAI0B
Importing 'GUID: b7468a027a77337478e133b40b42b4f9 - Path: Packages/com.unity.test-framework/UnityEditor.TestRunner/CommandLineTest/SettingsBuilder.cs - Importer: ScriptedImporter/UnityEditor.QuickSearchModule:UnityEditor.Search:ASIAI0B' with importer (ScriptedImporter : UnityEditor.QuickSearchModule:UnityEditor.Search:ASIAI0B)
Imported 'GUID: b7468a027a77337478e133b40b42b4f9' -> (Import Result ID: 'f0ad71bdd0c6c8bf16fa1eeba04fd013') in 0.003 seconds [static and dynamic dependencies]. Details - ImportResultOutputID=e0dd46d0ccf965fbd5c2273918c69891 DependenciesID=647d7ac623016b8a1f1b784749c03b0a StaticDependenciesID=0e63500128e71971651ed625c05d3f45 
Number of updated asset objects reloaded before import = 0
Number of asset objects unloaded after import = 0
========================================================================
Received Import Request.
  Time of request: 2026-09-20T00:01:44.961003Z
  Time since last request: 0.0005097 seconds.
  importAddress: GUID: 208e46d59ff6e304db0318377d20f5a1 - Path: Packages/com.unity.test-framework/UnityEditor.TestRunner/GUI/IAssetsDatabaseHelper.cs - Importer: ScriptedImporter/UnityEditor.QuickSearchModule:UnityEditor.Search:ASIAI0B
Importing 'GUID: 208e46d59ff6e304db0318377d20f5a1 - Path: Packages/com.unity.test-framework/UnityEditor.TestRunner/GUI/IAssetsDatabaseHelper.cs - Importer: ScriptedImporter/UnityEditor.QuickSearchModule:UnityEditor.Search:ASIAI0B' with importer (ScriptedImporter : UnityEditor.QuickSearchModule:UnityEditor.Search:ASIAI0B)
Imported 'GUID: 208e46d59ff6e304db0318377d20f5a1' -> (Import Result ID: 'd7badcc2979cba904a6606d9eff80bcf') in 0.004 seconds [static and dynamic dependencies]. Details - ImportResultOutputID=cb178f9055ba570af0bb78be952dada5 DependenciesID=7259954c8db075fc9f0d09d1f340e635 StaticDependenciesID=c6a08eda1b3f95e9af55fb7e92f0cc00 
Number of updated asset objects reloaded before import = 0
Number of asset objects unloaded after import = 0
========================================================================
Received Import Request.
  Time of request: 2026-09-20T00:01:44.9657439Z
  Time since last request: 0.0008479 seconds.
  importAddress: GUID: d973fc1524e4d724081553934c55958c - Path: Packages/com.unity.test-framework/UnityEditor.TestRunner/TestLaunchers/PlayerLauncher.cs - Importer: ScriptedImporter/UnityEditor.QuickSearchModule:UnityEditor.Search:ASIAI0B
Importing 'GUID: d973fc1524e4d724081553934c55958c - Path: Packages/com.unity.test-framework/UnityEditor.TestRunner/TestLaunchers/PlayerLauncher.cs - Importer: ScriptedImporter/UnityEditor.QuickSearchModule:UnityEditor.Search:ASIAI0B' with importer (ScriptedImporter : UnityEditor.QuickSearchModule:UnityEditor.Search:ASIAI0B)
Imported 'GUID: d973fc1524e4d724081553934c55958c' -> (Import Result ID: 'a00234b17206b354c26cc0af11321e04') in 0.004 seconds [static and dynamic dependencies]. Details - ImportResultOutputID=708d5d57277f250ca287dc3da390104d DependenciesID=dacc3c6f42d57d627dfa46d614fb3c2c StaticDependenciesID=849a8994bf802e65c98f5245cd94d418 
Number of updated asset objects reloaded before import = 0
Number of asset objects unloaded after import = 0
========================================================================
Received Import Request.
  Time of request: 2026-09-20T00:01:44.9702514Z
  Time since last request: 0.0005795 seconds.
  importAddress: GUID: 05778dd1de4433d418793b6f3d3c18cf - Path: Packages/com.unity.test-framework/UnityEditor.TestRunner/CommandLineTest/LogWriter.cs - Importer: ScriptedImporter/UnityEditor.QuickSearchModule:UnityEditor.Search:ASIAI0B
Importing 'GUID: 05778dd1de4433d418793b6f3d3c18cf - Path: Packages/com.unity.test-framework/UnityEditor.TestRunner/CommandLineTest/LogWriter.cs - Importer: ScriptedImporter/UnityEditor.QuickSearchModule:UnityEditor.Search:ASIAI0B' with importer (ScriptedImporter : UnityEditor.QuickSearchModule:UnityEditor.Search:ASIAI0B)
Imported 'GUID: 05778dd1de4433d418793b6f3d3c18cf' -> (Import Result ID: '9ba4e5dfc720b026407cc1e37b1f8db7') in 0.004 seconds [static and dynamic dependencies]. Details - ImportResultOutputID=ccc74d7bbc0bc3fb2bee0ab57dba7101 DependenciesID=248726720f05f88b9a55f2d39a603401 StaticDependenciesID=90df8af7d25f86a5e4c3090e4fbee6e1 
Number of updated asset objects reloaded before import = 0
Number of asset objects unloaded after import = 0
========================================================================
Received Import Request.
  Time of request: 2026-09-20T00:01:44.9745393Z
  Time since last request: 0.0004513 seconds.
  importAddress: GUID: 740b3785866edda4b8d1e1a05570a5f8 - Path: Packages/com.unity.test-framework/UnityEditor.TestRunner/GUI/AssetsDatabaseHelper.cs - Importer: ScriptedImporter/UnityEditor.QuickSearchModule:UnityEditor.Search:ASIAI0B
Importing 'GUID: 740b3785866edda4b8d1e1a05570a5f8 - Path: Packages/com.unity.test-framework/UnityEditor.TestRunner/GUI/AssetsDatabaseHelper.cs - Importer: ScriptedImporter/UnityEditor.QuickSearchModule:UnityEditor.Search:ASIAI0B' with importer (ScriptedImporter : UnityEditor.QuickSearchModule:UnityEditor.Search:ASIAI0B)
Imported 'GUID: 740b3785866edda4b8d1e1a05570a5f8' -> (Import Result ID: '30b28e5f86dbd636d73a539ba0c34464') in 0.003 seconds [static and dynamic dependencies]. Details - ImportResultOutputID=a574ecae4f24103d6f353a4d650c0846 DependenciesID=4cd23c60ab7eaa4a73380b7b279cd6e6 StaticDependenciesID=0921012d74c92449f79ab7fc313dffc9 
Number of updated asset objects reloaded before import = 0
Number of asset objects unloaded after import = 0
========================================================================
Received Import Request.
  Time of request: 2026-09-20T00:01:44.978362Z
  Time since last request: 0.0006383 seconds.
  importAddress: GUID: 7d36034e63ad8254b9b2f55280fcc040 - Path: Packages/com.unity.test-framework/UnityEditor.TestRunner/TestLaunchers/RemotePlayerTestController.cs - Importer: ScriptedImporter/UnityEditor.QuickSearchModule:UnityEditor.Search:ASIAI0B
Importing 'GUID: 7d36034e63ad8254b9b2f55280fcc040 - Path: Packages/com.unity.test-framework/UnityEditor.TestRunner/TestLaunchers/RemotePlayerTestController.cs - Importer: ScriptedImporter/UnityEditor.QuickSearchModule:UnityEditor.Search:ASIAI0B' with importer (ScriptedImporter : UnityEditor.QuickSearchModule:UnityEditor.Search:ASIAI0B)
Imported 'GUID: 7d36034e63ad8254b9b2f55280fcc040' -> (Import Result ID: 'de42867b3a65b162f99e035b9e6c4dc2') in 0.003 seconds [static and dynamic dependencies]. Details - ImportResultOutputID=4ab9065a8bb720e6fa3a87afb76ef6fe DependenciesID=2f744430c9046cb39245ae7e05fb1120 StaticDependenciesID=d70b242e8d00aeb010b7e137bfbd910f 
Number of updated asset objects reloaded before import = 0
Number of asset objects unloaded after import = 0
========================================================================
Received Import Request.
  Time of request: 2026-09-20T00:01:44.9828486Z
  Time since last request: 0.0006851 seconds.
  importAddress: GUID: 241a47157da9420aaafa8cda2afd41a0 - Path: Packages/com.unity.test-framework/UnityEditor.TestRunner/TestRun/WaitForPlayerRunTask.cs - Importer: ScriptedImporter/UnityEditor.QuickSearchModule:UnityEditor.Search:ASIAI0B
Importing 'GUID: 241a47157da9420aaafa8cda2afd41a0 - Path: Packages/com.unity.test-framework/UnityEditor.TestRunner/TestRun/WaitForPlayerRunTask.cs - Importer: ScriptedImporter/UnityEditor.QuickSearchModule:UnityEditor.Search:ASIAI0B' with importer (ScriptedImporter : UnityEditor.QuickSearchModule:UnityEditor.Search:ASIAI0B)
Imported 'GUID: 241a47157da9420aaafa8cda2afd41a0' -> (Import Result ID: '7bf6159afceabef88544e15636c14335') in 0.004 seconds [static and dynamic dependencies]. Details - ImportResultOutputID=4902db890b9df3e6fa1f0573a0362f9b DependenciesID=2d2e9867ee332256fa902117ecabecfa StaticDependenciesID=8ad52fd495f992caa15a50598a1e0787 
Number of updated asset objects reloaded before import = 0
Number of asset objects unloaded after import = 0
========================================================================
Received Import Request.
  Time of request: 2026-09-20T00:01:44.9870908Z
  Time since last request: 0.0004655 seconds.
  importAddress: GUID: f445ca0c614a846449fcd8ae648c24e2 - Path: Packages/com.unity.test-framework/UnityEditor.TestRunner/CommandLineParser/ICommandLineOption.cs - Importer: ScriptedImporter/UnityEditor.QuickSearchModule:UnityEditor.Search:ASIAI0B
Importing 'GUID: f445ca0c614a846449fcd8ae648c24e2 - Path: Packages/com.unity.test-framework/UnityEditor.TestRunner/CommandLineParser/ICommandLineOption.cs - Importer: ScriptedImporter/UnityEditor.QuickSearchModule:UnityEditor.Search:ASIAI0B' with importer (ScriptedImporter : UnityEditor.QuickSearchModule:UnityEditor.Search:ASIAI0B)
Imported 'GUID: f445ca0c614a846449fcd8ae648c24e2' -> (Import Result ID: 'bc31af4485cc44aaef6237ee2d96ada5') in 0.003 seconds [static and dynamic dependencies]. Details - ImportResultOutputID=a321d50395dbec9b89d9e9b8dd77069e DependenciesID=55e3690bb2546448f9575e42823879d8 StaticDependenciesID=cabb16e27f9a054e65814b068f6532f6 
Number of updated asset objects reloaded before import = 0
Number of asset objects unloaded after import = 0
========================================================================
Received Import Request.
  Time of request: 2026-09-20T00:01:44.9908946Z
  Time since last request: 0.0004778 seconds.
  importAddress: GUID: 3dde15f260b0dd1469e60d16eaa795dc - Path: Packages/com.unity.test-framework/UnityEditor.TestRunner/TestRunner/EditmodeWorkItemFactory.cs - Importer: ScriptedImporter/UnityEditor.QuickSearchModule:UnityEditor.Search:ASIAI0B
Importing 'GUID: 3dde15f260b0dd1469e60d16eaa795dc - Path: Packages/com.unity.test-framework/UnityEditor.TestRunner/TestRunner/EditmodeWorkItemFactory.cs - Importer: ScriptedImporter/UnityEditor.QuickSearchModule:UnityEditor.Search:ASIAI0B' with importer (ScriptedImporter : UnityEditor.QuickSearchModule:UnityEditor.Search:ASIAI0B)
Imported 'GUID: 3dde15f260b0dd1469e60d16eaa795dc' -> (Import Result ID: 'bf0afbcfadcce1e158e9175a6ea1df58') in 0.003 seconds [static and dynamic dependencies]. Details - ImportResultOutputID=ae9bfbe46e1dd610015a19c997a5d564 DependenciesID=323a0e5ac161a09b36c43a60cf55504d StaticDependenciesID=0f53fdcce648a1525cf9e012e89b357f 
Number of updated asset objects reloaded before import = 0
Number of asset objects unloaded after import = 0
========================================================================
Received Import Request.
  Time of request: 2026-09-20T00:01:44.9951423Z
  Time since last request: 0.0005185 seconds.
  importAddress: GUID: 1d45b9d3cf85bee4f99c1492fca8438a - Path: Packages/com.unity.test-framework/UnityEditor.TestRunner/TestRun/TestRunCanceledException.cs - Importer: ScriptedImporter/UnityEditor.QuickSearchModule:UnityEditor.Search:ASIAI0B
Importing 'GUID: 1d45b9d3cf85bee4f99c1492fca8438a - Path: Packages/com.unity.test-framework/UnityEditor.TestRunner/TestRun/TestRunCanceledException.cs - Importer: ScriptedImporter/UnityEditor.QuickSearchModule:UnityEditor.Search:ASIAI0B' with importer (ScriptedImporter : UnityEditor.QuickSearchModule:UnityEditor.Search:ASIAI0B)
Imported 'GUID: 1d45b9d3cf85bee4f99c1492fca8438a' -> (Import Result ID: '6fc492afd13c9a0ac6ebcbb1dc42114b') in 0.003 seconds [static and dynamic dependencies]. Details - ImportResultOutputID=29e8a1d7298ce2cb7dc005167e4f5c13 DependenciesID=9aaeaf9f9186df94bd82f26a2dd52b24 StaticDependenciesID=c5b64bcc88e46362b0431913857a4f7f 
Number of updated asset objects reloaded before import = 0
Number of asset objects unloaded after import = 0
========================================================================
Received Import Request.
  Time of request: 2026-09-20T00:01:44.999258Z
  Time since last request: 0.0006503 seconds.
  importAddress: GUID: 83eda34b7da01e04aa894f268158b0c0 - Path: Packages/com.unity.test-framework/UnityEditor.TestRunner/TestSettings/ITestSettings.cs - Importer: ScriptedImporter/UnityEditor.QuickSearchModule:UnityEditor.Search:ASIAI0B
Importing 'GUID: 83eda34b7da01e04aa894f268158b0c0 - Path: Packages/com.unity.test-framework/UnityEditor.TestRunner/TestSettings/ITestSettings.cs - Importer: ScriptedImporter/UnityEditor.QuickSearchModule:UnityEditor.Search:ASIAI0B' with importer (ScriptedImporter : UnityEditor.QuickSearchModule:UnityEditor.Search:ASIAI0B)
Imported 'GUID: 83eda34b7da01e04aa894f268158b0c0' -> (Import Result ID: '0cd434373f4d1755ef992f3bcac45f8a') in 0.004 seconds [static and dynamic dependencies]. Details - ImportResultOutputID=b78869289b1ecef8a8f9915377642f11 DependenciesID=55628a3b7eb730344f67f77580b14a3e StaticDependenciesID=1ee88e7873ae3be3e45d899c099f6fea 
Number of updated asset objects reloaded before import = 0
Number of asset objects unloaded after import = 0
========================================================================
Received Import Request.
  Time of request: 2026-09-20T00:01:45.0038237Z
  Time since last request: 0.0004951 seconds.
  importAddress: GUID: 8a13cbeb2099aca47bb456f49845f86c - Path: Packages/com.unity.test-framework/UnityEditor.TestRunner/CommandLineTest/ISettingsBuilder.cs - Importer: ScriptedImporter/UnityEditor.QuickSearchModule:UnityEditor.Search:ASIAI0B
Importing 'GUID: 8a13cbeb2099aca47bb456f49845f86c - Path: Packages/com.unity.test-framework/UnityEditor.TestRunner/CommandLineTest/ISettingsBuilder.cs - Importer: ScriptedImporter/UnityEditor.QuickSearchModule:UnityEditor.Search:ASIAI0B' with importer (ScriptedImporter : UnityEditor.QuickSearchModule:UnityEditor.Search:ASIAI0B)
Imported 'GUID: 8a13cbeb2099aca47bb456f49845f86c' -> (Import Result ID: '91c1d860924f89a8557c4c4defde46a2') in 0.004 seconds [static and dynamic dependencies]. Details - ImportResultOutputID=054c845b58227689f140bb095ce919ec DependenciesID=f53c462e78849e4afd83c61b32575e55 StaticDependenciesID=47b0f295a68c231ba8f63c847a09a3e9 
Number of updated asset objects reloaded before import = 0
Number of asset objects unloaded after import = 0
========================================================================
Received Import Request.
  Time of request: 2026-09-20T00:01:45.0082394Z
  Time since last request: 0.0004739 seconds.
  importAddress: GUID: 15f870c6975ad6449b5b52514b90dc2b - Path: Packages/com.unity.test-framework/UnityEditor.TestRunner/GUI/TestRunnerUIFilter.cs - Importer: ScriptedImporter/UnityEditor.QuickSearchModule:UnityEditor.Search:ASIAI0B
Importing 'GUID: 15f870c6975ad6449b5b52514b90dc2b - Path: Packages/com.unity.test-framework/UnityEditor.TestRunner/GUI/TestRunnerUIFilter.cs - Importer: ScriptedImporter/UnityEditor.QuickSearchModule:UnityEditor.Search:ASIAI0B' with importer (ScriptedImporter : UnityEditor.QuickSearchModule:UnityEditor.Search:ASIAI0B)
Imported 'GUID: 15f870c6975ad6449b5b52514b90dc2b' -> (Import Result ID: 'db2c46d586207cee277bdaa22c1987e4') in 0.004 seconds [static and dynamic dependencies]. Details - ImportResultOutputID=a5023cf616229954a720a85bd96fc5f4 DependenciesID=aaf2a383ca2c5cf15703d1f4c24aa060 StaticDependenciesID=192a23152de29eecb799ae1124678459 
Number of updated asset objects reloaded before import = 0
Number of asset objects unloaded after import = 0
========================================================================
Received Import Request.
  Time of request: 2026-09-20T00:01:45.0129153Z
  Time since last request: 0.0005769 seconds.
  importAddress: GUID: 2ae2ce6274819484fa8747a28cebdf3a - Path: Packages/com.unity.test-framework/UnityEditor.TestRunner/Api/ITestRunSettings.cs - Importer: ScriptedImporter/UnityEditor.QuickSearchModule:UnityEditor.Search:ASIAI0B
Importing 'GUID: 2ae2ce6274819484fa8747a28cebdf3a - Path: Packages/com.unity.test-framework/UnityEditor.TestRunner/Api/ITestRunSettings.cs - Importer: ScriptedImporter/UnityEditor.QuickSearchModule:UnityEditor.Search:ASIAI0B' with importer (ScriptedImporter : UnityEditor.QuickSearchModule:UnityEditor.Search:ASIAI0B)
Imported 'GUID: 2ae2ce6274819484fa8747a28cebdf3a' -> (Import Result ID: '4f89d93f82383c5536ac25c66ff5a1ed') in 0.003 seconds [static and dynamic dependencies]. Details - ImportResultOutputID=fb9bf4a9312f2028384516d1f3686cbc DependenciesID=bb2e7a3b924bced0a40f16e09ae641d5 StaticDependenciesID=66b5d7c7212324c36dd4454422e35726 
Number of updated asset objects reloaded before import = 0
Number of asset objects unloaded after import = 0
========================================================================
Received Import Request.
  Time of request: 2026-09-20T00:01:45.0174105Z
  Time since last request: 0.0007728 seconds.
  importAddress: GUID: b1516a46a16d458e8debc6b459b107ea - Path: Packages/com.unity.test-framework/UnityEditor.TestRunner/TestRun/TaskList.cs - Importer: ScriptedImporter/UnityEditor.QuickSearchModule:UnityEditor.Search:ASIAI0B
Importing 'GUID: b1516a46a16d458e8debc6b459b107ea - Path: Packages/com.unity.test-framework/UnityEditor.TestRunner/TestRun/TaskList.cs - Importer: ScriptedImporter/UnityEditor.QuickSearchModule:UnityEditor.Search:ASIAI0B' with importer (ScriptedImporter : UnityEditor.QuickSearchModule:UnityEditor.Search:ASIAI0B)
Imported 'GUID: b1516a46a16d458e8debc6b459b107ea' -> (Import Result ID: '227c3a29191ca4e1b06842de8de4ea86') in 0.003 seconds [static and dynamic dependencies]. Details - ImportResultOutputID=05766342fbbb4b0411b755d95b9e03b4 DependenciesID=92fc2e972ccdfba3b38545c79f2dae84 StaticDependenciesID=9d4b2927643aa1f783b668c75900e138 
Number of updated asset objects reloaded before import = 0
Number of asset objects unloaded after import = 0
========================================================================
Received Import Request.
  Time of request: 2026-09-20T00:01:45.0211028Z
  Time since last request: 0.0004776 seconds.
  importAddress: GUID: 29d603e0a726a9043b3503112271844a - Path: Packages/com.unity.test-framework/UnityEditor.TestRunner/Api/ResultsWriter.cs - Importer: ScriptedImporter/UnityEditor.QuickSearchModule:UnityEditor.Search:ASIAI0B
Importing 'GUID: 29d603e0a726a9043b3503112271844a - Path: Packages/com.unity.test-framework/UnityEditor.TestRunner/Api/ResultsWriter.cs - Importer: ScriptedImporter/UnityEditor.QuickSearchModule:UnityEditor.Search:ASIAI0B' with importer (ScriptedImporter : UnityEditor.QuickSearchModule:UnityEditor.Search:ASIAI0B)
Imported 'GUID: 29d603e0a726a9043b3503112271844a' -> (Import Result ID: '351580a72d7ee9620e3805952a668612') in 0.004 seconds [static and dynamic dependencies]. Details - ImportResultOutputID=85e604758e635d5c3245a14d3afa0979 DependenciesID=2f566a8f583acfe9e99571c0f90fdf4b StaticDependenciesID=b9db687649fc8f59583587177c615d9e 
Number of updated asset objects reloaded before import = 0
Number of asset objects unloaded after import = 0
========================================================================
Received Import Request.
  Time of request: 2026-09-20T00:01:45.0253474Z
  Time since last request: 0.0004691 seconds.
  importAddress: GUID: 6d16f2e78a356d34c9a32108929de932 - Path: Packages/com.unity.test-framework/UnityEditor.TestRunner/TestRunner/EditModePCHelper.cs - Importer: ScriptedImporter/UnityEditor.QuickSearchModule:UnityEditor.Search:ASIAI0B
Importing 'GUID: 6d16f2e78a356d34c9a32108929de932 - Path: Packages/com.unity.test-framework/UnityEditor.TestRunner/TestRunner/EditModePCHelper.cs - Importer: ScriptedImporter/UnityEditor.QuickSearchModule:UnityEditor.Search:ASIAI0B' with importer (ScriptedImporter : UnityEditor.QuickSearchModule:UnityEditor.Search:ASIAI0B)
Imported 'GUID: 6d16f2e78a356d34c9a32108929de932' -> (Import Result ID: '4df42c29e50d641eba0ce255ed8fc443') in 0.005 seconds [static and dynamic dependencies]. Details - ImportResultOutputID=5fc97cbf86efb702e1742c96ca85a9ee DependenciesID=2a4dc7e9940db6b945a975ef1435aee4 StaticDependenciesID=2770db619c5831844feeb9bcdc764e4b 
Number of updated asset objects reloaded before import = 0
Number of asset objects unloaded after import = 0
========================================================================
Received Import Request.
  Time of request: 2026-09-20T00:01:45.0311331Z
  Time since last request: 0.0006198 seconds.
  importAddress: GUID: 8069e1fc631e461ababf11f19a9c0df3 - Path: Packages/com.unity.test-framework/UnityEditor.TestRunner/GUI/UITestRunnerFilter.cs - Importer: ScriptedImporter/UnityEditor.QuickSearchModule:UnityEditor.Search:ASIAI0B
Importing 'GUID: 8069e1fc631e461ababf11f19a9c0df3 - Path: Packages/com.unity.test-framework/UnityEditor.TestRunner/GUI/UITestRunnerFilter.cs - Importer: ScriptedImporter/UnityEditor.QuickSearchModule:UnityEditor.Search:ASIAI0B' with importer (ScriptedImporter : UnityEditor.QuickSearchModule:UnityEditor.Search:ASIAI0B)
Imported 'GUID: 8069e1fc631e461ababf11f19a9c0df3' -> (Import Result ID: 'a11a4586d51c97ceaa13f43112f3176f') in 0.005 seconds [static and dynamic dependencies]. Details - ImportResultOutputID=569e0b39a843621c44cb1e4cc1fb3e80 DependenciesID=17d72125454bad84e16b640b82649270 StaticDependenciesID=b132c8a4e123e7e4f9873f5ef99add22 
Number of updated asset objects reloaded before import = 0
Number of asset objects unloaded after import = 0
========================================================================
Received Import Request.
  Time of request: 2026-09-20T00:01:45.036948Z
  Time since last request: 0.0006298 seconds.
  importAddress: GUID: c9219e99d466b7741a057132d1994f35 - Path: Packages/com.unity.test-framework/UnityEditor.TestRunner/TestRunner/EditModeRunner.cs - Importer: ScriptedImporter/UnityEditor.QuickSearchModule:UnityEditor.Search:ASIAI0B
Importing 'GUID: c9219e99d466b7741a057132d1994f35 - Path: Packages/com.unity.test-framework/UnityEditor.TestRunner/TestRunner/EditModeRunner.cs - Importer: ScriptedImporter/UnityEditor.QuickSearchModule:UnityEditor.Search:ASIAI0B' with importer (ScriptedImporter : UnityEditor.QuickSearchModule:UnityEditor.Search:ASIAI0B)
Imported 'GUID: c9219e99d466b7741a057132d1994f35' -> (Import Result ID: '3a6fb1d641cd187de1898a7628114036') in 0.003 seconds [static and dynamic dependencies]. Details - ImportResultOutputID=63da160f0fffc11f07340de84429667c DependenciesID=e224789e31240d31542187e822e9f06d StaticDependenciesID=346e0e45dfd618e301b6e42c366cfec3 
Number of updated asset objects reloaded before import = 0
Number of asset objects unloaded after import = 0
========================================================================
Received Import Request.
  Time of request: 2026-09-20T00:01:45.040672Z
  Time since last request: 0.0005398 seconds.
  importAddress: GUID: 8a06b6fbaa6f4191aa47b7e31242f061 - Path: Packages/com.unity.test-framework/UnityEditor.TestRunner/Api/TestRunProgress.cs - Importer: ScriptedImporter/UnityEditor.QuickSearchModule:UnityEditor.Search:ASIAI0B
Importing 'GUID: 8a06b6fbaa6f4191aa47b7e31242f061 - Path: Packages/com.unity.test-framework/UnityEditor.TestRunner/Api/TestRunProgress.cs - Importer: ScriptedImporter/UnityEditor.QuickSearchModule:UnityEditor.Search:ASIAI0B' with importer (ScriptedImporter : UnityEditor.QuickSearchModule:UnityEditor.Search:ASIAI0B)
Imported 'GUID: 8a06b6fbaa6f4191aa47b7e31242f061' -> (Import Result ID: '3ada9d3cb698a22541b033e0b8eabc17') in 0.003 seconds [static and dynamic dependencies]. Details - ImportResultOutputID=89710ffd8081b4fa322f7ae490142ffb DependenciesID=49950ff05e64d92f36c93b42c04faf22 StaticDependenciesID=216ba822a3288564a6d80cc58bfdb576 
Number of updated asset objects reloaded before import = 0
Number of asset objects unloaded after import = 0
========================================================================
Received Import Request.
  Time of request: 2026-09-20T00:01:45.0446588Z
  Time since last request: 0.0005293 seconds.
  importAddress: GUID: d0138170d24533e47b8e6c250c6d7fbc - Path: Packages/com.unity.test-framework/UnityEditor.TestRunner/GUI/GuiHelper.cs - Importer: ScriptedImporter/UnityEditor.QuickSearchModule:UnityEditor.Search:ASIAI0B
Importing 'GUID: d0138170d24533e47b8e6c250c6d7fbc - Path: Packages/com.unity.test-framework/UnityEditor.TestRunner/GUI/GuiHelper.cs - Importer: ScriptedImporter/UnityEditor.QuickSearchModule:UnityEditor.Search:ASIAI0B' with importer (ScriptedImporter : UnityEditor.QuickSearchModule:UnityEditor.Search:ASIAI0B)
Imported 'GUID: d0138170d24533e47b8e6c250c6d7fbc' -> (Import Result ID: 'b9849bdb9cf08234329b2c25b75e2fdd') in 0.003 seconds [static and dynamic dependencies]. Details - ImportResultOutputID=b3f2d0a0f76f3e7f066931b0b6e9e266 DependenciesID=904715b6469a2307189c6c01eae4fad2 StaticDependenciesID=c4aad321ee96d2652714c6a92fcde56c 
Number of updated asset objects reloaded before import = 0
Number of asset objects unloaded after import = 0
========================================================================
Received Import Request.
  Time of request: 2026-09-20T00:01:45.0491013Z
  Time since last request: 0.0004189 seconds.
  importAddress: GUID: ef563c5a6ecf64d4193dc144cb7d472a - Path: Packages/com.unity.test-framework/UnityEditor.TestRunner/CommandLineTest/ResultsSavingCallbacks.cs - Importer: ScriptedImporter/UnityEditor.QuickSearchModule:UnityEditor.Search:ASIAI0B
Importing 'GUID: ef563c5a6ecf64d4193dc144cb7d472a - Path: Packages/com.unity.test-framework/UnityEditor.TestRunner/CommandLineTest/ResultsSavingCallbacks.cs - Importer: ScriptedImporter/UnityEditor.QuickSearchModule:UnityEditor.Search:ASIAI0B' with importer (ScriptedImporter : UnityEditor.QuickSearchModule:UnityEditor.Search:ASIAI0B)
Imported 'GUID: ef563c5a6ecf64d4193dc144cb7d472a' -> (Import Result ID: '7db6e262683548880ed4058b2e7ea22b') in 0.004 seconds [static and dynamic dependencies]. Details - ImportResultOutputID=d216cf09db1150b8f5475ab437414e35 DependenciesID=de4ee4667add23982ea62ce114ecf481 StaticDependenciesID=da1b774daba185d0ef66cc308d53896f 
Number of updated asset objects reloaded before import = 0
Number of asset objects unloaded after import = 0
========================================================================
Received Import Request.
  Time of request: 2026-09-20T00:01:45.0542008Z
  Time since last request: 0.0005006 seconds.
  importAddress: GUID: a3529368f4cd0424a89aa51080a16b06 - Path: Packages/com.unity.test-framework/UnityEditor.TestRunner/CommandLineParser/CommandLineOption.cs - Importer: ScriptedImporter/UnityEditor.QuickSearchModule:UnityEditor.Search:ASIAI0B
Importing 'GUID: a3529368f4cd0424a89aa51080a16b06 - Path: Packages/com.unity.test-framework/UnityEditor.TestRunner/CommandLineParser/CommandLineOption.cs - Importer: ScriptedImporter/UnityEditor.QuickSearchModule:UnityEditor.Search:ASIAI0B' with importer (ScriptedImporter : UnityEditor.QuickSearchModule:UnityEditor.Search:ASIAI0B)
Imported 'GUID: a3529368f4cd0424a89aa51080a16b06' -> (Import Result ID: '91423968c4f71a334a7e5c5ea354cdb4') in 0.004 seconds [static and dynamic dependencies]. Details - ImportResultOutputID=72eb3d3eccc64e5f38e33fd149d108ec DependenciesID=59bb3aa9d32537bf8cd2129ba997b826 StaticDependenciesID=c82b75ad19da444e9d4849b2c3e2b796 
Number of updated asset objects reloaded before import = 0
Number of asset objects unloaded after import = 0
========================================================================
Received Import Request.
  Time of request: 2026-09-20T00:01:45.0590599Z
  Time since last request: 0.0007072 seconds.
  importAddress: GUID: 5a0dfda606a24736913c00edd76e55f6 - Path: Packages/com.unity.test-framework/UnityEditor.TestRunner/GUI/TestRunnerGUI.cs - Importer: ScriptedImporter/UnityEditor.QuickSearchModule:UnityEditor.Search:ASIAI0B
Importing 'GUID: 5a0dfda606a24736913c00edd76e55f6 - Path: Packages/com.unity.test-framework/UnityEditor.TestRunner/GUI/TestRunnerGUI.cs - Importer: ScriptedImporter/UnityEditor.QuickSearchModule:UnityEditor.Search:ASIAI0B' with importer (ScriptedImporter : UnityEditor.QuickSearchModule:UnityEditor.Search:ASIAI0B)
Imported 'GUID: 5a0dfda606a24736913c00edd76e55f6' -> (Import Result ID: 'ff8dfbfc9028c606d6f8d9c6525950d3') in 0.003 seconds [static and dynamic dependencies]. Details - ImportResultOutputID=0d10a81cd010159a463e0b8465b32949 DependenciesID=68517de6859c7a52501cb7d65a190e97 StaticDependenciesID=bc70309a1a9557307d7ccb61696d4ff2 
Number of updated asset objects reloaded before import = 0
Number of asset objects unloaded after import = 0
========================================================================
Received Import Request.
  Time of request: 2026-09-20T00:01:45.0629015Z
  Time since last request: 0.0006389 seconds.
  importAddress: GUID: a582090813554df479fb9ca03e9857d3 - Path: Packages/com.unity.test-framework/UnityEditor.TestRunner/TestLaunchers/EditModeLauncherContextSettings.cs - Importer: ScriptedImporter/UnityEditor.QuickSearchModule:UnityEditor.Search:ASIAI0B
Importing 'GUID: a582090813554df479fb9ca03e9857d3 - Path: Packages/com.unity.test-framework/UnityEditor.TestRunner/TestLaunchers/EditModeLauncherContextSettings.cs - Importer: ScriptedImporter/UnityEditor.QuickSearchModule:UnityEditor.Search:ASIAI0B' with importer (ScriptedImporter : UnityEditor.QuickSearchModule:UnityEditor.Search:ASIAI0B)
Imported 'GUID: a582090813554df479fb9ca03e9857d3' -> (Import Result ID: '1d46e249be2e82f256075fa3b23b1902') in 0.004 seconds [static and dynamic dependencies]. Details - ImportResultOutputID=fb9a2bd0a4b88185877fe20a9c7f0fb5 DependenciesID=0ea633b41ac9a72560bf808911e8dacb StaticDependenciesID=3c475adf21912f6d0e95e3092bb0719a 
Number of updated asset objects reloaded before import = 0
Number of asset objects unloaded after import = 0
========================================================================
Received Import Request.
  Time of request: 2026-09-20T00:01:45.0682074Z
  Time since last request: 0.0005393 seconds.
  importAddress: GUID: 083c6a3a5426382449369ddc12b691d8 - Path: Packages/com.unity.test-framework/UnityEditor.TestRunner/CommandLineTest/Executer.cs - Importer: ScriptedImporter/UnityEditor.QuickSearchModule:UnityEditor.Search:ASIAI0B
Importing 'GUID: 083c6a3a5426382449369ddc12b691d8 - Path: Packages/com.unity.test-framework/UnityEditor.TestRunner/CommandLineTest/Executer.cs - Importer: ScriptedImporter/UnityEditor.QuickSearchModule:UnityEditor.Search:ASIAI0B' with importer (ScriptedImporter : UnityEditor.QuickSearchModule:UnityEditor.Search:ASIAI0B)
Imported 'GUID: 083c6a3a5426382449369ddc12b691d8' -> (Import Result ID: 'c0f587b874fe4e5ee4544a1bd4ea618c') in 0.004 seconds [static and dynamic dependencies]. Details - ImportResultOutputID=a9edbd8438244c15ec4b50594409836d DependenciesID=7eb49d8748936c05a803c150986468fc StaticDependenciesID=d05281844b4357cf8d253fa4e221f22f 
Number of updated asset objects reloaded before import = 0
Number of asset objects unloaded after import = 0
========================================================================
Received Import Request.
  Time of request: 2026-09-20T00:01:45.0728182Z
  Time since last request: 0.0005585 seconds.
  importAddress: GUID: d3217d58bbd1d2b4aaee933e2e8b9195 - Path: Packages/com.unity.test-framework/UnityEditor.TestRunner/TestLaunchers/PlaymodeLauncher.cs - Importer: ScriptedImporter/UnityEditor.QuickSearchModule:UnityEditor.Search:ASIAI0B
Importing 'GUID: d3217d58bbd1d2b4aaee933e2e8b9195 - Path: Packages/com.unity.test-framework/UnityEditor.TestRunner/TestLaunchers/PlaymodeLauncher.cs - Importer: ScriptedImporter/UnityEditor.QuickSearchModule:UnityEditor.Search:ASIAI0B' with importer (ScriptedImporter : UnityEditor.QuickSearchModule:UnityEditor.Search:ASIAI0B)
Imported 'GUID: d3217d58bbd1d2b4aaee933e2e8b9195' -> (Import Result ID: 'b3a7c1a97af760d2a57ca832c07f1191') in 0.004 seconds [static and dynamic dependencies]. Details - ImportResultOutputID=a0feafa64f27434e5fc329dc97f4105f DependenciesID=2f9513608f2259d014357efed404cae7 StaticDependenciesID=7ac4dea275d060b9a6af68f922bd4482 
Number of updated asset objects reloaded before import = 0
Number of asset objects unloaded after import = 0
========================================================================
Received Import Request.
  Time of request: 2026-09-20T00:01:45.0779808Z
  Time since last request: 0.0004817 seconds.
  importAddress: GUID: 1cddf785b0d07434d8e0607c97b09135 - Path: Packages/com.unity.test-framework/UnityEditor.TestRunner/TestLaunchers/TestLauncherBase.cs - Importer: ScriptedImporter/UnityEditor.QuickSearchModule:UnityEditor.Search:ASIAI0B
Importing 'GUID: 1cddf785b0d07434d8e0607c97b09135 - Path: Packages/com.unity.test-framework/UnityEditor.TestRunner/TestLaunchers/TestLauncherBase.cs - Importer: ScriptedImporter/UnityEditor.QuickSearchModule:UnityEditor.Search:ASIAI0B' with importer (ScriptedImporter : UnityEditor.QuickSearchModule:UnityEditor.Search:ASIAI0B)
Imported 'GUID: 1cddf785b0d07434d8e0607c97b09135' -> (Import Result ID: '6c4318ab9a241bfd316c24252b2c4dfe') in 0.004 seconds [static and dynamic dependencies]. Details - ImportResultOutputID=a192e8bf1558b764cef2daa9ac19ce3d DependenciesID=04848c609a9c8fdf1e838cd17ca318a3 StaticDependenciesID=b58f9560809b39118c2a9ffed61b114c 
Number of updated asset objects reloaded before import = 0
Number of asset objects unloaded after import = 0
========================================================================
Received Import Request.
  Time of request: 2026-09-20T00:01:45.0831366Z
  Time since last request: 0.0007084 seconds.
  importAddress: GUID: 124533853216377448d786fd7c725701 - Path: Packages/com.unity.test-framework/UnityEditor.TestRunner/NUnitExtension/TestRunnerStateSerializer.cs - Importer: ScriptedImporter/UnityEditor.QuickSearchModule:UnityEditor.Search:ASIAI0B
Importing 'GUID: 124533853216377448d786fd7c725701 - Path: Packages/com.unity.test-framework/UnityEditor.TestRunner/NUnitExtension/TestRunnerStateSerializer.cs - Importer: ScriptedImporter/UnityEditor.QuickSearchModule:UnityEditor.Search:ASIAI0B' with importer (ScriptedImporter : UnityEditor.QuickSearchModule:UnityEditor.Search:ASIAI0B)
Imported 'GUID: 124533853216377448d786fd7c725701' -> (Import Result ID: '8d21d15a953bcb2daf5ddb31407837f1') in 0.004 seconds [static and dynamic dependencies]. Details - ImportResultOutputID=6aa6185c592e20ea1f6b057917149969 DependenciesID=e789c6fc60cbbecbf1de261697c9fdf8 StaticDependenciesID=42411b5f69b3d469d2ea48a2d22e45f4 
Number of updated asset objects reloaded before import = 0
Number of asset objects unloaded after import = 0
========================================================================
Received Import Request.
  Time of request: 2026-09-20T00:01:45.0881702Z
  Time since last request: 0.0006733 seconds.
  importAddress: GUID: 3297738ef11b478a8b7ee802953ae768 - Path: Packages/com.unity.test-framework/UnityEditor.TestRunner/CommandLineTest/IExecuter.cs - Importer: ScriptedImporter/UnityEditor.QuickSearchModule:UnityEditor.Search:ASIAI0B
Importing 'GUID: 3297738ef11b478a8b7ee802953ae768 - Path: Packages/com.unity.test-framework/UnityEditor.TestRunner/CommandLineTest/IExecuter.cs - Importer: ScriptedImporter/UnityEditor.QuickSearchModule:UnityEditor.Search:ASIAI0B' with importer (ScriptedImporter : UnityEditor.QuickSearchModule:UnityEditor.Search:ASIAI0B)
Imported 'GUID: 3297738ef11b478a8b7ee802953ae768' -> (Import Result ID: '95a70cb70dc5f09e7af973ef73fb4a77') in 0.004 seconds [static and dynamic dependencies]. Details - ImportResultOutputID=cf0cc82bd93dd6069ec1562128cfe581 DependenciesID=5635850307e4ff7171f6dc17a59789a9 StaticDependenciesID=60739ca7899b5ea4f1f18d095c4f6cbb 
Number of updated asset objects reloaded before import = 0
Number of asset objects unloaded after import = 0
========================================================================
Received Import Request.
  Time of request: 2026-09-20T00:01:45.092421Z
  Time since last request: 0.0004874 seconds.
  importAddress: GUID: 4230e406313f1db43a4b548e7a3ad2e2 - Path: Packages/com.unity.test-framework/UnityEditor.TestRunner/Api/ITestTreeRebuildCallbacks.cs - Importer: ScriptedImporter/UnityEditor.QuickSearchModule:UnityEditor.Search:ASIAI0B
Importing 'GUID: 4230e406313f1db43a4b548e7a3ad2e2 - Path: Packages/com.unity.test-framework/UnityEditor.TestRunner/Api/ITestTreeRebuildCallbacks.cs - Importer: ScriptedImporter/UnityEditor.QuickSearchModule:UnityEditor.Search:ASIAI0B' with importer (ScriptedImporter : UnityEditor.QuickSearchModule:UnityEditor.Search:ASIAI0B)
Imported 'GUID: 4230e406313f1db43a4b548e7a3ad2e2' -> (Import Result ID: 'd132a6159768c54970a89b16828c4ce1') in 0.004 seconds [static and dynamic dependencies]. Details - ImportResultOutputID=e94b9d6ef2b5686374712c61a8752765 DependenciesID=4e0f60d152038f709c515ad68b6d413c StaticDependenciesID=c3a32a4f991debf53fb383f0a1eda4d0 
Number of updated asset objects reloaded before import = 0
Number of asset objects unloaded after import = 0
========================================================================
Received Import Request.
  Time of request: 2026-09-20T00:01:45.0968225Z
  Time since last request: 0.0006147 seconds.
  importAddress: GUID: a7842a837a4b13e41ae16193db753418 - Path: Packages/com.unity.test-framework/UnityEditor.TestRunner/Api/ITestRunnerApi.cs - Importer: ScriptedImporter/UnityEditor.QuickSearchModule:UnityEditor.Search:ASIAI0B
Importing 'GUID: a7842a837a4b13e41ae16193db753418 - Path: Packages/com.unity.test-framework/UnityEditor.TestRunner/Api/ITestRunnerApi.cs - Importer: ScriptedImporter/UnityEditor.QuickSearchModule:UnityEditor.Search:ASIAI0B' with importer (ScriptedImporter : UnityEditor.QuickSearchModule:UnityEditor.Search:ASIAI0B)
Imported 'GUID: a7842a837a4b13e41ae16193db753418' -> (Import Result ID: 'bce4188b6b61a1fc8855a176ad914ff5') in 0.003 seconds [static and dynamic dependencies]. Details - ImportResultOutputID=10570a5c0218cf0f65691621c42af2cf DependenciesID=9cc0a81460505949a3b4f4191bf5a675 StaticDependenciesID=431edeb2cdd646e3bace87b635c286b5 
Number of updated asset objects reloaded before import = 0
Number of asset objects unloaded after import = 0
========================================================================
Received Import Request.
  Time of request: 2026-09-20T00:01:45.100965Z
  Time since last request: 0.0005602 seconds.
  importAddress: GUID: cad095eccea17b741bc4cd264e7441cd - Path: Packages/com.unity.test-framework/UnityEditor.TestRunner/Api/TestMode.cs - Importer: ScriptedImporter/UnityEditor.QuickSearchModule:UnityEditor.Search:ASIAI0B
Importing 'GUID: cad095eccea17b741bc4cd264e7441cd - Path: Packages/com.unity.test-framework/UnityEditor.TestRunner/Api/TestMode.cs - Importer: ScriptedImporter/UnityEditor.QuickSearchModule:UnityEditor.Search:ASIAI0B' with importer (ScriptedImporter : UnityEditor.QuickSearchModule:UnityEditor.Search:ASIAI0B)
Imported 'GUID: cad095eccea17b741bc4cd264e7441cd' -> (Import Result ID: '3902c86458156c247d8aad250b729a48') in 0.004 seconds [static and dynamic dependencies]. Details - ImportResultOutputID=c663f0fecf7a77085f45d5dcb0e4cbc9 DependenciesID=285aa7783309eb926835244520967194 StaticDependenciesID=c6d624315335bad22bd19f0e0b4d012f 
Number of updated asset objects reloaded before import = 0
Number of asset objects unloaded after import = 0
========================================================================
Received Import Request.
  Time of request: 2026-09-20T00:01:45.1061042Z
  Time since last request: 0.0005519 seconds.
  importAddress: GUID: 4f90cfe4bf5cfb44f84a5b11387f2a42 - Path: Packages/com.unity.test-framework/UnityEditor.TestRunner/Api/ITestResultAdaptor.cs - Importer: ScriptedImporter/UnityEditor.QuickSearchModule:UnityEditor.Search:ASIAI0B
Importing 'GUID: 4f90cfe4bf5cfb44f84a5b11387f2a42 - Path: Packages/com.unity.test-framework/UnityEditor.TestRunner/Api/ITestResultAdaptor.cs - Importer: ScriptedImporter/UnityEditor.QuickSearchModule:UnityEditor.Search:ASIAI0B' with importer (ScriptedImporter : UnityEditor.QuickSearchModule:UnityEditor.Search:ASIAI0B)
Imported 'GUID: 4f90cfe4bf5cfb44f84a5b11387f2a42' -> (Import Result ID: '2f93b1c7983da3cd73006a1862c9baae') in 0.004 seconds [static and dynamic dependencies]. Details - ImportResultOutputID=49185417b48f8fc1a12e3c9b1792469e DependenciesID=9d30fc8a2bf5f561ac6d55c68dc18c88 StaticDependenciesID=7615e1ccbcc4f4ebfa1fbb69444700eb 
Number of updated asset objects reloaded before import = 0
Number of asset objects unloaded after import = 0
========================================================================
Received Import Request.
  Time of request: 2026-09-20T00:01:45.1112083Z
  Time since last request: 0.0005096 seconds.
  importAddress: GUID: 4d616d1a494edd144b262cf6cd5e5fda - Path: Packages/com.unity.test-framework/UnityEditor.TestRunner/CommandLineTest/TestStarter.cs - Importer: ScriptedImporter/UnityEditor.QuickSearchModule:UnityEditor.Search:ASIAI0B
Importing 'GUID: 4d616d1a494edd144b262cf6cd5e5fda - Path: Packages/com.unity.test-framework/UnityEditor.TestRunner/CommandLineTest/TestStarter.cs - Importer: ScriptedImporter/UnityEditor.QuickSearchModule:UnityEditor.Search:ASIAI0B' with importer (ScriptedImporter : UnityEditor.QuickSearchModule:UnityEditor.Search:ASIAI0B)
Imported 'GUID: 4d616d1a494edd144b262cf6cd5e5fda' -> (Import Result ID: '62e1c77a0c27527991f6b306c488651c') in 0.003 seconds [static and dynamic dependencies]. Details - ImportResultOutputID=d225fcd4db90fe84c8fb9430455a7432 DependenciesID=9328ec32c4b44888ba73c82d4e6e8273 StaticDependenciesID=fac7c0b1bb49194eaaec97ed7357de62 
Number of updated asset objects reloaded before import = 0
Number of asset objects unloaded after import = 0
========================================================================
Received Import Request.
  Time of request: 2026-09-20T00:01:45.1155289Z
  Time since last request: 0.0007363 seconds.
  importAddress: GUID: a04a45bbed9e1714f9902fc9443669b9 - Path: Packages/com.unity.test-framework/UnityEditor.TestRunner/GUI/TestRunnerResult.cs - Importer: ScriptedImporter/UnityEditor.QuickSearchModule:UnityEditor.Search:ASIAI0B
Importing 'GUID: a04a45bbed9e1714f9902fc9443669b9 - Path: Packages/com.unity.test-framework/UnityEditor.TestRunner/GUI/TestRunnerResult.cs - Importer: ScriptedImporter/UnityEditor.QuickSearchModule:UnityEditor.Search:ASIAI0B' with importer (ScriptedImporter : UnityEditor.QuickSearchModule:UnityEditor.Search:ASIAI0B)
Imported 'GUID: a04a45bbed9e1714f9902fc9443669b9' -> (Import Result ID: 'ba2491ebd86d3d4dd483367f8b8ee75c') in 0.005 seconds [static and dynamic dependencies]. Details - ImportResultOutputID=40faa380ff9fb3d43056508882fdf873 DependenciesID=94d4d34e625075a90f6deeea659c85af StaticDependenciesID=ea80f2a239b09b2314958c27ca1dc9ab 
Number of updated asset objects reloaded before import = 0
Number of asset objects unloaded after import = 0
========================================================================
Received Import Request.
  Time of request: 2026-09-20T00:01:45.121456Z
  Time since last request: 0.0006223 seconds.
  importAddress: GUID: 8173ba5b162e4e5882521d173c36acec - Path: Packages/com.unity.test-framework/UnityEditor.TestRunner/TestRun/ITestJobRunner.cs - Importer: ScriptedImporter/UnityEditor.QuickSearchModule:UnityEditor.Search:ASIAI0B
Importing 'GUID: 8173ba5b162e4e5882521d173c36acec - Path: Packages/com.unity.test-framework/UnityEditor.TestRunner/TestRun/ITestJobRunner.cs - Importer: ScriptedImporter/UnityEditor.QuickSearchModule:UnityEditor.Search:ASIAI0B' with importer (ScriptedImporter : UnityEditor.QuickSearchModule:UnityEditor.Search:ASIAI0B)
Imported 'GUID: 8173ba5b162e4e5882521d173c36acec' -> (Import Result ID: '9695812a94bfcc2dceeb458d102c54f6') in 0.003 seconds [static and dynamic dependencies]. Details - ImportResultOutputID=14a5ce93070391c07e4d57c7b8606870 DependenciesID=24a3517b0ad61e1af58712f8d4e9c90c StaticDependenciesID=b90682fbc4914c23920fb6a4d6ecedd1 
Number of updated asset objects reloaded before import = 0
Number of asset objects unloaded after import = 0
========================================================================
Received Import Request.
  Time of request: 2026-09-20T00:01:45.1255017Z
  Time since last request: 0.0005547 seconds.
  importAddress: GUID: 3f8c1075884df0249b80e23a0598f9c1 - Path: Packages/com.unity.test-framework/UnityEditor.TestRunner/CommandLineTest/RunData.cs - Importer: ScriptedImporter/UnityEditor.QuickSearchModule:UnityEditor.Search:ASIAI0B
Importing 'GUID: 3f8c1075884df0249b80e23a0598f9c1 - Path: Packages/com.unity.test-framework/UnityEditor.TestRunner/CommandLineTest/RunData.cs - Importer: ScriptedImporter/UnityEditor.QuickSearchModule:UnityEditor.Search:ASIAI0B' with importer (ScriptedImporter : UnityEditor.QuickSearchModule:UnityEditor.Search:ASIAI0B)
Imported 'GUID: 3f8c1075884df0249b80e23a0598f9c1' -> (Import Result ID: 'a44578ebcf633d53d461d4789dd36307') in 0.003 seconds [static and dynamic dependencies]. Details - ImportResultOutputID=fe6ff8119132098b3048d0b6704765f2 DependenciesID=f68cd41e6d1e9313dc26eec4181b7eb7 StaticDependenciesID=0f83f18ceea8e36fe309d07a3a1dc3d3 
Number of updated asset objects reloaded before import = 0
Number of asset objects unloaded after import = 0
========================================================================
Received Import Request.
  Time of request: 2026-09-20T00:01:45.1291455Z
  Time since last request: 0.0005446 seconds.
  importAddress: GUID: 63572993f2104574099a48392460b211 - Path: Packages/com.unity.test-framework/UnityEditor.TestRunner/CommandLineTest/SetupException.cs - Importer: ScriptedImporter/UnityEditor.QuickSearchModule:UnityEditor.Search:ASIAI0B
Importing 'GUID: 63572993f2104574099a48392460b211 - Path: Packages/com.unity.test-framework/UnityEditor.TestRunner/CommandLineTest/SetupException.cs - Importer: ScriptedImporter/UnityEditor.QuickSearchModule:UnityEditor.Search:ASIAI0B' with importer (ScriptedImporter : UnityEditor.QuickSearchModule:UnityEditor.Search:ASIAI0B)
Imported 'GUID: 63572993f2104574099a48392460b211' -> (Import Result ID: '52d34d7455744e00e569b156c5ddd12f') in 0.007 seconds [static and dynamic dependencies]. Details - ImportResultOutputID=a1d419d78afefb02c099593aab1e5e13 DependenciesID=0a8927a80ff13231507923024be53a21 StaticDependenciesID=e2e3fb98f9af3000375b4c9714810ff7 
Number of updated asset objects reloaded before import = 0
Number of asset objects unloaded after import = 0
========================================================================
Received Import Request.
  Time of request: 2026-09-20T00:01:45.1369399Z
  Time since last request: 0.0007215 seconds.
  importAddress: GUID: 6e0e62db88935c74288c97c907243bd0 - Path: Packages/com.unity.test-framework/UnityEditor.TestRunner/Api/TestAdaptor.cs - Importer: ScriptedImporter/UnityEditor.QuickSearchModule:UnityEditor.Search:ASIAI0B
Importing 'GUID: 6e0e62db88935c74288c97c907243bd0 - Path: Packages/com.unity.test-framework/UnityEditor.TestRunner/Api/TestAdaptor.cs - Importer: ScriptedImporter/UnityEditor.QuickSearchModule:UnityEditor.Search:ASIAI0B' with importer (ScriptedImporter : UnityEditor.QuickSearchModule:UnityEditor.Search:ASIAI0B)
Imported 'GUID: 6e0e62db88935c74288c97c907243bd0' -> (Import Result ID: '01e9ea48a918bd85a8419e3aa9e85c0d') in 0.004 seconds [static and dynamic dependencies]. Details - ImportResultOutputID=b8a39972f5d3e37d1e98f5421e1570f8 DependenciesID=1b4be7890dc6815537bb4f1d28273775 StaticDependenciesID=253812df16c96a48e653d330e21dc382 
Number of updated asset objects reloaded before import = 0
Number of asset objects unloaded after import = 0
========================================================================
Received Import Request.
  Time of request: 2026-09-20T00:01:45.1420992Z
  Time since last request: 0.0006596 seconds.
  importAddress: GUID: 43db38ca7188900429bf8be95ebbe197 - Path: Packages/com.unity.test-framework/UnityEditor.TestRunner/CommandLineTest/RunStateCallbacks.cs - Importer: ScriptedImporter/UnityEditor.QuickSearchModule:UnityEditor.Search:ASIAI0B
Importing 'GUID: 43db38ca7188900429bf8be95ebbe197 - Path: Packages/com.unity.test-framework/UnityEditor.TestRunner/CommandLineTest/RunStateCallbacks.cs - Importer: ScriptedImporter/UnityEditor.QuickSearchModule:UnityEditor.Search:ASIAI0B' with importer (ScriptedImporter : UnityEditor.QuickSearchModule:UnityEditor.Search:ASIAI0B)
Imported 'GUID: 43db38ca7188900429bf8be95ebbe197' -> (Import Result ID: '6407a4ef421143729e815cec7529a570') in 0.003 seconds [static and dynamic dependencies]. Details - ImportResultOutputID=e346899edc3b038856342c19416411f9 DependenciesID=1692c61ef7d645711a00b0f596679f97 StaticDependenciesID=6b0307aabf28261cbfb70b87420b6753 
Number of updated asset objects reloaded before import = 0
Number of asset objects unloaded after import = 0
========================================================================
Received Import Request.
  Time of request: 2026-09-20T00:01:45.1460101Z
  Time since last request: 0.0005786 seconds.
  importAddress: GUID: 7d0a7ea6062a4f42bcea6cb642817537 - Path: Packages/com.unity.test-framework/UnityEditor.TestRunner/TestRun/ITestJobDataHolder.cs - Importer: ScriptedImporter/UnityEditor.QuickSearchModule:UnityEditor.Search:ASIAI0B
Importing 'GUID: 7d0a7ea6062a4f42bcea6cb642817537 - Path: Packages/com.unity.test-framework/UnityEditor.TestRunner/TestRun/ITestJobDataHolder.cs - Importer: ScriptedImporter/UnityEditor.QuickSearchModule:UnityEditor.Search:ASIAI0B' with importer (ScriptedImporter : UnityEditor.QuickSearchModule:UnityEditor.Search:ASIAI0B)
Imported 'GUID: 7d0a7ea6062a4f42bcea6cb642817537' -> (Import Result ID: '2974b447bfc73ad63cf8f6501b66aa66') in 0.005 seconds [static and dynamic dependencies]. Details - ImportResultOutputID=5d34ea7507814b6bfda2dd011276fcab DependenciesID=2b6eba3a6ebba2b362f8732de5b7654e StaticDependenciesID=f17848506f2261f8ca834fc0d870aa63 
Number of updated asset objects reloaded before import = 0
Number of asset objects unloaded after import = 0
========================================================================
Received Import Request.
  Time of request: 2026-09-20T00:01:45.1516633Z
  Time since last request: 0.0007788 seconds.
  importAddress: GUID: 901b761c5c1e22d4e8a3ba7d95bc1f5d - Path: Packages/com.unity.test-framework/UnityEditor.TestRunner/TestRunner/EnumeratorStepHelper.cs - Importer: ScriptedImporter/UnityEditor.QuickSearchModule:UnityEditor.Search:ASIAI0B
Importing 'GUID: 901b761c5c1e22d4e8a3ba7d95bc1f5d - Path: Packages/com.unity.test-framework/UnityEditor.TestRunner/TestRunner/EnumeratorStepHelper.cs - Importer: ScriptedImporter/UnityEditor.QuickSearchModule:UnityEditor.Search:ASIAI0B' with importer (ScriptedImporter : UnityEditor.QuickSearchModule:UnityEditor.Search:ASIAI0B)
Imported 'GUID: 901b761c5c1e22d4e8a3ba7d95bc1f5d' -> (Import Result ID: '6539ecf5e5214d565099e0d2792a6606') in 0.003 seconds [static and dynamic dependencies]. Details - ImportResultOutputID=d1e123df7ad581dfe6d3b461406fcc51 DependenciesID=b0e5a7037c4cdf3a66e8148473cdf52e StaticDependenciesID=4c1d6a373c4d3471c3fdbdf1288a0f49 
Number of updated asset objects reloaded before import = 0
Number of asset objects unloaded after import = 0
========================================================================
Received Import Request.
  Time of request: 2026-09-20T00:01:45.1557978Z
  Time since last request: 0.0005967 seconds.
  importAddress: GUID: 59d3f5586b341a74c84c8f72144a4568 - Path: Packages/com.unity.test-framework/UnityEditor.TestRunner/CommandLineTest/RunSettings.cs - Importer: ScriptedImporter/UnityEditor.QuickSearchModule:UnityEditor.Search:ASIAI0B
Importing 'GUID: 59d3f5586b341a74c84c8f72144a4568 - Path: Packages/com.unity.test-framework/UnityEditor.TestRunner/CommandLineTest/RunSettings.cs - Importer: ScriptedImporter/UnityEditor.QuickSearchModule:UnityEditor.Search:ASIAI0B' with importer (ScriptedImporter : UnityEditor.QuickSearchModule:UnityEditor.Search:ASIAI0B)
Imported 'GUID: 59d3f5586b341a74c84c8f72144a4568' -> (Import Result ID: 'c6c621fb4d1cb2478280b43a5cdbd87b') in 0.004 seconds [static and dynamic dependencies]. Details - ImportResultOutputID=bc7babfd6777f9cf1f2af9ac071233fc DependenciesID=e26afc5ae67e448f5a5f92f96a56c921 StaticDependenciesID=b336cde5e829eb062f4a257f2cc97eaa 
Number of updated asset objects reloaded before import = 0
Number of asset objects unloaded after import = 0
========================================================================
Received Import Request.
  Time of request: 2026-09-20T00:01:45.1601352Z
  Time since last request: 0.0005094 seconds.
  importAddress: GUID: 612b00d793cac3c49808ab3ee5428f16 - Path: Packages/com.unity.test-framework/UnityEditor.TestRunner/TestRun/TestJobDataHolder.cs - Importer: ScriptedImporter/UnityEditor.QuickSearchModule:UnityEditor.Search:ASIAI0B
Importing 'GUID: 612b00d793cac3c49808ab3ee5428f16 - Path: Packages/com.unity.test-framework/UnityEditor.TestRunner/TestRun/TestJobDataHolder.cs - Importer: ScriptedImporter/UnityEditor.QuickSearchModule:UnityEditor.Search:ASIAI0B' with importer (ScriptedImporter : UnityEditor.QuickSearchModule:UnityEditor.Search:ASIAI0B)
Imported 'GUID: 612b00d793cac3c49808ab3ee5428f16' -> (Import Result ID: '3d8775ee0607d290ff7356f48c0f6140') in 0.003 seconds [static and dynamic dependencies]. Details - ImportResultOutputID=463929f49e37d54c06c00cac567b3380 DependenciesID=b5e3b4ef638dc4287bc163258b7f1697 StaticDependenciesID=e8cd520ddf92de4243c0851031bb837e 
Number of updated asset objects reloaded before import = 0
Number of asset objects unloaded after import = 0
========================================================================
Received Import Request.
  Time of request: 2026-09-20T00:01:45.1636255Z
  Time since last request: 0.0004799 seconds.
  importAddress: GUID: 139c5eac101a4dc4fb3098e30c29f15e - Path: Packages/com.unity.test-framework/UnityEditor.TestRunner/CommandLineParser/CommandLineOptionSet.cs - Importer: ScriptedImporter/UnityEditor.QuickSearchModule:UnityEditor.Search:ASIAI0B
Importing 'GUID: 139c5eac101a4dc4fb3098e30c29f15e - Path: Packages/com.unity.test-framework/UnityEditor.TestRunner/CommandLineParser/CommandLineOptionSet.cs - Importer: ScriptedImporter/UnityEditor.QuickSearchModule:UnityEditor.Search:ASIAI0B' with importer (ScriptedImporter : UnityEditor.QuickSearchModule:UnityEditor.Search:ASIAI0B)
Imported 'GUID: 139c5eac101a4dc4fb3098e30c29f15e' -> (Import Result ID: '7403cec135f1608a6c172e52950e310d') in 0.005 seconds [static and dynamic dependencies]. Details - ImportResultOutputID=b77012ace023808a2b028f0661697526 DependenciesID=22c550d48b86d3ebeb2d36775e5bea25 StaticDependenciesID=0f6c590342527609b347bf15d43341bc 
Number of updated asset objects reloaded before import = 0
Number of asset objects unloaded after import = 0
========================================================================
Received Import Request.
  Time of request: 2026-09-20T00:01:45.1698314Z
  Time since last request: 0.0006228 seconds.
  importAddress: GUID: d208a1684f8aa6a40ad91d6aa9600c14 - Path: Packages/com.unity.test-framework/UnityEditor.TestRunner/TestSettings/ITestSettingsDeserializer.cs - Importer: ScriptedImporter/UnityEditor.QuickSearchModule:UnityEditor.Search:ASIAI0B
Importing 'GUID: d208a1684f8aa6a40ad91d6aa9600c14 - Path: Packages/com.unity.test-framework/UnityEditor.TestRunner/TestSettings/ITestSettingsDeserializer.cs - Importer: ScriptedImporter/UnityEditor.QuickSearchModule:UnityEditor.Search:ASIAI0B' with importer (ScriptedImporter : UnityEditor.QuickSearchModule:UnityEditor.Search:ASIAI0B)
Imported 'GUID: d208a1684f8aa6a40ad91d6aa9600c14' -> (Import Result ID: '2b89dc53f968b2cc41b2f9f58d04b34f') in 0.003 seconds [static and dynamic dependencies]. Details - ImportResultOutputID=ebfa25768b460fcb354a66184f83058f DependenciesID=891e572d6a2bbdf6766b4958fe299ead StaticDependenciesID=ce55dee587119e94f4438c4bfb33550e 
Number of updated asset objects reloaded before import = 0
Number of asset objects unloaded after import = 0
========================================================================
Received Import Request.
  Time of request: 2026-09-20T00:01:45.210237Z
  Time since last request: 0.0371417 seconds.
  importAddress: GUID: 621fd19bcb071b64aa1d68f0271aa780 - Path: Packages/com.unity.test-framework/UnityEngine.TestRunner/Utils/PostBuildCleanupAttribute.cs - Importer: ScriptedImporter/UnityEditor.QuickSearchModule:UnityEditor.Search:ASIAI0B
Importing 'GUID: 621fd19bcb071b64aa1d68f0271aa780 - Path: Packages/com.unity.test-framework/UnityEngine.TestRunner/Utils/PostBuildCleanupAttribute.cs - Importer: ScriptedImporter/UnityEditor.QuickSearchModule:UnityEditor.Search:ASIAI0B' with importer (ScriptedImporter : UnityEditor.QuickSearchModule:UnityEditor.Search:ASIAI0B)
Imported 'GUID: 621fd19bcb071b64aa1d68f0271aa780' -> (Import Result ID: 'c6674e928fc6dafc11bf338a6d5e0e79') in 0.004 seconds [static and dynamic dependencies]. Details - ImportResultOutputID=4173140bd1038b0567779a3c0cb8b975 DependenciesID=0e3cb69b848e2a9ebaf52d28b31a85c0 StaticDependenciesID=78bdeb71f8e7652a404ea4105cf91059 
Number of updated asset objects reloaded before import = 0
Number of asset objects unloaded after import = 0
========================================================================
Received Import Request.
  Time of request: 2026-09-20T00:01:45.215447Z
  Time since last request: 0.0008332 seconds.
  importAddress: GUID: 68a48d1900320ed458e118415857faf6 - Path: Packages/com.unity.test-framework/UnityEngine.TestRunner/Assertions/ConstraintsExtensions.cs - Importer: ScriptedImporter/UnityEditor.QuickSearchModule:UnityEditor.Search:ASIAI0B
Importing 'GUID: 68a48d1900320ed458e118415857faf6 - Path: Packages/com.unity.test-framework/UnityEngine.TestRunner/Assertions/ConstraintsExtensions.cs - Importer: ScriptedImporter/UnityEditor.QuickSearchModule:UnityEditor.Search:ASIAI0B' with importer (ScriptedImporter : UnityEditor.QuickSearchModule:UnityEditor.Search:ASIAI0B)
Imported 'GUID: 68a48d1900320ed458e118415857faf6' -> (Import Result ID: '87e909d0c4b1b2f8af8f8c7055ca7d51') in 0.004 seconds [static and dynamic dependencies]. Details - ImportResultOutputID=9d1dd13abc76382f77281198585c1149 DependenciesID=4ee296113406d500da64cd3a1187f81e StaticDependenciesID=726b293ea8fabd12a299c71f2a7c94be 
Number of updated asset objects reloaded before import = 0
Number of asset objects unloaded after import = 0
========================================================================
Received Import Request.
  Time of request: 2026-09-20T00:01:45.2204112Z
  Time since last request: 0.0005231 seconds.
  importAddress: GUID: 6a3af79041a1431ab3a2a9395a7ed2ae - Path: Packages/com.unity.test-framework/UnityEngine.TestRunner/NUnitExtensions/OrderedTestSuiteModifier.cs - Importer: ScriptedImporter/UnityEditor.QuickSearchModule:UnityEditor.Search:ASIAI0B
Importing 'GUID: 6a3af79041a1431ab3a2a9395a7ed2ae - Path: Packages/com.unity.test-framework/UnityEngine.TestRunner/NUnitExtensions/OrderedTestSuiteModifier.cs - Importer: ScriptedImporter/UnityEditor.QuickSearchModule:UnityEditor.Search:ASIAI0B' with importer (ScriptedImporter : UnityEditor.QuickSearchModule:UnityEditor.Search:ASIAI0B)
Imported 'GUID: 6a3af79041a1431ab3a2a9395a7ed2ae' -> (Import Result ID: '48e9a65180116ca242add107655ece6b') in 0.005 seconds [static and dynamic dependencies]. Details - ImportResultOutputID=1dfd7d6f0aa6716201f20f22135f573e DependenciesID=740cd54c87b6594805a7cbbf3f131f79 StaticDependenciesID=50c93c9eb172938a2f02662e69adac9c 
Number of updated asset objects reloaded before import = 0
Number of asset objects unloaded after import = 0
========================================================================
Received Import Request.
  Time of request: 2026-09-20T00:01:45.2257928Z
  Time since last request: 0.0005675 seconds.
  importAddress: GUID: d0abdd8cb6b29a24c8ee19626ef741b9 - Path: Packages/com.unity.test-framework/UnityEditor.TestRunner/UnityTestProtocol/UtpDebuglogger.cs - Importer: ScriptedImporter/UnityEditor.QuickSearchModule:UnityEditor.Search:ASIAI0B
Importing 'GUID: d0abdd8cb6b29a24c8ee19626ef741b9 - Path: Packages/com.unity.test-framework/UnityEditor.TestRunner/UnityTestProtocol/UtpDebuglogger.cs - Importer: ScriptedImporter/UnityEditor.QuickSearchModule:UnityEditor.Search:ASIAI0B' with importer (ScriptedImporter : UnityEditor.QuickSearchModule:UnityEditor.Search:ASIAI0B)
Imported 'GUID: d0abdd8cb6b29a24c8ee19626ef741b9' -> (Import Result ID: '551300adbb6fa656a20b145c32f9b28b') in 0.003 seconds [static and dynamic dependencies]. Details - ImportResultOutputID=42e2221bcc829fa94e1f8b2251d5ad00 DependenciesID=745f7b565ab0b9a986f49aa2151f1f72 StaticDependenciesID=5b535b7614bc63c1ebf69758cbff83a9 
Number of updated asset objects reloaded before import = 0
Number of asset objects unloaded after import = 0
========================================================================
Received Import Request.
  Time of request: 2026-09-20T00:01:45.2300507Z
  Time since last request: 0.0006255 seconds.
  importAddress: GUID: 2fcdb9402e0a4427bd5bd01f71ecf6d5 - Path: Packages/com.unity.test-framework/UnityEngine.TestRunner/Assertions/OutOfOrderExpectedLogMessageException.cs - Importer: ScriptedImporter/UnityEditor.QuickSearchModule:UnityEditor.Search:ASIAI0B
Importing 'GUID: 2fcdb9402e0a4427bd5bd01f71ecf6d5 - Path: Packages/com.unity.test-framework/UnityEngine.TestRunner/Assertions/OutOfOrderExpectedLogMessageException.cs - Importer: ScriptedImporter/UnityEditor.QuickSearchModule:UnityEditor.Search:ASIAI0B' with importer (ScriptedImporter : UnityEditor.QuickSearchModule:UnityEditor.Search:ASIAI0B)
Imported 'GUID: 2fcdb9402e0a4427bd5bd01f71ecf6d5' -> (Import Result ID: '00fa96d902c87c84896d86604d33ff02') in 0.005 seconds [static and dynamic dependencies]. Details - ImportResultOutputID=d783619561fcce64be888dc3e11dca72 DependenciesID=bf7b9af7bdb364f658a9b8e121facd63 StaticDependenciesID=bf38950772d798f485d83e7a8634144a 
Number of updated asset objects reloaded before import = 0
Number of asset objects unloaded after import = 0
========================================================================
Received Import Request.
  Time of request: 2026-09-20T00:01:45.2360475Z
  Time since last request: 0.0005993 seconds.
  importAddress: GUID: b9aec9d3b0a86466ab4647d01e8fc87d - Path: Packages/com.unity.test-framework/UnityEngine.TestRunner/TestRunner/SynchronousFilter.cs - Importer: ScriptedImporter/UnityEditor.QuickSearchModule:UnityEditor.Search:ASIAI0B
Importing 'GUID: b9aec9d3b0a86466ab4647d01e8fc87d - Path: Packages/com.unity.test-framework/UnityEngine.TestRunner/TestRunner/SynchronousFilter.cs - Importer: ScriptedImporter/UnityEditor.QuickSearchModule:UnityEditor.Search:ASIAI0B' with importer (ScriptedImporter : UnityEditor.QuickSearchModule:UnityEditor.Search:ASIAI0B)
Imported 'GUID: b9aec9d3b0a86466ab4647d01e8fc87d' -> (Import Result ID: '89821ddc755cf744f72b00c6aafcf5dd') in 0.004 seconds [static and dynamic dependencies]. Details - ImportResultOutputID=a71c7c0d1e3f85740a281323d7e4731c DependenciesID=500470f3827ecbae47316ea93d9641a3 StaticDependenciesID=59bab1847b440b73d006c027dfb66af6 
Number of updated asset objects reloaded before import = 0
Number of asset objects unloaded after import = 0
========================================================================
Received Import Request.
  Time of request: 2026-09-20T00:01:45.2411674Z
  Time since last request: 0.0010266 seconds.
  importAddress: GUID: 1dd36da2e4e5540d5b2e44fc928a9d50 - Path: Packages/com.unity.test-framework/UnityEngine.TestRunner/Utils/IPostbuildCleanupWithTestData.cs - Importer: ScriptedImporter/UnityEditor.QuickSearchModule:UnityEditor.Search:ASIAI0B
Importing 'GUID: 1dd36da2e4e5540d5b2e44fc928a9d50 - Path: Packages/com.unity.test-framework/UnityEngine.TestRunner/Utils/IPostbuildCleanupWithTestData.cs - Importer: ScriptedImporter/UnityEditor.QuickSearchModule:UnityEditor.Search:ASIAI0B' with importer (ScriptedImporter : UnityEditor.QuickSearchModule:UnityEditor.Search:ASIAI0B)
Imported 'GUID: 1dd36da2e4e5540d5b2e44fc928a9d50' -> (Import Result ID: 'f4e2f17bc565cbe75ae198a6e5b3512b') in 0.004 seconds [static and dynamic dependencies]. Details - ImportResultOutputID=4ee51d737dc5508a06c3280f2c7c5b7a DependenciesID=bdcd4e5993668dd0991e7f196f176e11 StaticDependenciesID=4c113b1a78da5eeec1a57b56d50c51bb 
Number of updated asset objects reloaded before import = 0
Number of asset objects unloaded after import = 0
========================================================================
Received Import Request.
  Time of request: 2026-09-20T00:01:45.2463274Z
  Time since last request: 0.0005753 seconds.
  importAddress: GUID: 4c006cc4132f4e2d8b3e7208af3e208c - Path: Packages/com.unity.test-framework/UnityEngine.TestRunner/NUnitExtensions/ITestSuiteModifier.cs - Importer: ScriptedImporter/UnityEditor.QuickSearchModule:UnityEditor.Search:ASIAI0B
Importing 'GUID: 4c006cc4132f4e2d8b3e7208af3e208c - Path: Packages/com.unity.test-framework/UnityEngine.TestRunner/NUnitExtensions/ITestSuiteModifier.cs - Importer: ScriptedImporter/UnityEditor.QuickSearchModule:UnityEditor.Search:ASIAI0B' with importer (ScriptedImporter : UnityEditor.QuickSearchModule:UnityEditor.Search:ASIAI0B)
Imported 'GUID: 4c006cc4132f4e2d8b3e7208af3e208c' -> (Import Result ID: '8ffd631287774f58336e8fed6367dae0') in 0.005 seconds [static and dynamic dependencies]. Details - ImportResultOutputID=61824417d9c11263c98eaa7363415c83 DependenciesID=073f6908e162d6fb34f6b69186513778 StaticDependenciesID=ba026b1739e23c854d8f2468d9048d02 
Number of updated asset objects reloaded before import = 0
Number of asset objects unloaded after import = 0
========================================================================
Received Import Request.
  Time of request: 2026-09-20T00:01:45.2521688Z
  Time since last request: 0.000741 seconds.
  importAddress: GUID: d1b534518943030499685344fd1d476d - Path: Packages/com.unity.test-framework/UnityEngine.TestRunner/TestRunner/ITestRunnerListener.cs - Importer: ScriptedImporter/UnityEditor.QuickSearchModule:UnityEditor.Search:ASIAI0B
Importing 'GUID: d1b534518943030499685344fd1d476d - Path: Packages/com.unity.test-framework/UnityEngine.TestRunner/TestRunner/ITestRunnerListener.cs - Importer: ScriptedImporter/UnityEditor.QuickSearchModule:UnityEditor.Search:ASIAI0B' with importer (ScriptedImporter : UnityEditor.QuickSearchModule:UnityEditor.Search:ASIAI0B)
Imported 'GUID: d1b534518943030499685344fd1d476d' -> (Import Result ID: '8fdc125cd45254e1c73f6ab91cc0f7f3') in 0.003 seconds [static and dynamic dependencies]. Details - ImportResultOutputID=1485c048c08ffc58ecf83dd068936c1c DependenciesID=e78db9582ba145c9e4ac86fcfeb62a45 StaticDependenciesID=28032253b9303cf72c5b005a82f14348 
Number of updated asset objects reloaded before import = 0
Number of asset objects unloaded after import = 0
========================================================================
Received Import Request.
  Time of request: 2026-09-20T00:01:45.255766Z
  Time since last request: 0.0004755 seconds.
  importAddress: GUID: 1c15a1275ff24d1092facf3f75065ab6 - Path: Packages/com.unity.test-framework/UnityEngine.TestRunner/UnityTestProtocol/MessageForRetryRepeat.cs - Importer: ScriptedImporter/UnityEditor.QuickSearchModule:UnityEditor.Search:ASIAI0B
Importing 'GUID: 1c15a1275ff24d1092facf3f75065ab6 - Path: Packages/com.unity.test-framework/UnityEngine.TestRunner/UnityTestProtocol/MessageForRetryRepeat.cs - Importer: ScriptedImporter/UnityEditor.QuickSearchModule:UnityEditor.Search:ASIAI0B' with importer (ScriptedImporter : UnityEditor.QuickSearchModule:UnityEditor.Search:ASIAI0B)
Imported 'GUID: 1c15a1275ff24d1092facf3f75065ab6' -> (Import Result ID: '5b5d166d9f8bfc994a870536a48dc77e') in 0.003 seconds [static and dynamic dependencies]. Details - ImportResultOutputID=bac182f866a7518ecfa5fa7ef98537cb DependenciesID=30864abd6e9d874e782a762c25354801 StaticDependenciesID=f7dc7593bdb1eea1488ec03d60c13cff 
Number of updated asset objects reloaded before import = 0
Number of asset objects unloaded after import = 0
========================================================================
Received Import Request.
  Time of request: 2026-09-20T00:01:45.259594Z
  Time since last request: 0.0005414 seconds.
  importAddress: GUID: d09858396dd7adb4bbdb22ea0c8c3a37 - Path: Packages/com.unity.test-framework/UnityEngine.TestRunner/Assertions/AllocatingGCMemoryConstraint.cs - Importer: ScriptedImporter/UnityEditor.QuickSearchModule:UnityEditor.Search:ASIAI0B
Importing 'GUID: d09858396dd7adb4bbdb22ea0c8c3a37 - Path: Packages/com.unity.test-framework/UnityEngine.TestRunner/Assertions/AllocatingGCMemoryConstraint.cs - Importer: ScriptedImporter/UnityEditor.QuickSearchModule:UnityEditor.Search:ASIAI0B' with importer (ScriptedImporter : UnityEditor.QuickSearchModule:UnityEditor.Search:ASIAI0B)
Imported 'GUID: d09858396dd7adb4bbdb22ea0c8c3a37' -> (Import Result ID: 'bfc2159e7f26c53aa70a9a8541c012f4') in 0.003 seconds [static and dynamic dependencies]. Details - ImportResultOutputID=6c951a8106f007603ec554dd9bec8b68 DependenciesID=77ba7fbd120c2ac76f6110c555d78302 StaticDependenciesID=ca87ca8195b421d19ee66942ab24bf48 
Number of updated asset objects reloaded before import = 0
Number of asset objects unloaded after import = 0
========================================================================
Received Import Request.
  Time of request: 2026-09-20T00:01:45.2635001Z
  Time since last request: 0.0005836 seconds.
  importAddress: GUID: acc16f0c684508f44813662a300c574b - Path: Packages/com.unity.test-framework/UnityEngine.TestRunner/Utils/IPrebuildSetup.cs - Importer: ScriptedImporter/UnityEditor.QuickSearchModule:UnityEditor.Search:ASIAI0B
Importing 'GUID: acc16f0c684508f44813662a300c574b - Path: Packages/com.unity.test-framework/UnityEngine.TestRunner/Utils/IPrebuildSetup.cs - Importer: ScriptedImporter/UnityEditor.QuickSearchModule:UnityEditor.Search:ASIAI0B' with importer (ScriptedImporter : UnityEditor.QuickSearchModule:UnityEditor.Search:ASIAI0B)
Imported 'GUID: acc16f0c684508f44813662a300c574b' -> (Import Result ID: 'cf4cbfec2e3e69afd8bd80be4c005124') in 0.005 seconds [static and dynamic dependencies]. Details - ImportResultOutputID=0b1eae883a389e899db6677499c5ed12 DependenciesID=18d0cf84fb249a4bce864448c46e8239 StaticDependenciesID=fdabb9252a60e7bfdda358e887294b63 
Number of updated asset objects reloaded before import = 0
Number of asset objects unloaded after import = 0
========================================================================
Received Import Request.
  Time of request: 2026-09-20T00:01:45.2695792Z
  Time since last request: 0.0006335 seconds.
  importAddress: GUID: 78776d25d6504b16a629856dba391764 - Path: Packages/com.unity.test-framework/UnityEditor.TestRunner/UnityTestProtocol/DeterministicGuid.cs - Importer: ScriptedImporter/UnityEditor.QuickSearchModule:UnityEditor.Search:ASIAI0B
Importing 'GUID: 78776d25d6504b16a629856dba391764 - Path: Packages/com.unity.test-framework/UnityEditor.TestRunner/UnityTestProtocol/DeterministicGuid.cs - Importer: ScriptedImporter/UnityEditor.QuickSearchModule:UnityEditor.Search:ASIAI0B' with importer (ScriptedImporter : UnityEditor.QuickSearchModule:UnityEditor.Search:ASIAI0B)
Imported 'GUID: 78776d25d6504b16a629856dba391764' -> (Import Result ID: '7ad1c6e093989b920feaac708b323b4c') in 0.003 seconds [static and dynamic dependencies]. Details - ImportResultOutputID=cdd1c297839674ac05f20a215f454919 DependenciesID=76ff575e36af7ef8fb37aa075c9bd92b StaticDependenciesID=e0c131ed3666daf60610986f2343ed27 
Number of updated asset objects reloaded before import = 0
Number of asset objects unloaded after import = 0
========================================================================
Received Import Request.
  Time of request: 2026-09-20T00:01:45.2735131Z
  Time since last request: 0.0005976 seconds.
  importAddress: GUID: 8bc74398aa3944646ade4ee78cd57484 - Path: Packages/com.unity.test-framework/UnityEngine.TestRunner/NUnitExtensions/TestExtensions.cs - Importer: ScriptedImporter/UnityEditor.QuickSearchModule:UnityEditor.Search:ASIAI0B
Importing 'GUID: 8bc74398aa3944646ade4ee78cd57484 - Path: Packages/com.unity.test-framework/UnityEngine.TestRunner/NUnitExtensions/TestExtensions.cs - Importer: ScriptedImporter/UnityEditor.QuickSearchModule:UnityEditor.Search:ASIAI0B' with importer (ScriptedImporter : UnityEditor.QuickSearchModule:UnityEditor.Search:ASIAI0B)
Imported 'GUID: 8bc74398aa3944646ade4ee78cd57484' -> (Import Result ID: '0e70330ff16e3a97e86c5cf5e3c6af0b') in 0.004 seconds [static and dynamic dependencies]. Details - ImportResultOutputID=409e74a7cc2b46f9e3b99f3ad950a5a2 DependenciesID=7ebf92a34856c529c7869aeb48e9dcb5 StaticDependenciesID=8871af249e823c9db81ddfa9cf9fb3d5 
Number of updated asset objects reloaded before import = 0
Number of asset objects unloaded after import = 0
========================================================================
Received Import Request.
  Time of request: 2026-09-20T00:01:45.2788383Z
  Time since last request: 0.0006683 seconds.
  importAddress: GUID: 26d207ea119f34117a1dc1a439e285e3 - Path: Packages/com.unity.test-framework/UnityEngine.TestRunner/Utils/PrebuildSetupWithTestDataAttribute.cs - Importer: ScriptedImporter/UnityEditor.QuickSearchModule:UnityEditor.Search:ASIAI0B
Importing 'GUID: 26d207ea119f34117a1dc1a439e285e3 - Path: Packages/com.unity.test-framework/UnityEngine.TestRunner/Utils/PrebuildSetupWithTestDataAttribute.cs - Importer: ScriptedImporter/UnityEditor.QuickSearchModule:UnityEditor.Search:ASIAI0B' with importer (ScriptedImporter : UnityEditor.QuickSearchModule:UnityEditor.Search:ASIAI0B)
Imported 'GUID: 26d207ea119f34117a1dc1a439e285e3' -> (Import Result ID: '8bccd21f56faf12b64dd00e6bd5ca7b9') in 0.007 seconds [static and dynamic dependencies]. Details - ImportResultOutputID=2d9a2f57adb33e5f708fcc4e19aeb67e DependenciesID=cca36f7ed4ec8b0e3a583350860fde3d StaticDependenciesID=92e9bfe92bbaa4a2101bed732bd678c3 
Number of updated asset objects reloaded before import = 0
Number of asset objects unloaded after import = 0
========================================================================
Received Import Request.
  Time of request: 2026-09-20T00:01:45.2869373Z
  Time since last request: 0.0004858 seconds.
  importAddress: GUID: ebcc5f899d9277642868aeda9a17cbaf - Path: Packages/com.unity.test-framework/UnityEditor.TestRunner/UnityTestProtocol/UtpMessageReporter.cs - Importer: ScriptedImporter/UnityEditor.QuickSearchModule:UnityEditor.Search:ASIAI0B
Importing 'GUID: ebcc5f899d9277642868aeda9a17cbaf - Path: Packages/com.unity.test-framework/UnityEditor.TestRunner/UnityTestProtocol/UtpMessageReporter.cs - Importer: ScriptedImporter/UnityEditor.QuickSearchModule:UnityEditor.Search:ASIAI0B' with importer (ScriptedImporter : UnityEditor.QuickSearchModule:UnityEditor.Search:ASIAI0B)
Imported 'GUID: ebcc5f899d9277642868aeda9a17cbaf' -> (Import Result ID: 'f4206500d4c91e335a8823ae3875872a') in 0.004 seconds [static and dynamic dependencies]. Details - ImportResultOutputID=6588f50d1baf931fe717714a52476a0c DependenciesID=aba3afa5a5f7657d11e6c74453e32b39 StaticDependenciesID=47a33921c924918cc2e6f092ecd59ba5 
Number of updated asset objects reloaded before import = 0
Number of asset objects unloaded after import = 0
========================================================================
Received Import Request.
  Time of request: 2026-09-20T00:01:45.2917905Z
  Time since last request: 0.0005828 seconds.
  importAddress: GUID: ae8ce3ffe04ac2c42945fd27e0291fc3 - Path: Packages/com.unity.test-framework/UnityEngine.TestRunner/Utils/AttributeHelper.cs - Importer: ScriptedImporter/UnityEditor.QuickSearchModule:UnityEditor.Search:ASIAI0B
Importing 'GUID: ae8ce3ffe04ac2c42945fd27e0291fc3 - Path: Packages/com.unity.test-framework/UnityEngine.TestRunner/Utils/AttributeHelper.cs - Importer: ScriptedImporter/UnityEditor.QuickSearchModule:UnityEditor.Search:ASIAI0B' with importer (ScriptedImporter : UnityEditor.QuickSearchModule:UnityEditor.Search:ASIAI0B)
Imported 'GUID: ae8ce3ffe04ac2c42945fd27e0291fc3' -> (Import Result ID: '57e2a9c515ac09ed1ba3c1573d0290b0') in 0.005 seconds [static and dynamic dependencies]. Details - ImportResultOutputID=f0064b40a83ab820fbd9ab1600d2ad09 DependenciesID=d1ee83b74d67529ba2f4a1190fa0d336 StaticDependenciesID=1f201109a9d0a26e8da0d5f131d09d62 
Number of updated asset objects reloaded before import = 0
Number of asset objects unloaded after import = 0
========================================================================
Received Import Request.
  Time of request: 2026-09-20T00:01:45.2975023Z
  Time since last request: 0.0005628 seconds.
  importAddress: GUID: 7dc341f3ffc346738912e0ae5aa6c7e4 - Path: Packages/com.unity.test-framework/UnityEditor.TestRunner/UnityTestProtocol/TesRunDataHolder.cs - Importer: ScriptedImporter/UnityEditor.QuickSearchModule:UnityEditor.Search:ASIAI0B
Importing 'GUID: 7dc341f3ffc346738912e0ae5aa6c7e4 - Path: Packages/com.unity.test-framework/UnityEditor.TestRunner/UnityTestProtocol/TesRunDataHolder.cs - Importer: ScriptedImporter/UnityEditor.QuickSearchModule:UnityEditor.Search:ASIAI0B' with importer (ScriptedImporter : UnityEditor.QuickSearchModule:UnityEditor.Search:ASIAI0B)
Imported 'GUID: 7dc341f3ffc346738912e0ae5aa6c7e4' -> (Import Result ID: 'e699e8325850f2f0771fd80abef1975b') in 0.005 seconds [static and dynamic dependencies]. Details - ImportResultOutputID=e3bef6ce7ebb7a75be6dc0061c36756c DependenciesID=06b7805567da434403793caa2123ddfa StaticDependenciesID=e07db4270c99d1e0cc3ac75c07b2d484 
Number of updated asset objects reloaded before import = 0
Number of asset objects unloaded after import = 0
========================================================================
Received Import Request.
  Time of request: 2026-09-20T00:01:45.3031028Z
  Time since last request: 0.0006097 seconds.
  importAddress: GUID: 900aac3710bc14542a8d164e3f0ff820 - Path: Packages/com.unity.test-framework/UnityEditor.TestRunner/UnityTestProtocol/UnityTestProtocolListener.cs - Importer: ScriptedImporter/UnityEditor.QuickSearchModule:UnityEditor.Search:ASIAI0B
Importing 'GUID: 900aac3710bc14542a8d164e3f0ff820 - Path: Packages/com.unity.test-framework/UnityEditor.TestRunner/UnityTestProtocol/UnityTestProtocolListener.cs - Importer: ScriptedImporter/UnityEditor.QuickSearchModule:UnityEditor.Search:ASIAI0B' with importer (ScriptedImporter : UnityEditor.QuickSearchModule:UnityEditor.Search:ASIAI0B)
Imported 'GUID: 900aac3710bc14542a8d164e3f0ff820' -> (Import Result ID: '94cc3704128277336a59252fd8db31e0') in 0.005 seconds [static and dynamic dependencies]. Details - ImportResultOutputID=a7371a6645c7260a363b594fe7ef9d42 DependenciesID=e40255e68764442ccac9522f1c9ca8c5 StaticDependenciesID=f3d2592525fa0e6ae6d711b2c5cc3f41 
Number of updated asset objects reloaded before import = 0
Number of asset objects unloaded after import = 0
========================================================================
Received Import Request.
  Time of request: 2026-09-20T00:01:45.3085168Z
  Time since last request: 0.00058 seconds.
  importAddress: GUID: 319fe8cda376431bb7987d94f916819b - Path: Packages/com.unity.test-framework/UnityEditor.TestRunner/UnityTestProtocol/UtpMessageBuilder.cs - Importer: ScriptedImporter/UnityEditor.QuickSearchModule:UnityEditor.Search:ASIAI0B
Importing 'GUID: 319fe8cda376431bb7987d94f916819b - Path: Packages/com.unity.test-framework/UnityEditor.TestRunner/UnityTestProtocol/UtpMessageBuilder.cs - Importer: ScriptedImporter/UnityEditor.QuickSearchModule:UnityEditor.Search:ASIAI0B' with importer (ScriptedImporter : UnityEditor.QuickSearchModule:UnityEditor.Search:ASIAI0B)
Imported 'GUID: 319fe8cda376431bb7987d94f916819b' -> (Import Result ID: '37bdf5f70cc9c1ad51a38d3100722600') in 0.007 seconds [static and dynamic dependencies]. Details - ImportResultOutputID=d53fddaba5d0b3562c50c170ba0ebd8e DependenciesID=3ad06bf283cddc8bd37bb65c93746bd2 StaticDependenciesID=e9288374afc86d82bafa9aa59a779634 
Number of updated asset objects reloaded before import = 0
Number of asset objects unloaded after import = 0
========================================================================
Received Import Request.
  Time of request: 2026-09-20T00:01:45.3171017Z
  Time since last request: 0.0007286 seconds.
  importAddress: GUID: 6d5833966abeadb429de247e4316eef4 - Path: Packages/com.unity.test-framework/UnityEngine.TestRunner/Assertions/Is.cs - Importer: ScriptedImporter/UnityEditor.QuickSearchModule:UnityEditor.Search:ASIAI0B
Importing 'GUID: 6d5833966abeadb429de247e4316eef4 - Path: Packages/com.unity.test-framework/UnityEngine.TestRunner/Assertions/Is.cs - Importer: ScriptedImporter/UnityEditor.QuickSearchModule:UnityEditor.Search:ASIAI0B' with importer (ScriptedImporter : UnityEditor.QuickSearchModule:UnityEditor.Search:ASIAI0B)
Imported 'GUID: 6d5833966abeadb429de247e4316eef4' -> (Import Result ID: '1bf00145fd9cf1133d2143be98e4d35e') in 0.004 seconds [static and dynamic dependencies]. Details - ImportResultOutputID=820ad06bc3bfe46dcb6270e8bda2a73a DependenciesID=ba9d8f6e0660567da0141c39e5445138 StaticDependenciesID=301cd2d91f2dfa7ea5f1d949278b6b78 
Number of updated asset objects reloaded before import = 0
Number of asset objects unloaded after import = 0
========================================================================
Received Import Request.
  Time of request: 2026-09-20T00:01:45.322242Z
  Time since last request: 0.0004943 seconds.
  importAddress: GUID: 38d0b8a87b967304da08a2ae9b955066 - Path: Packages/com.unity.test-framework/UnityEngine.TestRunner/Utils/ITestRunCallback.cs - Importer: ScriptedImporter/UnityEditor.QuickSearchModule:UnityEditor.Search:ASIAI0B
Importing 'GUID: 38d0b8a87b967304da08a2ae9b955066 - Path: Packages/com.unity.test-framework/UnityEngine.TestRunner/Utils/ITestRunCallback.cs - Importer: ScriptedImporter/UnityEditor.QuickSearchModule:UnityEditor.Search:ASIAI0B' with importer (ScriptedImporter : UnityEditor.QuickSearchModule:UnityEditor.Search:ASIAI0B)
Imported 'GUID: 38d0b8a87b967304da08a2ae9b955066' -> (Import Result ID: '4c0bb47aa1183542a979e53f3c568d57') in 0.003 seconds [static and dynamic dependencies]. Details - ImportResultOutputID=ff17c1d8d79d3585dd6dee26974b3e3d DependenciesID=54a4183e9fe26800adf345b41fa9bf67 StaticDependenciesID=16ffc7ab05eea7f1a31a33d006670fbf 
Number of updated asset objects reloaded before import = 0
Number of asset objects unloaded after import = 0
========================================================================
Received Import Request.
  Time of request: 2026-09-20T00:01:45.326397Z
  Time since last request: 0.0006093 seconds.
  importAddress: GUID: 98ba0396e4b4ee8498a8f097affcfddf - Path: Packages/com.unity.test-framework/UnityEngine.TestRunner/NUnitExtensions/UnityTestAssemblyBuilder.cs - Importer: ScriptedImporter/UnityEditor.QuickSearchModule:UnityEditor.Search:ASIAI0B
Importing 'GUID: 98ba0396e4b4ee8498a8f097affcfddf - Path: Packages/com.unity.test-framework/UnityEngine.TestRunner/NUnitExtensions/UnityTestAssemblyBuilder.cs - Importer: ScriptedImporter/UnityEditor.QuickSearchModule:UnityEditor.Search:ASIAI0B' with importer (ScriptedImporter : UnityEditor.QuickSearchModule:UnityEditor.Search:ASIAI0B)
Imported 'GUID: 98ba0396e4b4ee8498a8f097affcfddf' -> (Import Result ID: '2feb3e0b291b56b155ea70c93f4e26da') in 0.004 seconds [static and dynamic dependencies]. Details - ImportResultOutputID=f84e5390d3f1ab119e3676bfe74f0501 DependenciesID=005d3a5e582c8cd209e33bafe2094422 StaticDependenciesID=ae87305df8d371546dacfac0d9514085 
Number of updated asset objects reloaded before import = 0
Number of asset objects unloaded after import = 0
========================================================================
Received Import Request.
  Time of request: 2026-09-20T00:01:45.3311747Z
  Time since last request: 0.0005609 seconds.
  importAddress: GUID: af5042802f06c804c8abddd544b77a4a - Path: Packages/com.unity.test-framework/UnityEngine.TestRunner/Utils/FloatEqualityComparer.cs - Importer: ScriptedImporter/UnityEditor.QuickSearchModule:UnityEditor.Search:ASIAI0B
Importing 'GUID: af5042802f06c804c8abddd544b77a4a - Path: Packages/com.unity.test-framework/UnityEngine.TestRunner/Utils/FloatEqualityComparer.cs - Importer: ScriptedImporter/UnityEditor.QuickSearchModule:UnityEditor.Search:ASIAI0B' with importer (ScriptedImporter : UnityEditor.QuickSearchModule:UnityEditor.Search:ASIAI0B)
Imported 'GUID: af5042802f06c804c8abddd544b77a4a' -> (Import Result ID: 'c5ed3ced956c45c1b0605164818d8d89') in 0.005 seconds [static and dynamic dependencies]. Details - ImportResultOutputID=a149a04158a05dacc4bc4c305bf1b545 DependenciesID=b5bbd360a3d51f7cd79308f308482cca StaticDependenciesID=6349da9e97ecdcce6cc0a26d36626f54 
Number of updated asset objects reloaded before import = 0
Number of asset objects unloaded after import = 0
========================================================================
Received Import Request.
  Time of request: 2026-09-20T00:01:45.3371474Z
  Time since last request: 0.0007445 seconds.
  importAddress: GUID: 102e512f651ee834f951a2516c1ea3b8 - Path: Packages/com.unity.test-framework/UnityEngine.TestRunner/TestRunner/PlaymodeTestsController.cs - Importer: ScriptedImporter/UnityEditor.QuickSearchModule:UnityEditor.Search:ASIAI0B
Importing 'GUID: 102e512f651ee834f951a2516c1ea3b8 - Path: Packages/com.unity.test-framework/UnityEngine.TestRunner/TestRunner/PlaymodeTestsController.cs - Importer: ScriptedImporter/UnityEditor.QuickSearchModule:UnityEditor.Search:ASIAI0B' with importer (ScriptedImporter : UnityEditor.QuickSearchModule:UnityEditor.Search:ASIAI0B)
Imported 'GUID: 102e512f651ee834f951a2516c1ea3b8' -> (Import Result ID: '40c119be2f97b8bfbd90aa48c7acf01d') in 0.004 seconds [static and dynamic dependencies]. Details - ImportResultOutputID=f35cc1a5682066522c4452119714947d DependenciesID=8a7350d51fc9007ebe16063433817cac StaticDependenciesID=0e62e9ac0b374a2e5b0310ad5f6c0e91 
Number of updated asset objects reloaded before import = 0
Number of asset objects unloaded after import = 0
========================================================================
Received Import Request.
  Time of request: 2026-09-20T00:01:45.3421136Z
  Time since last request: 0.0006136 seconds.
  importAddress: GUID: 58082d6ef6fd84b288e832c55741961e - Path: Packages/com.unity.test-framework/UnityEngine.TestRunner/Utils/IPrebuildSetupWithTestData.cs - Importer: ScriptedImporter/UnityEditor.QuickSearchModule:UnityEditor.Search:ASIAI0B
Importing 'GUID: 58082d6ef6fd84b288e832c55741961e - Path: Packages/com.unity.test-framework/UnityEngine.TestRunner/Utils/IPrebuildSetupWithTestData.cs - Importer: ScriptedImporter/UnityEditor.QuickSearchModule:UnityEditor.Search:ASIAI0B' with importer (ScriptedImporter : UnityEditor.QuickSearchModule:UnityEditor.Search:ASIAI0B)
Imported 'GUID: 58082d6ef6fd84b288e832c55741961e' -> (Import Result ID: '9db7deec4d1bdc6bbaceb3c5b3e5b154') in 0.003 seconds [static and dynamic dependencies]. Details - ImportResultOutputID=3a0acecc5746596597b2d3da8fcb88b9 DependenciesID=d3a030a0077c9379cf51856eb241f6e3 StaticDependenciesID=ca867c0f0dd2b3674fa6754d8559a783 
Number of updated asset objects reloaded before import = 0
Number of asset objects unloaded after import = 0
========================================================================
Received Import Request.
  Time of request: 2026-09-20T00:01:45.3460327Z
  Time since last request: 0.0005811 seconds.
  importAddress: GUID: 0fc9f45e5db884c07b28ac7207622a4b - Path: Packages/com.unity.test-framework/UnityEditor.TestRunner/UnityTestProtocol/TestRunData.cs - Importer: ScriptedImporter/UnityEditor.QuickSearchModule:UnityEditor.Search:ASIAI0B
Importing 'GUID: 0fc9f45e5db884c07b28ac7207622a4b - Path: Packages/com.unity.test-framework/UnityEditor.TestRunner/UnityTestProtocol/TestRunData.cs - Importer: ScriptedImporter/UnityEditor.QuickSearchModule:UnityEditor.Search:ASIAI0B' with importer (ScriptedImporter : UnityEditor.QuickSearchModule:UnityEditor.Search:ASIAI0B)
Imported 'GUID: 0fc9f45e5db884c07b28ac7207622a4b' -> (Import Result ID: '387bf7b51ccfa76f618c71e892d7e40d') in 0.004 seconds [static and dynamic dependencies]. Details - ImportResultOutputID=6467c297ab098957d960ab203e97285c DependenciesID=ef487dd4c535894c6effb0bd69a5a050 StaticDependenciesID=bf1d8bea8529122db7d9011b75cdee42 
Number of updated asset objects reloaded before import = 0
Number of asset objects unloaded after import = 0
========================================================================
Received Import Request.
  Time of request: 2026-09-20T00:01:45.3509047Z
  Time since last request: 0.000991 seconds.
  importAddress: GUID: 2011a59d3f76b3d4a85cb53f945fceee - Path: Packages/com.unity.test-framework/UnityEditor.TestRunner/UnityTestProtocol/TestRunnerApiMapper.cs - Importer: ScriptedImporter/UnityEditor.QuickSearchModule:UnityEditor.Search:ASIAI0B
Importing 'GUID: 2011a59d3f76b3d4a85cb53f945fceee - Path: Packages/com.unity.test-framework/UnityEditor.TestRunner/UnityTestProtocol/TestRunnerApiMapper.cs - Importer: ScriptedImporter/UnityEditor.QuickSearchModule:UnityEditor.Search:ASIAI0B' with importer (ScriptedImporter : UnityEditor.QuickSearchModule:UnityEditor.Search:ASIAI0B)
Imported 'GUID: 2011a59d3f76b3d4a85cb53f945fceee' -> (Import Result ID: 'd9b5390a01a8db81532984db8ad2f2b2') in 0.003 seconds [static and dynamic dependencies]. Details - ImportResultOutputID=5fa6683fda7a1cb189842b3f566b1f4e DependenciesID=c8fca3fef679028fe7253f33259dacdb StaticDependenciesID=427710f3c3b15e1ac0e82b0c0c41ee4f 
Number of updated asset objects reloaded before import = 0
Number of asset objects unloaded after import = 0
========================================================================
Received Import Request.
  Time of request: 2026-09-20T00:01:45.3548694Z
  Time since last request: 0.0006036 seconds.
  importAddress: GUID: fc748d99f1f0d484a811a566fc7915ec - Path: Packages/com.unity.test-framework/UnityEngine.TestRunner/Utils/StacktraceFilter.cs - Importer: ScriptedImporter/UnityEditor.QuickSearchModule:UnityEditor.Search:ASIAI0B
Importing 'GUID: fc748d99f1f0d484a811a566fc7915ec - Path: Packages/com.unity.test-framework/UnityEngine.TestRunner/Utils/StacktraceFilter.cs - Importer: ScriptedImporter/UnityEditor.QuickSearchModule:UnityEditor.Search:ASIAI0B' with importer (ScriptedImporter : UnityEditor.QuickSearchModule:UnityEditor.Search:ASIAI0B)
Imported 'GUID: fc748d99f1f0d484a811a566fc7915ec' -> (Import Result ID: 'dae758720859d76fb8d15b84ea497488') in 0.004 seconds [static and dynamic dependencies]. Details - ImportResultOutputID=a79b3e6dbff8ef04d58989f69b7279a7 DependenciesID=33a8133d1e30aa66ba91bd111df8f7c9 StaticDependenciesID=72405cc725ed2008c1fb63474171a833 
Number of updated asset objects reloaded before import = 0
Number of asset objects unloaded after import = 0
========================================================================
Received Import Request.
  Time of request: 2026-09-20T00:01:45.3599753Z
  Time since last request: 0.0006038 seconds.
  importAddress: GUID: 77f432980bb30084299a138e15c6f571 - Path: Packages/com.unity.test-framework/UnityEditor.TestRunner/UnityTestProtocol/TestState.cs - Importer: ScriptedImporter/UnityEditor.QuickSearchModule:UnityEditor.Search:ASIAI0B
Importing 'GUID: 77f432980bb30084299a138e15c6f571 - Path: Packages/com.unity.test-framework/UnityEditor.TestRunner/UnityTestProtocol/TestState.cs - Importer: ScriptedImporter/UnityEditor.QuickSearchModule:UnityEditor.Search:ASIAI0B' with importer (ScriptedImporter : UnityEditor.QuickSearchModule:UnityEditor.Search:ASIAI0B)
Imported 'GUID: 77f432980bb30084299a138e15c6f571' -> (Import Result ID: '50bcc45d826e84f3790104f57cc62fa5') in 0.004 seconds [static and dynamic dependencies]. Details - ImportResultOutputID=c5ee11a7977fffbbc7c8aec9bd913200 DependenciesID=135dac67b9d1d5bfcfc883a4a672546e StaticDependenciesID=aa6c6f78376b512bb41706f5f048c405 
Number of updated asset objects reloaded before import = 0
Number of asset objects unloaded after import = 0
========================================================================
Received Import Request.
  Time of request: 2026-09-20T00:01:45.3646418Z
  Time since last request: 0.0007913 seconds.
  importAddress: GUID: c97b794b51780d349a16826a4c7898d7 - Path: Packages/com.unity.test-framework/UnityEngine.TestRunner/Assertions/LogAssert.cs - Importer: ScriptedImporter/UnityEditor.QuickSearchModule:UnityEditor.Search:ASIAI0B
Importing 'GUID: c97b794b51780d349a16826a4c7898d7 - Path: Packages/com.unity.test-framework/UnityEngine.TestRunner/Assertions/LogAssert.cs - Importer: ScriptedImporter/UnityEditor.QuickSearchModule:UnityEditor.Search:ASIAI0B' with importer (ScriptedImporter : UnityEditor.QuickSearchModule:UnityEditor.Search:ASIAI0B)
Imported 'GUID: c97b794b51780d349a16826a4c7898d7' -> (Import Result ID: '35fdd1c61245eddcf4b8fa4ebd1a2026') in 0.006 seconds [static and dynamic dependencies]. Details - ImportResultOutputID=1d31aaae50c347d7f464588ce84a6c5e DependenciesID=e708730176b726fd1ff2c426eb4fd146 StaticDependenciesID=ff33135851cabfba31f960356b684e29 
Number of updated asset objects reloaded before import = 0
Number of asset objects unloaded after import = 0
========================================================================
Received Import Request.
  Time of request: 2026-09-20T00:01:45.3723285Z
  Time since last request: 0.000775 seconds.
  importAddress: GUID: 1ac58cb55fc8daf4abd3945a2bbbb0c5 - Path: Packages/com.unity.test-framework/UnityEditor.TestRunner/UnityTestProtocol/UnityTestProtocolStarter.cs - Importer: ScriptedImporter/UnityEditor.QuickSearchModule:UnityEditor.Search:ASIAI0B
Importing 'GUID: 1ac58cb55fc8daf4abd3945a2bbbb0c5 - Path: Packages/com.unity.test-framework/UnityEditor.TestRunner/UnityTestProtocol/UnityTestProtocolStarter.cs - Importer: ScriptedImporter/UnityEditor.QuickSearchModule:UnityEditor.Search:ASIAI0B' with importer (ScriptedImporter : UnityEditor.QuickSearchModule:UnityEditor.Search:ASIAI0B)
Imported 'GUID: 1ac58cb55fc8daf4abd3945a2bbbb0c5' -> (Import Result ID: '8909702f8b5d2603399c9a1fea31311d') in 0.003 seconds [static and dynamic dependencies]. Details - ImportResultOutputID=fbe9ff127d7cac9034faa8ec1b1bbcbd DependenciesID=31fc2f577ff787d1c6b61fb38298f049 StaticDependenciesID=30a95e37846cf2a4d7144356cb0ebc26 
Number of updated asset objects reloaded before import = 0
Number of asset objects unloaded after import = 0
========================================================================
Received Import Request.
  Time of request: 2026-09-20T00:01:45.3762899Z
  Time since last request: 0.0006631 seconds.
  importAddress: GUID: e64067e4f2ec4e818dba53b3d31847b8 - Path: Packages/com.unity.test-framework/UnityEngine.TestRunner/UnityTestProtocol/DeterministicGuid.cs - Importer: ScriptedImporter/UnityEditor.QuickSearchModule:UnityEditor.Search:ASIAI0B
Importing 'GUID: e64067e4f2ec4e818dba53b3d31847b8 - Path: Packages/com.unity.test-framework/UnityEngine.TestRunner/UnityTestProtocol/DeterministicGuid.cs - Importer: ScriptedImporter/UnityEditor.QuickSearchModule:UnityEditor.Search:ASIAI0B' with importer (ScriptedImporter : UnityEditor.QuickSearchModule:UnityEditor.Search:ASIAI0B)
Imported 'GUID: e64067e4f2ec4e818dba53b3d31847b8' -> (Import Result ID: 'cb2d31213f88aabd5834b45afe10829e') in 0.004 seconds [static and dynamic dependencies]. Details - ImportResultOutputID=a187ef033b27c27b95e09532c56db98b DependenciesID=acaf4dd0d89e77d39d3e74681aba8c89 StaticDependenciesID=b27a9181a27a9b92c38cd6e607ca0889 
Number of updated asset objects reloaded before import = 0
Number of asset objects unloaded after import = 0
========================================================================
Received Import Request.
  Time of request: 2026-09-20T00:01:45.3808506Z
  Time since last request: 0.0006891 seconds.
  importAddress: GUID: e440d63dae5d049ca83c823c9f246b17 - Path: Packages/com.unity.test-framework/UnityEngine.TestRunner/Utils/PostBuildCleanupWithTestDataAttribute.cs - Importer: ScriptedImporter/UnityEditor.QuickSearchModule:UnityEditor.Search:ASIAI0B
Importing 'GUID: e440d63dae5d049ca83c823c9f246b17 - Path: Packages/com.unity.test-framework/UnityEngine.TestRunner/Utils/PostBuildCleanupWithTestDataAttribute.cs - Importer: ScriptedImporter/UnityEditor.QuickSearchModule:UnityEditor.Search:ASIAI0B' with importer (ScriptedImporter : UnityEditor.QuickSearchModule:UnityEditor.Search:ASIAI0B)
Imported 'GUID: e440d63dae5d049ca83c823c9f246b17' -> (Import Result ID: '2edfb604dc2ca6b1d1593259b54dd626') in 0.005 seconds [static and dynamic dependencies]. Details - ImportResultOutputID=0d790fdd40f7f94ac934a44b9b21e7d3 DependenciesID=57df20c4f64728d09d295e3945818c42 StaticDependenciesID=26731e8752a830bbc886b13afb3ea53f 
Number of updated asset objects reloaded before import = 0
Number of asset objects unloaded after import = 0
========================================================================
Received Import Request.
  Time of request: 2026-09-20T00:01:45.3864892Z
  Time since last request: 0.0005319 seconds.
  importAddress: GUID: a8ed4063f2beecd41a234a582202f3c4 - Path: Packages/com.unity.test-framework/UnityEngine.TestRunner/Assertions/UnhandledLogMessageException.cs - Importer: ScriptedImporter/UnityEditor.QuickSearchModule:UnityEditor.Search:ASIAI0B
Importing 'GUID: a8ed4063f2beecd41a234a582202f3c4 - Path: Packages/com.unity.test-framework/UnityEngine.TestRunner/Assertions/UnhandledLogMessageException.cs - Importer: ScriptedImporter/UnityEditor.QuickSearchModule:UnityEditor.Search:ASIAI0B' with importer (ScriptedImporter : UnityEditor.QuickSearchModule:UnityEditor.Search:ASIAI0B)
Imported 'GUID: a8ed4063f2beecd41a234a582202f3c4' -> (Import Result ID: '976a2ce3bd86a3c2fa48c8b121b9292b') in 0.003 seconds [static and dynamic dependencies]. Details - ImportResultOutputID=e36c7e3b44d815d7c850f3af53f4c8eb DependenciesID=d7fca8c05081a00ce9a5fbbadc6e5584 StaticDependenciesID=558d6e1baa08e4766309a5b7607d27f5 
Number of updated asset objects reloaded before import = 0
Number of asset objects unloaded after import = 0
========================================================================
Received Import Request.
  Time of request: 2026-09-20T00:01:45.3902015Z
  Time since last request: 0.0005439 seconds.
  importAddress: GUID: db9a20ff62f649c7b64172ebec68370c - Path: Packages/com.unity.test-framework/UnityEngine.TestRunner/UnityTestProtocol/TestStartedMessage.cs - Importer: ScriptedImporter/UnityEditor.QuickSearchModule:UnityEditor.Search:ASIAI0B
Importing 'GUID: db9a20ff62f649c7b64172ebec68370c - Path: Packages/com.unity.test-framework/UnityEngine.TestRunner/UnityTestProtocol/TestStartedMessage.cs - Importer: ScriptedImporter/UnityEditor.QuickSearchModule:UnityEditor.Search:ASIAI0B' with importer (ScriptedImporter : UnityEditor.QuickSearchModule:UnityEditor.Search:ASIAI0B)
Imported 'GUID: db9a20ff62f649c7b64172ebec68370c' -> (Import Result ID: 'fbe917c963bc8a9c068230c3f63ab3b3') in 0.004 seconds [static and dynamic dependencies]. Details - ImportResultOutputID=5c2af18929cfdb9e6418af7fcadf7972 DependenciesID=a066f2f7d6a3f928c2b91a5c9bed3c37 StaticDependenciesID=3c3331a78e52204cabd749f32dcbae85 
Number of updated asset objects reloaded before import = 0
Number of asset objects unloaded after import = 0
========================================================================
Received Import Request.
  Time of request: 2026-09-20T00:01:45.3949718Z
  Time since last request: 0.0004758 seconds.
  importAddress: GUID: 4f939b9e23a0946439b812551e07ac81 - Path: Packages/com.unity.test-framework/UnityEngine.TestRunner/NUnitExtensions/ActionDelegator.cs - Importer: ScriptedImporter/UnityEditor.QuickSearchModule:UnityEditor.Search:ASIAI0B
Importing 'GUID: 4f939b9e23a0946439b812551e07ac81 - Path: Packages/com.unity.test-framework/UnityEngine.TestRunner/NUnitExtensions/ActionDelegator.cs - Importer: ScriptedImporter/UnityEditor.QuickSearchModule:UnityEditor.Search:ASIAI0B' with importer (ScriptedImporter : UnityEditor.QuickSearchModule:UnityEditor.Search:ASIAI0B)
Imported 'GUID: 4f939b9e23a0946439b812551e07ac81' -> (Import Result ID: '22fcdad559f587db519a1c44fdbdc6da') in 0.003 seconds [static and dynamic dependencies]. Details - ImportResultOutputID=670741dbad65a6b749577b98beb990e5 DependenciesID=974ae02da9ddbee7b02144b604d5fac4 StaticDependenciesID=02b9ad62588f617b4e7354207dd60cce 
Number of updated asset objects reloaded before import = 0
Number of asset objects unloaded after import = 0
========================================================================
Received Import Request.
  Time of request: 2026-09-20T00:01:45.399326Z
  Time since last request: 0.0006062 seconds.
  importAddress: GUID: ff67c526455160f4690a44f74dee4cbe - Path: Packages/com.unity.test-framework/UnityEngine.TestRunner/Utils/IPostBuildCleanup.cs - Importer: ScriptedImporter/UnityEditor.QuickSearchModule:UnityEditor.Search:ASIAI0B
Importing 'GUID: ff67c526455160f4690a44f74dee4cbe - Path: Packages/com.unity.test-framework/UnityEngine.TestRunner/Utils/IPostBuildCleanup.cs - Importer: ScriptedImporter/UnityEditor.QuickSearchModule:UnityEditor.Search:ASIAI0B' with importer (ScriptedImporter : UnityEditor.QuickSearchModule:UnityEditor.Search:ASIAI0B)
Imported 'GUID: ff67c526455160f4690a44f74dee4cbe' -> (Import Result ID: '49686d2da29d58b47ded45d915836bed') in 0.004 seconds [static and dynamic dependencies]. Details - ImportResultOutputID=bd68a755a0731071aab454cfefca0390 DependenciesID=ca5b46fdf74b4f6056df488f78bed469 StaticDependenciesID=67f69c9bf6c34726df08d55dd1fdc593 
Number of updated asset objects reloaded before import = 0
Number of asset objects unloaded after import = 0
========================================================================
Received Import Request.
  Time of request: 2026-09-20T00:01:45.4042061Z
  Time since last request: 0.0006483 seconds.
  importAddress: GUID: d6105bc8cf5ce544487daca4cbc62583 - Path: Packages/com.unity.test-framework/UnityEngine.TestRunner/Utils/ColorEqualityComparer.cs - Importer: ScriptedImporter/UnityEditor.QuickSearchModule:UnityEditor.Search:ASIAI0B
Importing 'GUID: d6105bc8cf5ce544487daca4cbc62583 - Path: Packages/com.unity.test-framework/UnityEngine.TestRunner/Utils/ColorEqualityComparer.cs - Importer: ScriptedImporter/UnityEditor.QuickSearchModule:UnityEditor.Search:ASIAI0B' with importer (ScriptedImporter : UnityEditor.QuickSearchModule:UnityEditor.Search:ASIAI0B)
Imported 'GUID: d6105bc8cf5ce544487daca4cbc62583' -> (Import Result ID: 'ce73bfb533a66daae8c9badc073e5a6d') in 0.004 seconds [static and dynamic dependencies]. Details - ImportResultOutputID=6c9757bd628019272e27811874b9e22e DependenciesID=f74c5845952d6efb299318abbd02f8bd StaticDependenciesID=533fe371e2ac62e7bd5742e759f58351 
Number of updated asset objects reloaded before import = 0
Number of asset objects unloaded after import = 0
========================================================================
Received Import Request.
  Time of request: 2026-09-20T00:01:45.4084583Z
  Time since last request: 0.0004785 seconds.
  importAddress: GUID: 37cea569bfefafe49a1513c4d7f0e9eb - Path: Packages/com.unity.test-framework/UnityEngine.TestRunner/NUnitExtensions/BaseDelegator.cs - Importer: ScriptedImporter/UnityEditor.QuickSearchModule:UnityEditor.Search:ASIAI0B
Importing 'GUID: 37cea569bfefafe49a1513c4d7f0e9eb - Path: Packages/com.unity.test-framework/UnityEngine.TestRunner/NUnitExtensions/BaseDelegator.cs - Importer: ScriptedImporter/UnityEditor.QuickSearchModule:UnityEditor.Search:ASIAI0B' with importer (ScriptedImporter : UnityEditor.QuickSearchModule:UnityEditor.Search:ASIAI0B)
Imported 'GUID: 37cea569bfefafe49a1513c4d7f0e9eb' -> (Import Result ID: '96d64995190de59610f662e9612ed515') in 0.003 seconds [static and dynamic dependencies]. Details - ImportResultOutputID=6d7ee4babab548d01fee63d82cafa5a8 DependenciesID=8e78269fe31110b3d8d83669db712f47 StaticDependenciesID=32bf78d5674fea506f0278351d54cebb 
Number of updated asset objects reloaded before import = 0
Number of asset objects unloaded after import = 0
========================================================================
Received Import Request.
  Time of request: 2026-09-20T00:01:45.4124823Z
  Time since last request: 0.0006268 seconds.
  importAddress: GUID: 9650d910fcaefb34cb45f121c1993892 - Path: Packages/com.unity.test-framework/UnityEngine.TestRunner/Assertions/InvalidSignatureException.cs - Importer: ScriptedImporter/UnityEditor.QuickSearchModule:UnityEditor.Search:ASIAI0B
Importing 'GUID: 9650d910fcaefb34cb45f121c1993892 - Path: Packages/com.unity.test-framework/UnityEngine.TestRunner/Assertions/InvalidSignatureException.cs - Importer: ScriptedImporter/UnityEditor.QuickSearchModule:UnityEditor.Search:ASIAI0B' with importer (ScriptedImporter : UnityEditor.QuickSearchModule:UnityEditor.Search:ASIAI0B)
Imported 'GUID: 9650d910fcaefb34cb45f121c1993892' -> (Import Result ID: '04e7c2be3e541a5c8857044eaf022700') in 0.008 seconds [static and dynamic dependencies]. Details - ImportResultOutputID=f0d4b3ca2be54d47da5d368ceac3a9b6 DependenciesID=88b9d53ca63cbe7a2c2a776857cef2ef StaticDependenciesID=d7c257952aa301017607efb096a6d872 
Number of updated asset objects reloaded before import = 0
Number of asset objects unloaded after import = 0
========================================================================
Received Import Request.
  Time of request: 2026-09-20T00:01:45.4218657Z
  Time since last request: 0.0005723 seconds.
  importAddress: GUID: 5aec7938f118041779fb739b38477100 - Path: Packages/com.unity.test-framework/UnityEngine.TestRunner/TestRunner/TestTaskWrapper.cs - Importer: ScriptedImporter/UnityEditor.QuickSearchModule:UnityEditor.Search:ASIAI0B
Importing 'GUID: 5aec7938f118041779fb739b38477100 - Path: Packages/com.unity.test-framework/UnityEngine.TestRunner/TestRunner/TestTaskWrapper.cs - Importer: ScriptedImporter/UnityEditor.QuickSearchModule:UnityEditor.Search:ASIAI0B' with importer (ScriptedImporter : UnityEditor.QuickSearchModule:UnityEditor.Search:ASIAI0B)
Imported 'GUID: 5aec7938f118041779fb739b38477100' -> (Import Result ID: 'e9c6c69a2934db4ed0fc721b13d9cdd6') in 0.003 seconds [static and dynamic dependencies]. Details - ImportResultOutputID=28f5c74114f600ca7f1c199bf241e156 DependenciesID=2cf370e3399672122e5ffe76dfac97d8 StaticDependenciesID=53bcdc76ae92de10dfaa1c6df908b270 
Number of updated asset objects reloaded before import = 0
Number of asset objects unloaded after import = 0
========================================================================
Received Import Request.
  Time of request: 2026-09-20T00:01:45.4259457Z
  Time since last request: 0.0006003 seconds.
  importAddress: GUID: 2799eb4c84e72e54092a292cf626936b - Path: Packages/com.unity.test-framework/UnityEngine.TestRunner/TestRunner/PlaymodeTestsControllerSettings.cs - Importer: ScriptedImporter/UnityEditor.QuickSearchModule:UnityEditor.Search:ASIAI0B
Importing 'GUID: 2799eb4c84e72e54092a292cf626936b - Path: Packages/com.unity.test-framework/UnityEngine.TestRunner/TestRunner/PlaymodeTestsControllerSettings.cs - Importer: ScriptedImporter/UnityEditor.QuickSearchModule:UnityEditor.Search:ASIAI0B' with importer (ScriptedImporter : UnityEditor.QuickSearchModule:UnityEditor.Search:ASIAI0B)
Imported 'GUID: 2799eb4c84e72e54092a292cf626936b' -> (Import Result ID: '9a20e97de04186155cf161f1b0c7c312') in 0.003 seconds [static and dynamic dependencies]. Details - ImportResultOutputID=a23ea82c316284d4a38d3d4bcaaad386 DependenciesID=a66301089a9f4bfe1785004721673b74 StaticDependenciesID=83e0d7938f65b0bb58d510d53e424137 
Number of updated asset objects reloaded before import = 0
Number of asset objects unloaded after import = 0
========================================================================
Received Import Request.
  Time of request: 2026-09-20T00:01:45.4295617Z
  Time since last request: 0.0005478 seconds.
  importAddress: GUID: 9ad0b0c865b01af4ca1b414689e71259 - Path: Packages/com.unity.test-framework/UnityEngine.TestRunner/TestRunner/TestEnumeratorWrapper.cs - Importer: ScriptedImporter/UnityEditor.QuickSearchModule:UnityEditor.Search:ASIAI0B
Importing 'GUID: 9ad0b0c865b01af4ca1b414689e71259 - Path: Packages/com.unity.test-framework/UnityEngine.TestRunner/TestRunner/TestEnumeratorWrapper.cs - Importer: ScriptedImporter/UnityEditor.QuickSearchModule:UnityEditor.Search:ASIAI0B' with importer (ScriptedImporter : UnityEditor.QuickSearchModule:UnityEditor.Search:ASIAI0B)
Imported 'GUID: 9ad0b0c865b01af4ca1b414689e71259' -> (Import Result ID: 'b1995f5d76febad067e5459450e5306d') in 0.005 seconds [static and dynamic dependencies]. Details - ImportResultOutputID=a057adcf3a59bef8e9ec70f140235e0a DependenciesID=0629b700567c128f500e634dbfeab2c4 StaticDependenciesID=7ea2ae6505329b6c74ed79a624a8c1ee 
Number of updated asset objects reloaded before import = 0
Number of asset objects unloaded after import = 0
========================================================================
Received Import Request.
  Time of request: 2026-09-20T00:01:45.4351363Z
  Time since last request: 0.0006245 seconds.
  importAddress: GUID: 24a158219395ebf44a60547b97784ddc - Path: Packages/com.unity.test-framework/UnityEngine.TestRunner/Utils/CoroutineRunner.cs - Importer: ScriptedImporter/UnityEditor.QuickSearchModule:UnityEditor.Search:ASIAI0B
Importing 'GUID: 24a158219395ebf44a60547b97784ddc - Path: Packages/com.unity.test-framework/UnityEngine.TestRunner/Utils/CoroutineRunner.cs - Importer: ScriptedImporter/UnityEditor.QuickSearchModule:UnityEditor.Search:ASIAI0B' with importer (ScriptedImporter : UnityEditor.QuickSearchModule:UnityEditor.Search:ASIAI0B)
Imported 'GUID: 24a158219395ebf44a60547b97784ddc' -> (Import Result ID: '63ac130717b734e8e144be641854d807') in 0.004 seconds [static and dynamic dependencies]. Details - ImportResultOutputID=93851536cd5bb4ed15497e637e27a773 DependenciesID=625b103c322faf8fc6f3dec18d3ed997 StaticDependenciesID=c940ceee4ad8d056f7f8f58d3d1e1387 
Number of updated asset objects reloaded before import = 0
Number of asset objects unloaded after import = 0
========================================================================
Received Import Request.
  Time of request: 2026-09-20T00:01:45.4398039Z
  Time since last request: 0.0006901 seconds.
  importAddress: GUID: 5f875a14565308a40a5262d2504da705 - Path: Packages/com.unity.test-framework/UnityEngine.TestRunner/NUnitExtensions/IStateSerializer.cs - Importer: ScriptedImporter/UnityEditor.QuickSearchModule:UnityEditor.Search:ASIAI0B
Importing 'GUID: 5f875a14565308a40a5262d2504da705 - Path: Packages/com.unity.test-framework/UnityEngine.TestRunner/NUnitExtensions/IStateSerializer.cs - Importer: ScriptedImporter/UnityEditor.QuickSearchModule:UnityEditor.Search:ASIAI0B' with importer (ScriptedImporter : UnityEditor.QuickSearchModule:UnityEditor.Search:ASIAI0B)
Imported 'GUID: 5f875a14565308a40a5262d2504da705' -> (Import Result ID: '6311bd922e485fb4e332e2f3a0800998') in 0.003 seconds [static and dynamic dependencies]. Details - ImportResultOutputID=2b4ad9f402d7f048b34a10ce7c0ebdfa DependenciesID=2cbe4af5b5a1b6fed02ce0cff08e8559 StaticDependenciesID=196c3d7c4c2f0b9f6099cec56507a209 
Number of updated asset objects reloaded before import = 0
Number of asset objects unloaded after import = 0
========================================================================
Received Import Request.
  Time of request: 2026-09-20T00:01:45.4440239Z
  Time since last request: 0.0004976 seconds.
  importAddress: GUID: 5b2eeca598284bd4abb4a15c30df1576 - Path: Packages/com.unity.test-framework/UnityEngine.TestRunner/Assertions/UnexpectedLogMessageException.cs - Importer: ScriptedImporter/UnityEditor.QuickSearchModule:UnityEditor.Search:ASIAI0B
Importing 'GUID: 5b2eeca598284bd4abb4a15c30df1576 - Path: Packages/com.unity.test-framework/UnityEngine.TestRunner/Assertions/UnexpectedLogMessageException.cs - Importer: ScriptedImporter/UnityEditor.QuickSearchModule:UnityEditor.Search:ASIAI0B' with importer (ScriptedImporter : UnityEditor.QuickSearchModule:UnityEditor.Search:ASIAI0B)
Imported 'GUID: 5b2eeca598284bd4abb4a15c30df1576' -> (Import Result ID: '9e9873c3219dcde01ef8dc9554172463') in 0.003 seconds [static and dynamic dependencies]. Details - ImportResultOutputID=be6acb1e46c81e82bcfc31b8ec8629b3 DependenciesID=cc6671ea996671e107ce4770910860bc StaticDependenciesID=b9b624c5edc24d8662be001f5475fe3d 
Number of updated asset objects reloaded before import = 0
Number of asset objects unloaded after import = 0
========================================================================
Received Import Request.
  Time of request: 2026-09-20T00:01:45.4480364Z
  Time since last request: 0.0007285 seconds.
  importAddress: GUID: 75e7d7a9a57458841a85fe42d9c9141f - Path: Packages/com.unity.test-framework/UnityEditor.TestRunner/TestSettings/TestSettingsDeserializer.cs - Importer: ScriptedImporter/UnityEditor.QuickSearchModule:UnityEditor.Search:ASIAI0B
Importing 'GUID: 75e7d7a9a57458841a85fe42d9c9141f - Path: Packages/com.unity.test-framework/UnityEditor.TestRunner/TestSettings/TestSettingsDeserializer.cs - Importer: ScriptedImporter/UnityEditor.QuickSearchModule:UnityEditor.Search:ASIAI0B' with importer (ScriptedImporter : UnityEditor.QuickSearchModule:UnityEditor.Search:ASIAI0B)
Imported 'GUID: 75e7d7a9a57458841a85fe42d9c9141f' -> (Import Result ID: '56ff02a015245cc2d96404095a4382d7') in 0.004 seconds [static and dynamic dependencies]. Details - ImportResultOutputID=9ff57b9fdecf9940b4e8150fa0a75107 DependenciesID=08cecdb3418643cae4f1bcfb99d35e62 StaticDependenciesID=216657392b105f72220e1a70c99940af 
Number of updated asset objects reloaded before import = 0
Number of asset objects unloaded after import = 0
========================================================================
Received Import Request.
  Time of request: 2026-09-20T00:01:45.4535145Z
  Time since last request: 0.0015408 seconds.
  importAddress: GUID: 65fb6da362a78334ab360a125cfafdaf - Path: Packages/com.unity.test-framework/UnityEngine.TestRunner/NUnitExtensions/TestResultExtensions.cs - Importer: ScriptedImporter/UnityEditor.QuickSearchModule:UnityEditor.Search:ASIAI0B
Importing 'GUID: 65fb6da362a78334ab360a125cfafdaf - Path: Packages/com.unity.test-framework/UnityEngine.TestRunner/NUnitExtensions/TestResultExtensions.cs - Importer: ScriptedImporter/UnityEditor.QuickSearchModule:UnityEditor.Search:ASIAI0B' with importer (ScriptedImporter : UnityEditor.QuickSearchModule:UnityEditor.Search:ASIAI0B)
Imported 'GUID: 65fb6da362a78334ab360a125cfafdaf' -> (Import Result ID: '7ac843227906d5a209c4b953169c3832') in 0.003 seconds [static and dynamic dependencies]. Details - ImportResultOutputID=c390eb2646bc57fc18673bf6ea341d77 DependenciesID=25388d77fcf1a9f94791f71569078e3c StaticDependenciesID=0e692711ed8f0de3966e16b11a1a880d 
Number of updated asset objects reloaded before import = 0
Number of asset objects unloaded after import = 0
========================================================================
Received Import Request.
  Time of request: 2026-09-20T00:01:45.4572165Z
  Time since last request: 0.0005968 seconds.
  importAddress: GUID: c3aa5c3d59b94854e843f10b75b3ad63 - Path: Packages/com.unity.test-framework/UnityEngine.TestRunner/NUnitExtensions/IAsyncTestAssemblyBuilder.cs - Importer: ScriptedImporter/UnityEditor.QuickSearchModule:UnityEditor.Search:ASIAI0B
Importing 'GUID: c3aa5c3d59b94854e843f10b75b3ad63 - Path: Packages/com.unity.test-framework/UnityEngine.TestRunner/NUnitExtensions/IAsyncTestAssemblyBuilder.cs - Importer: ScriptedImporter/UnityEditor.QuickSearchModule:UnityEditor.Search:ASIAI0B' with importer (ScriptedImporter : UnityEditor.QuickSearchModule:UnityEditor.Search:ASIAI0B)
Imported 'GUID: c3aa5c3d59b94854e843f10b75b3ad63' -> (Import Result ID: 'b28e59a5d4f62b5535f90cfe9f29e3d6') in 0.004 seconds [static and dynamic dependencies]. Details - ImportResultOutputID=49d21833a9e243cf2f05d2bf416f147c DependenciesID=5c0c342ce9b218fcca12a7cb8e30bb79 StaticDependenciesID=f27ca3ec483cc9d22436258edaf85827 
Number of updated asset objects reloaded before import = 0
Number of asset objects unloaded after import = 0
========================================================================
Received Import Request.
  Time of request: 2026-09-20T00:01:45.4624538Z
  Time since last request: 0.0006066 seconds.
  importAddress: GUID: ffb335140c799c4408411d81789fb05c - Path: Packages/com.unity.test-framework/UnityEngine.TestRunner/Assertions/UnityTestTimeoutException.cs - Importer: ScriptedImporter/UnityEditor.QuickSearchModule:UnityEditor.Search:ASIAI0B
Importing 'GUID: ffb335140c799c4408411d81789fb05c - Path: Packages/com.unity.test-framework/UnityEngine.TestRunner/Assertions/UnityTestTimeoutException.cs - Importer: ScriptedImporter/UnityEditor.QuickSearchModule:UnityEditor.Search:ASIAI0B' with importer (ScriptedImporter : UnityEditor.QuickSearchModule:UnityEditor.Search:ASIAI0B)
Imported 'GUID: ffb335140c799c4408411d81789fb05c' -> (Import Result ID: '2bfb1d5d23b8829afdce4094a09ea170') in 0.004 seconds [static and dynamic dependencies]. Details - ImportResultOutputID=6997be136fb6c6f04f4e0fc91c742321 DependenciesID=3763dda9db7ce8b883f68d2cd929d6d8 StaticDependenciesID=5c05da5d8b7e627dcbb1f08fe2cd9333 
Number of updated asset objects reloaded before import = 0
Number of asset objects unloaded after import = 0
========================================================================
Received Import Request.
  Time of request: 2026-09-20T00:01:45.4679978Z
  Time since last request: 0.0007882 seconds.
  importAddress: GUID: d1b7ce919aa8864409412e809073cf96 - Path: Packages/com.unity.test-framework/UnityEngine.TestRunner/Utils/PrebuildSetupAttribute.cs - Importer: ScriptedImporter/UnityEditor.QuickSearchModule:UnityEditor.Search:ASIAI0B
Importing 'GUID: d1b7ce919aa8864409412e809073cf96 - Path: Packages/com.unity.test-framework/UnityEngine.TestRunner/Utils/PrebuildSetupAttribute.cs - Importer: ScriptedImporter/UnityEditor.QuickSearchModule:UnityEditor.Search:ASIAI0B' with importer (ScriptedImporter : UnityEditor.QuickSearchModule:UnityEditor.Search:ASIAI0B)
Imported 'GUID: d1b7ce919aa8864409412e809073cf96' -> (Import Result ID: 'fa93f395c3c86abc5444fe9d6f5901c1') in 0.004 seconds [static and dynamic dependencies]. Details - ImportResultOutputID=476aa630c4d63d4b042f57bce89a79fc DependenciesID=a8dc258e8d7e3865a25d6f506f1bfcf1 StaticDependenciesID=d6faef74a295c2db2443cdd91e3c7d63 
Number of updated asset objects reloaded before import = 0
Number of asset objects unloaded after import = 0
========================================================================
Received Import Request.
  Time of request: 2026-09-20T00:01:45.4728394Z
  Time since last request: 0.0005135 seconds.
  importAddress: GUID: 73deb9b8722aa284eab27c4dc90956c6 - Path: Packages/com.unity.test-framework/UnityEngine.TestRunner/TestRunner/TestListenerWrapper.cs - Importer: ScriptedImporter/UnityEditor.QuickSearchModule:UnityEditor.Search:ASIAI0B
Importing 'GUID: 73deb9b8722aa284eab27c4dc90956c6 - Path: Packages/com.unity.test-framework/UnityEngine.TestRunner/TestRunner/TestListenerWrapper.cs - Importer: ScriptedImporter/UnityEditor.QuickSearchModule:UnityEditor.Search:ASIAI0B' with importer (ScriptedImporter : UnityEditor.QuickSearchModule:UnityEditor.Search:ASIAI0B)
Imported 'GUID: 73deb9b8722aa284eab27c4dc90956c6' -> (Import Result ID: '751cc44abd36e21934f9766a25185a29') in 0.004 seconds [static and dynamic dependencies]. Details - ImportResultOutputID=3a470dccc49cd555b773ff5f2f25f030 DependenciesID=02d8983c1ab6e75fefbb92fc1f7029ac StaticDependenciesID=a7671f5a814b2d4e4c709ba76a0e7c1c 
Number of updated asset objects reloaded before import = 0
Number of asset objects unloaded after import = 0
========================================================================
Received Import Request.
  Time of request: 2026-09-20T00:01:45.4776009Z
  Time since last request: 0.0005429 seconds.
  importAddress: GUID: b42e1db66fe9c634798674cb9e1df2ca - Path: Packages/com.unity.test-framework/UnityEngine.TestRunner/NUnitExtensions/ConstructDelegator.cs - Importer: ScriptedImporter/UnityEditor.QuickSearchModule:UnityEditor.Search:ASIAI0B
Importing 'GUID: b42e1db66fe9c634798674cb9e1df2ca - Path: Packages/com.unity.test-framework/UnityEngine.TestRunner/NUnitExtensions/ConstructDelegator.cs - Importer: ScriptedImporter/UnityEditor.QuickSearchModule:UnityEditor.Search:ASIAI0B' with importer (ScriptedImporter : UnityEditor.QuickSearchModule:UnityEditor.Search:ASIAI0B)
Imported 'GUID: b42e1db66fe9c634798674cb9e1df2ca' -> (Import Result ID: 'bfebfcbcf1f0786d13e1b6ac7cd037ac') in 0.005 seconds [static and dynamic dependencies]. Details - ImportResultOutputID=7c4be59513e5a3f8a9e3143f76449ac9 DependenciesID=d3114f649ead1474f55357325ef2fb70 StaticDependenciesID=b833a503219c410b42f9f64f86bcc18e 
Number of updated asset objects reloaded before import = 0
Number of asset objects unloaded after import = 0
========================================================================
Received Import Request.
  Time of request: 2026-09-20T00:01:45.483363Z
  Time since last request: 0.0006771 seconds.
  importAddress: GUID: a025ba7ee40d0104db8d08b1d9eabb0d - Path: Packages/com.unity.test-framework/UnityEngine.TestRunner/TestRunner/RuntimeTestRunnerFilter.cs - Importer: ScriptedImporter/UnityEditor.QuickSearchModule:UnityEditor.Search:ASIAI0B
Importing 'GUID: a025ba7ee40d0104db8d08b1d9eabb0d - Path: Packages/com.unity.test-framework/UnityEngine.TestRunner/TestRunner/RuntimeTestRunnerFilter.cs - Importer: ScriptedImporter/UnityEditor.QuickSearchModule:UnityEditor.Search:ASIAI0B' with importer (ScriptedImporter : UnityEditor.QuickSearchModule:UnityEditor.Search:ASIAI0B)
Imported 'GUID: a025ba7ee40d0104db8d08b1d9eabb0d' -> (Import Result ID: '35718ae77736f70334e9897ea9692039') in 0.003 seconds [static and dynamic dependencies]. Details - ImportResultOutputID=f6cd1a391f9d4955e8df40166b060952 DependenciesID=a188d54765d784a7249108f1e08d8e38 StaticDependenciesID=e4a139442c62dd6ca123af36998a500b 
Number of updated asset objects reloaded before import = 0
Number of asset objects unloaded after import = 0
========================================================================
Received Import Request.
  Time of request: 2026-09-20T00:01:45.4874945Z
  Time since last request: 0.0006792 seconds.
  importAddress: GUID: b9c2a6302985d3846b7b9f6fd9e2da9a - Path: Packages/com.unity.test-framework/UnityEngine.TestRunner/Utils/IOuterUnityTestAction.cs - Importer: ScriptedImporter/UnityEditor.QuickSearchModule:UnityEditor.Search:ASIAI0B
Importing 'GUID: b9c2a6302985d3846b7b9f6fd9e2da9a - Path: Packages/com.unity.test-framework/UnityEngine.TestRunner/Utils/IOuterUnityTestAction.cs - Importer: ScriptedImporter/UnityEditor.QuickSearchModule:UnityEditor.Search:ASIAI0B' with importer (ScriptedImporter : UnityEditor.QuickSearchModule:UnityEditor.Search:ASIAI0B)
Imported 'GUID: b9c2a6302985d3846b7b9f6fd9e2da9a' -> (Import Result ID: '7bd314e6dc9bd9af0e3edcb230202ce1') in 0.005 seconds [static and dynamic dependencies]. Details - ImportResultOutputID=99687de015aaaa88505f3d3e8ae7a7bb DependenciesID=8e63d2f5307f9a76346ae604d3923c9a StaticDependenciesID=9cd04d28b5d78932a6d7537f6f938f5e 
Number of updated asset objects reloaded before import = 0
Number of asset objects unloaded after import = 0
========================================================================
Received Import Request.
  Time of request: 2026-09-20T00:01:45.4933934Z
  Time since last request: 0.0004577 seconds.
  importAddress: GUID: 2cc8cb8ea0b84a54b6caf6601d63ece6 - Path: Packages/com.unity.test-framework/UnityEngine.TestRunner/UnityTestProtocol/TestFinishMessage.cs - Importer: ScriptedImporter/UnityEditor.QuickSearchModule:UnityEditor.Search:ASIAI0B
Importing 'GUID: 2cc8cb8ea0b84a54b6caf6601d63ece6 - Path: Packages/com.unity.test-framework/UnityEngine.TestRunner/UnityTestProtocol/TestFinishMessage.cs - Importer: ScriptedImporter/UnityEditor.QuickSearchModule:UnityEditor.Search:ASIAI0B' with importer (ScriptedImporter : UnityEditor.QuickSearchModule:UnityEditor.Search:ASIAI0B)
Imported 'GUID: 2cc8cb8ea0b84a54b6caf6601d63ece6' -> (Import Result ID: '799fc0ba39d0ca98c1467e30b955ae61') in 0.003 seconds [static and dynamic dependencies]. Details - ImportResultOutputID=e07fd56f2313ba3d85ad61e9b7fa6e52 DependenciesID=e01e1e48500a9f72b99c191132c07c61 StaticDependenciesID=cbc935e5b48d430bad51500409a446c1 
Number of updated asset objects reloaded before import = 0
Number of asset objects unloaded after import = 0
========================================================================
Received Import Request.
  Time of request: 2026-09-20T00:01:45.4976745Z
  Time since last request: 0.0006061 seconds.
  importAddress: GUID: c3a9378562b345c4ac08e605d35c0d93 - Path: Packages/com.unity.test-framework/UnityEngine.TestRunner/UnityTestProtocol/TestState.cs - Importer: ScriptedImporter/UnityEditor.QuickSearchModule:UnityEditor.Search:ASIAI0B
Importing 'GUID: c3a9378562b345c4ac08e605d35c0d93 - Path: Packages/com.unity.test-framework/UnityEngine.TestRunner/UnityTestProtocol/TestState.cs - Importer: ScriptedImporter/UnityEditor.QuickSearchModule:UnityEditor.Search:ASIAI0B' with importer (ScriptedImporter : UnityEditor.QuickSearchModule:UnityEditor.Search:ASIAI0B)
Imported 'GUID: c3a9378562b345c4ac08e605d35c0d93' -> (Import Result ID: '6c5a7fca6f4f157a78d5835d1f52a2f0') in 0.005 seconds [static and dynamic dependencies]. Details - ImportResultOutputID=8eaf54b0cd98395451e1b90d47b659ba DependenciesID=8966a12f519e7727bc249756ad6fada1 StaticDependenciesID=2d67e841e5832349a2d8057fb6d9f9a2 
Number of updated asset objects reloaded before import = 0
Number of asset objects unloaded after import = 0
========================================================================
Received Import Request.
  Time of request: 2026-09-20T00:01:45.503601Z
  Time since last request: 0.0006453 seconds.
  importAddress: GUID: 6de79ae237e51554da96fd28f68b66a6 - Path: Packages/com.unity.test-framework/UnityEditor.TestRunner/UnityTestProtocol/ITestRunnerApiMapper.cs - Importer: ScriptedImporter/UnityEditor.QuickSearchModule:UnityEditor.Search:ASIAI0B
Importing 'GUID: 6de79ae237e51554da96fd28f68b66a6 - Path: Packages/com.unity.test-framework/UnityEditor.TestRunner/UnityTestProtocol/ITestRunnerApiMapper.cs - Importer: ScriptedImporter/UnityEditor.QuickSearchModule:UnityEditor.Search:ASIAI0B' with importer (ScriptedImporter : UnityEditor.QuickSearchModule:UnityEditor.Search:ASIAI0B)
Imported 'GUID: 6de79ae237e51554da96fd28f68b66a6' -> (Import Result ID: '72a09acbc3412d86b6c4815522d22e66') in 0.004 seconds [static and dynamic dependencies]. Details - ImportResultOutputID=ea70ebcc72d482babd222c94adf57096 DependenciesID=53f3e14814e80792890b9884ab2e1f8d StaticDependenciesID=89112d57de1805e7587489a8b5a6db18 
Number of updated asset objects reloaded before import = 0
Number of asset objects unloaded after import = 0
========================================================================
Received Import Request.
  Time of request: 2026-09-20T00:01:45.5083102Z
  Time since last request: 0.0005715 seconds.
  importAddress: GUID: 952b3dc7b47846947b37c8d3ae46579a - Path: Packages/com.unity.test-framework/UnityEditor.TestRunner/UnityTestProtocol/IUtpMessageReporter.cs - Importer: ScriptedImporter/UnityEditor.QuickSearchModule:UnityEditor.Search:ASIAI0B
Importing 'GUID: 952b3dc7b47846947b37c8d3ae46579a - Path: Packages/com.unity.test-framework/UnityEditor.TestRunner/UnityTestProtocol/IUtpMessageReporter.cs - Importer: ScriptedImporter/UnityEditor.QuickSearchModule:UnityEditor.Search:ASIAI0B' with importer (ScriptedImporter : UnityEditor.QuickSearchModule:UnityEditor.Search:ASIAI0B)
Imported 'GUID: 952b3dc7b47846947b37c8d3ae46579a' -> (Import Result ID: 'c480571435da84014d7a947abe567d75') in 0.004 seconds [static and dynamic dependencies]. Details - ImportResultOutputID=36be9db3037f52520e43a460030c48f6 DependenciesID=a08cf70fd93d61e33ba5d0073a37a4ee StaticDependenciesID=234dbb7ca818d43766551dd6a7697d26 
Number of updated asset objects reloaded before import = 0
Number of asset objects unloaded after import = 0
========================================================================
Received Import Request.
  Time of request: 2026-09-20T00:01:45.5130752Z
  Time since last request: 0.0005639 seconds.
  importAddress: GUID: 3b28913f21577de429da928d6d05219f - Path: Packages/com.unity.test-framework/UnityEngine.TestRunner/Utils/QuaternionEqualityComparer.cs - Importer: ScriptedImporter/UnityEditor.QuickSearchModule:UnityEditor.Search:ASIAI0B
Importing 'GUID: 3b28913f21577de429da928d6d05219f - Path: Packages/com.unity.test-framework/UnityEngine.TestRunner/Utils/QuaternionEqualityComparer.cs - Importer: ScriptedImporter/UnityEditor.QuickSearchModule:UnityEditor.Search:ASIAI0B' with importer (ScriptedImporter : UnityEditor.QuickSearchModule:UnityEditor.Search:ASIAI0B)
Imported 'GUID: 3b28913f21577de429da928d6d05219f' -> (Import Result ID: 'ebd98561c06818b1c2f676013de02a1b') in 0.006 seconds [static and dynamic dependencies]. Details - ImportResultOutputID=d653cd1cdc9868d72b49719f3f14802d DependenciesID=7935f5ee6dfdfb9481388bb00c2ebfa1 StaticDependenciesID=59648908930e86f1736f67ce2187dbc1 
Number of updated asset objects reloaded before import = 0
Number of asset objects unloaded after import = 0
========================================================================
Received Import Request.
  Time of request: 2026-09-20T00:01:45.5199774Z
  Time since last request: 0.000557 seconds.
  importAddress: GUID: 743879b4db4bc1a4b829aae4386f4acf - Path: Packages/com.unity.test-framework/UnityEngine.TestRunner/TestRunner/TestPlatform.cs - Importer: ScriptedImporter/UnityEditor.QuickSearchModule:UnityEditor.Search:ASIAI0B
Importing 'GUID: 743879b4db4bc1a4b829aae4386f4acf - Path: Packages/com.unity.test-framework/UnityEngine.TestRunner/TestRunner/TestPlatform.cs - Importer: ScriptedImporter/UnityEditor.QuickSearchModule:UnityEditor.Search:ASIAI0B' with importer (ScriptedImporter : UnityEditor.QuickSearchModule:UnityEditor.Search:ASIAI0B)
Imported 'GUID: 743879b4db4bc1a4b829aae4386f4acf' -> (Import Result ID: 'e542fa27b32abd0e228d280ce7fc3cd3') in 0.003 seconds [static and dynamic dependencies]. Details - ImportResultOutputID=b2e840bcaf2c9485f558525565635943 DependenciesID=e0c0ba102ad8e6b830bbc8f890c65e2e StaticDependenciesID=7046a8a6e975944206e7aecd3b203381 
Number of updated asset objects reloaded before import = 0
Number of asset objects unloaded after import = 0
========================================================================
Received Import Request.
  Time of request: 2026-09-20T00:01:45.5237705Z
  Time since last request: 0.000504 seconds.
  importAddress: GUID: 6b32b6725087a0d4bb1670818d26996e - Path: Packages/com.unity.test-framework/UnityEditor.TestRunner/TestSettings/TestSettings.cs - Importer: ScriptedImporter/UnityEditor.QuickSearchModule:UnityEditor.Search:ASIAI0B
Importing 'GUID: 6b32b6725087a0d4bb1670818d26996e - Path: Packages/com.unity.test-framework/UnityEditor.TestRunner/TestSettings/TestSettings.cs - Importer: ScriptedImporter/UnityEditor.QuickSearchModule:UnityEditor.Search:ASIAI0B' with importer (ScriptedImporter : UnityEditor.QuickSearchModule:UnityEditor.Search:ASIAI0B)
Imported 'GUID: 6b32b6725087a0d4bb1670818d26996e' -> (Import Result ID: '29faf1eef2f2d18f0e51dc9f45b6f1bf') in 0.004 seconds [static and dynamic dependencies]. Details - ImportResultOutputID=148d62c04106795e8f8282a9456a24d1 DependenciesID=22aaa2058dc057950ca3c1e41f6fd5cc StaticDependenciesID=0b4f028a78075ea9d5982f884c65f4dd 
Number of updated asset objects reloaded before import = 0
Number of asset objects unloaded after import = 0
========================================================================
Received Import Request.
  Time of request: 2026-09-20T00:01:45.5282127Z
  Time since last request: 0.0004794 seconds.
  importAddress: GUID: 9014630255533ed42915965b4065cde8 - Path: Packages/com.unity.test-framework/UnityEditor.TestRunner/UnityTestProtocol/IUtpLogger.cs - Importer: ScriptedImporter/UnityEditor.QuickSearchModule:UnityEditor.Search:ASIAI0B
Importing 'GUID: 9014630255533ed42915965b4065cde8 - Path: Packages/com.unity.test-framework/UnityEditor.TestRunner/UnityTestProtocol/IUtpLogger.cs - Importer: ScriptedImporter/UnityEditor.QuickSearchModule:UnityEditor.Search:ASIAI0B' with importer (ScriptedImporter : UnityEditor.QuickSearchModule:UnityEditor.Search:ASIAI0B)
Imported 'GUID: 9014630255533ed42915965b4065cde8' -> (Import Result ID: 'e761d0c89cd8b50310a3f08204711d58') in 0.004 seconds [static and dynamic dependencies]. Details - ImportResultOutputID=439939f6b682994e3fa942b8b56ad298 DependenciesID=1727f4a9df65caafd1a98b614d6dbc56 StaticDependenciesID=8b0069c2cf2f72835734594596120d10 
Number of updated asset objects reloaded before import = 0
Number of asset objects unloaded after import = 0
========================================================================
Received Import Request.
  Time of request: 2026-09-20T00:01:45.545344Z
  Time since last request: 0.0125232 seconds.
  importAddress: GUID: 58ad09607a0d62d458a78d7174665566 - Path: Packages/com.unity.test-framework/UnityEngine.TestRunner/Utils/Vector2EqualityComparer.cs - Importer: ScriptedImporter/UnityEditor.QuickSearchModule:UnityEditor.Search:ASIAI0B
Importing 'GUID: 58ad09607a0d62d458a78d7174665566 - Path: Packages/com.unity.test-framework/UnityEngine.TestRunner/Utils/Vector2EqualityComparer.cs - Importer: ScriptedImporter/UnityEditor.QuickSearchModule:UnityEditor.Search:ASIAI0B' with importer (ScriptedImporter : UnityEditor.QuickSearchModule:UnityEditor.Search:ASIAI0B)
Imported 'GUID: 58ad09607a0d62d458a78d7174665566' -> (Import Result ID: 'f965527722b6c754221605ddfc4ea58b') in 0.005 seconds [static and dynamic dependencies]. Details - ImportResultOutputID=420392015a29bf5207e9fc3dc7099336 DependenciesID=e0026c6eacc75f231b355063559c416d StaticDependenciesID=ba4f8ee790dde14d43e4821511715c5b 
Number of updated asset objects reloaded before import = 0
Number of asset objects unloaded after import = 0
========================================================================
Received Import Request.
  Time of request: 2026-09-20T00:01:45.5524141Z
  Time since last request: 0.0010717 seconds.
  importAddress: GUID: 65701ebe8bada6b4785e9c7afe7f5bee - Path: Packages/com.unity.test-framework/UnityEngine.TestRunner/Utils/Vector2ComparerWithEqualsOperator.cs - Importer: ScriptedImporter/UnityEditor.QuickSearchModule:UnityEditor.Search:ASIAI0B
Importing 'GUID: 65701ebe8bada6b4785e9c7afe7f5bee - Path: Packages/com.unity.test-framework/UnityEngine.TestRunner/Utils/Vector2ComparerWithEqualsOperator.cs - Importer: ScriptedImporter/UnityEditor.QuickSearchModule:UnityEditor.Search:ASIAI0B' with importer (ScriptedImporter : UnityEditor.QuickSearchModule:UnityEditor.Search:ASIAI0B)
Imported 'GUID: 65701ebe8bada6b4785e9c7afe7f5bee' -> (Import Result ID: '4a6b004c7d505e01498ce6844aac28ef') in 0.004 seconds [static and dynamic dependencies]. Details - ImportResultOutputID=d59cecc5bb01013b0f8ac6880fd29d96 DependenciesID=06a0d0afa2d2cdcf54482190d55caec7 StaticDependenciesID=1069afa9685ff28076db0800929fae9a 
Number of updated asset objects reloaded before import = 0
Number of asset objects unloaded after import = 0
========================================================================
Received Import Request.
  Time of request: 2026-09-20T00:01:45.5578903Z
  Time since last request: 0.0007286 seconds.
  importAddress: GUID: 76b3a3296de548f48b0c3d088fb4b490 - Path: Packages/com.unity.test-framework/UnityEngine.TestRunner/Utils/TestRunCallbackAttribute.cs - Importer: ScriptedImporter/UnityEditor.QuickSearchModule:UnityEditor.Search:ASIAI0B
Importing 'GUID: 76b3a3296de548f48b0c3d088fb4b490 - Path: Packages/com.unity.test-framework/UnityEngine.TestRunner/Utils/TestRunCallbackAttribute.cs - Importer: ScriptedImporter/UnityEditor.QuickSearchModule:UnityEditor.Search:ASIAI0B' with importer (ScriptedImporter : UnityEditor.QuickSearchModule:UnityEditor.Search:ASIAI0B)
Imported 'GUID: 76b3a3296de548f48b0c3d088fb4b490' -> (Import Result ID: '7a3912663b0b7dfbb377668df1b062cb') in 0.004 seconds [static and dynamic dependencies]. Details - ImportResultOutputID=87a0faef03ff132af0071dec6f29dd99 DependenciesID=30d647e8f39e3dfd9dbd3b4c571567ce StaticDependenciesID=9222446dbe713b97a8cb33b6f7941bf7 
Number of updated asset objects reloaded before import = 0
Number of asset objects unloaded after import = 0
========================================================================
Received Import Request.
  Time of request: 2026-09-20T00:01:45.5626806Z
  Time since last request: 0.0006702 seconds.
  importAddress: GUID: 68f09f0f82599b5448579854e622a4c1 - Path: Packages/com.unity.test-framework/UnityEngine.TestRunner/Utils/TestRunCallbackListener.cs - Importer: ScriptedImporter/UnityEditor.QuickSearchModule:UnityEditor.Search:ASIAI0B
Importing 'GUID: 68f09f0f82599b5448579854e622a4c1 - Path: Packages/com.unity.test-framework/UnityEngine.TestRunner/Utils/TestRunCallbackListener.cs - Importer: ScriptedImporter/UnityEditor.QuickSearchModule:UnityEditor.Search:ASIAI0B' with importer (ScriptedImporter : UnityEditor.QuickSearchModule:UnityEditor.Search:ASIAI0B)
Imported 'GUID: 68f09f0f82599b5448579854e622a4c1' -> (Import Result ID: '4f36ef568c850dd633ee05d5e7e570b1') in 0.005 seconds [static and dynamic dependencies]. Details - ImportResultOutputID=1513446c744b6a49d77923f1ed1f93d0 DependenciesID=81a393cc6d192ea90cec368698c62644 StaticDependenciesID=dcbab907a2b4182e6f4b0961eef767e3 
Number of updated asset objects reloaded before import = 0
Number of asset objects unloaded after import = 0
========================================================================
Received Import Request.
  Time of request: 2026-09-20T00:01:45.568642Z
  Time since last request: 0.0006741 seconds.
  importAddress: GUID: 32da81683c22faf458026716a2b821aa - Path: Packages/com.unity.test-framework/UnityEngine.TestRunner/Utils/Vector4EqualityComparer.cs - Importer: ScriptedImporter/UnityEditor.QuickSearchModule:UnityEditor.Search:ASIAI0B
Importing 'GUID: 32da81683c22faf458026716a2b821aa - Path: Packages/com.unity.test-framework/UnityEngine.TestRunner/Utils/Vector4EqualityComparer.cs - Importer: ScriptedImporter/UnityEditor.QuickSearchModule:UnityEditor.Search:ASIAI0B' with importer (ScriptedImporter : UnityEditor.QuickSearchModule:UnityEditor.Search:ASIAI0B)
Imported 'GUID: 32da81683c22faf458026716a2b821aa' -> (Import Result ID: 'f57d169277b20ef2be7b5abbc7d89e29') in 0.005 seconds [static and dynamic dependencies]. Details - ImportResultOutputID=fb7379f1beb9fb1e2ef1e7d86c084c19 DependenciesID=3cc8bd503394f4ab7e743c77d12955bc StaticDependenciesID=dc4a457866ceb21b6ca8d0dd95207b4a 
Number of updated asset objects reloaded before import = 0
Number of asset objects unloaded after import = 0
========================================================================
Received Import Request.
  Time of request: 2026-09-20T00:01:45.5746832Z
  Time since last request: 0.000615 seconds.
  importAddress: GUID: d1bd8de22dbd64d6ea3e35a46217cb9b - Path: Packages/com.unity.test-framework/UnityEngine.TestRunner/Utils/TestMode.cs - Importer: ScriptedImporter/UnityEditor.QuickSearchModule:UnityEditor.Search:ASIAI0B
Importing 'GUID: d1bd8de22dbd64d6ea3e35a46217cb9b - Path: Packages/com.unity.test-framework/UnityEngine.TestRunner/Utils/TestMode.cs - Importer: ScriptedImporter/UnityEditor.QuickSearchModule:UnityEditor.Search:ASIAI0B' with importer (ScriptedImporter : UnityEditor.QuickSearchModule:UnityEditor.Search:ASIAI0B)
Imported 'GUID: d1bd8de22dbd64d6ea3e35a46217cb9b' -> (Import Result ID: '63ec7e9862dbc6ae672fbebe0d2f5f46') in 0.004 seconds [static and dynamic dependencies]. Details - ImportResultOutputID=03e1cd838e78e7592b16c3eb426009ff DependenciesID=32be63a2dd41ba0b9e4c5ed467732721 StaticDependenciesID=ddbb7478953663289e80d08084188643 
Number of updated asset objects reloaded before import = 0
Number of asset objects unloaded after import = 0
========================================================================
Received Import Request.
  Time of request: 2026-09-20T00:01:45.579539Z
  Time since last request: 0.0005861 seconds.
  importAddress: GUID: 44100f5f60f351348b9719b46d46cebe - Path: Packages/com.unity.test-framework/UnityEngine.TestRunner/Utils/Vector4ComparerWithEqualsOperator.cs - Importer: ScriptedImporter/UnityEditor.QuickSearchModule:UnityEditor.Search:ASIAI0B
Importing 'GUID: 44100f5f60f351348b9719b46d46cebe - Path: Packages/com.unity.test-framework/UnityEngine.TestRunner/Utils/Vector4ComparerWithEqualsOperator.cs - Importer: ScriptedImporter/UnityEditor.QuickSearchModule:UnityEditor.Search:ASIAI0B' with importer (ScriptedImporter : UnityEditor.QuickSearchModule:UnityEditor.Search:ASIAI0B)
Imported 'GUID: 44100f5f60f351348b9719b46d46cebe' -> (Import Result ID: 'dd776a33cb04d796a1121b2e52828479') in 0.005 seconds [static and dynamic dependencies]. Details - ImportResultOutputID=78223fa50214d166994d212bc150f701 DependenciesID=9868022b40f670553d2ac083ac2f16cf StaticDependenciesID=4f1b05763f6c1213c60c150371b336b9 
Number of updated asset objects reloaded before import = 0
Number of asset objects unloaded after import = 0
========================================================================
Received Import Request.
  Time of request: 2026-09-20T00:01:45.5859735Z
  Time since last request: 0.0007692 seconds.
  importAddress: GUID: 9502550ba4785e3499d6c9251fa2114b - Path: Packages/com.unity.test-framework/UnityEngine.TestRunner/Utils/Utils.cs - Importer: ScriptedImporter/UnityEditor.QuickSearchModule:UnityEditor.Search:ASIAI0B
Importing 'GUID: 9502550ba4785e3499d6c9251fa2114b - Path: Packages/com.unity.test-framework/UnityEngine.TestRunner/Utils/Utils.cs - Importer: ScriptedImporter/UnityEditor.QuickSearchModule:UnityEditor.Search:ASIAI0B' with importer (ScriptedImporter : UnityEditor.QuickSearchModule:UnityEditor.Search:ASIAI0B)
Imported 'GUID: 9502550ba4785e3499d6c9251fa2114b' -> (Import Result ID: 'efe96f0fec2f25d1cec3dbcd3a9f3152') in 0.005 seconds [static and dynamic dependencies]. Details - ImportResultOutputID=06cbfd0016bc3583c19b2c6e1f711e6d DependenciesID=3c7416f74a1477fc301952e36dcfc2be StaticDependenciesID=e7eb67c597b1728ffcafb5f24aa04c66 
Number of updated asset objects reloaded before import = 0
Number of asset objects unloaded after import = 0
========================================================================
Received Import Request.
  Time of request: 2026-09-20T00:01:45.5918571Z
  Time since last request: 0.0008784 seconds.
  importAddress: GUID: 4bd2bc28ff24d5c488844851cb785db0 - Path: Packages/com.unity.test-framework/UnityEngine.TestRunner/Utils/Vector3EqualityComparer.cs - Importer: ScriptedImporter/UnityEditor.QuickSearchModule:UnityEditor.Search:ASIAI0B
Importing 'GUID: 4bd2bc28ff24d5c488844851cb785db0 - Path: Packages/com.unity.test-framework/UnityEngine.TestRunner/Utils/Vector3EqualityComparer.cs - Importer: ScriptedImporter/UnityEditor.QuickSearchModule:UnityEditor.Search:ASIAI0B' with importer (ScriptedImporter : UnityEditor.QuickSearchModule:UnityEditor.Search:ASIAI0B)
Imported 'GUID: 4bd2bc28ff24d5c488844851cb785db0' -> (Import Result ID: 'd9eeeec39ba61cbce170d7f8e8752596') in 0.004 seconds [static and dynamic dependencies]. Details - ImportResultOutputID=4c313c180ee20fec9fd1a381beb91bf2 DependenciesID=794373558333758e4dcaa4249e48b827 StaticDependenciesID=91455cb8ead7dea462bd4c8cdfecebbf 
Number of updated asset objects reloaded before import = 0
Number of asset objects unloaded after import = 0
========================================================================
Received Import Request.
  Time of request: 2026-09-20T00:01:45.5967502Z
  Time since last request: 0.0005887 seconds.
  importAddress: GUID: 5b994928117e3db418da69c821da7e19 - Path: Packages/com.unity.test-framework/UnityEngine.TestRunner/Utils/Vector3ComparerWithEqualsOperator.cs - Importer: ScriptedImporter/UnityEditor.QuickSearchModule:UnityEditor.Search:ASIAI0B
Importing 'GUID: 5b994928117e3db418da69c821da7e19 - Path: Packages/com.unity.test-framework/UnityEngine.TestRunner/Utils/Vector3ComparerWithEqualsOperator.cs - Importer: ScriptedImporter/UnityEditor.QuickSearchModule:UnityEditor.Search:ASIAI0B' with importer (ScriptedImporter : UnityEditor.QuickSearchModule:UnityEditor.Search:ASIAI0B)
Imported 'GUID: 5b994928117e3db418da69c821da7e19' -> (Import Result ID: '066c05e8f416a42b6d2c45ad98a23f12') in 0.005 seconds [static and dynamic dependencies]. Details - ImportResultOutputID=dffd6075897562ad17f4527420aa615e DependenciesID=cf789b65ace2fd3ad059272f0bbf0fc7 StaticDependenciesID=0811fe39c2c112e83124a019000d2dd7 
Number of updated asset objects reloaded before import = 0
Number of asset objects unloaded after import = 0
========================================================================
Received Import Request.
  Time of request: 2026-09-20T00:01:45.6028162Z
  Time since last request: 0.0005924 seconds.
  importAddress: GUID: 72ae18093c05147e4a680b41d4cd9e6f - Path: Packages/com.unity.test-framework/UnityEngine.TestRunner/Utils/TestData.cs - Importer: ScriptedImporter/UnityEditor.QuickSearchModule:UnityEditor.Search:ASIAI0B
Importing 'GUID: 72ae18093c05147e4a680b41d4cd9e6f - Path: Packages/com.unity.test-framework/UnityEngine.TestRunner/Utils/TestData.cs - Importer: ScriptedImporter/UnityEditor.QuickSearchModule:UnityEditor.Search:ASIAI0B' with importer (ScriptedImporter : UnityEditor.QuickSearchModule:UnityEditor.Search:ASIAI0B)
Imported 'GUID: 72ae18093c05147e4a680b41d4cd9e6f' -> (Import Result ID: '515bfb119c4d2dcce850c3f539fce398') in 0.005 seconds [static and dynamic dependencies]. Details - ImportResultOutputID=45e5388c82b57b8dc1d54cf13e132d63 DependenciesID=16041164050b912cd9c386426a06a9a8 StaticDependenciesID=a02a709bd8e0a70ddf467eaba3fd47a7 
Number of updated asset objects reloaded before import = 0
Number of asset objects unloaded after import = 0
========================================================================
Received Import Request.
  Time of request: 2026-09-20T00:01:45.6394644Z
  Time since last request: 0.0318118 seconds.
  importAddress: GUID: c2247a4dfeae4607949780b219a7d3c8 - Path: Packages/com.unity.test-framework/UnityEditor.TestRunner/GUI/Controls/ISelectionDropDownContentProvider.cs - Importer: ScriptedImporter/UnityEditor.QuickSearchModule:UnityEditor.Search:ASIAI0B
Importing 'GUID: c2247a4dfeae4607949780b219a7d3c8 - Path: Packages/com.unity.test-framework/UnityEditor.TestRunner/GUI/Controls/ISelectionDropDownContentProvider.cs - Importer: ScriptedImporter/UnityEditor.QuickSearchModule:UnityEditor.Search:ASIAI0B' with importer (ScriptedImporter : UnityEditor.QuickSearchModule:UnityEditor.Search:ASIAI0B)
Imported 'GUID: c2247a4dfeae4607949780b219a7d3c8' -> (Import Result ID: '8859ab15125cf9a97a9340be77b14a20') in 0.004 seconds [static and dynamic dependencies]. Details - ImportResultOutputID=09013aba8016684bfe71a8bcdf77d7cb DependenciesID=75c20aad42d05a4fd46cbc17d55fff4e StaticDependenciesID=f2f5ef781686c56689840843da3f3b73 
Number of updated asset objects reloaded before import = 0
Number of asset objects unloaded after import = 0
========================================================================
Received Import Request.
  Time of request: 2026-09-20T00:01:45.6445336Z
  Time since last request: 0.0008098 seconds.
  importAddress: GUID: d31403ec6b334194bdeb4c5ebad64097 - Path: Packages/com.unity.test-framework/UnityEditor.TestRunner/GUI/Controls/FlagEnumContentProvider.cs - Importer: ScriptedImporter/UnityEditor.QuickSearchModule:UnityEditor.Search:ASIAI0B
Importing 'GUID: d31403ec6b334194bdeb4c5ebad64097 - Path: Packages/com.unity.test-framework/UnityEditor.TestRunner/GUI/Controls/FlagEnumContentProvider.cs - Importer: ScriptedImporter/UnityEditor.QuickSearchModule:UnityEditor.Search:ASIAI0B' with importer (ScriptedImporter : UnityEditor.QuickSearchModule:UnityEditor.Search:ASIAI0B)
Imported 'GUID: d31403ec6b334194bdeb4c5ebad64097' -> (Import Result ID: 'fbe311754fa27a721861b48177f22659') in 0.006 seconds [static and dynamic dependencies]. Details - ImportResultOutputID=506bc899258e12226d6cc20b30c58806 DependenciesID=e8b71213d527c2555f167c5ef55f59f3 StaticDependenciesID=1f34a5314e20f568a3e3f3d704211c63 
Number of updated asset objects reloaded before import = 0
Number of asset objects unloaded after import = 0
========================================================================
Received Import Request.
  Time of request: 2026-09-20T00:01:45.6510774Z
  Time since last request: 0.0006062 seconds.
  importAddress: GUID: f7d5e5417ccd4aa0bfa39228c674f142 - Path: Packages/com.unity.test-framework/UnityEditor.TestRunner/GUI/Controls/SelectableItemContent.cs - Importer: ScriptedImporter/UnityEditor.QuickSearchModule:UnityEditor.Search:ASIAI0B
Importing 'GUID: f7d5e5417ccd4aa0bfa39228c674f142 - Path: Packages/com.unity.test-framework/UnityEditor.TestRunner/GUI/Controls/SelectableItemContent.cs - Importer: ScriptedImporter/UnityEditor.QuickSearchModule:UnityEditor.Search:ASIAI0B' with importer (ScriptedImporter : UnityEditor.QuickSearchModule:UnityEditor.Search:ASIAI0B)
Imported 'GUID: f7d5e5417ccd4aa0bfa39228c674f142' -> (Import Result ID: '9abd4054e0dc6c482538503f65125b27') in 0.004 seconds [static and dynamic dependencies]. Details - ImportResultOutputID=8c0d631a87aa9f85779d5520b449d4f8 DependenciesID=44e2a71175b72aa664d49177ee420388 StaticDependenciesID=e9b2ab212d03ff9c2c8da45c682d53b1 
Number of updated asset objects reloaded before import = 0
Number of asset objects unloaded after import = 0
========================================================================
Received Import Request.
  Time of request: 2026-09-20T00:01:45.6563678Z
  Time since last request: 0.0005612 seconds.
  importAddress: GUID: fb736ed47b6da4b499431bf9c6de5890 - Path: Packages/com.unity.test-framework/UnityEditor.TestRunner/GUI/Controls/MultiValueContentProvider.cs - Importer: ScriptedImporter/UnityEditor.QuickSearchModule:UnityEditor.Search:ASIAI0B
Importing 'GUID: fb736ed47b6da4b499431bf9c6de5890 - Path: Packages/com.unity.test-framework/UnityEditor.TestRunner/GUI/Controls/MultiValueContentProvider.cs - Importer: ScriptedImporter/UnityEditor.QuickSearchModule:UnityEditor.Search:ASIAI0B' with importer (ScriptedImporter : UnityEditor.QuickSearchModule:UnityEditor.Search:ASIAI0B)
Imported 'GUID: fb736ed47b6da4b499431bf9c6de5890' -> (Import Result ID: '2105098b47793f3f872330fec60ffd92') in 0.004 seconds [static and dynamic dependencies]. Details - ImportResultOutputID=35cf2d2d7363ad497c5d27735b09cc09 DependenciesID=9c00c71a321a331925f40e2010c5e1ea StaticDependenciesID=74cde1eb26e93187a72df7f92405c55d 
Number of updated asset objects reloaded before import = 0
Number of asset objects unloaded after import = 0
========================================================================
Received Import Request.
  Time of request: 2026-09-20T00:01:45.6606369Z
  Time since last request: 0.0004743 seconds.
  importAddress: GUID: f8f9b43d4e034c2d997f4eb6a0d85a96 - Path: Packages/com.unity.test-framework/UnityEditor.TestRunner/GUI/Controls/SelectionDropDown.cs - Importer: ScriptedImporter/UnityEditor.QuickSearchModule:UnityEditor.Search:ASIAI0B
Importing 'GUID: f8f9b43d4e034c2d997f4eb6a0d85a96 - Path: Packages/com.unity.test-framework/UnityEditor.TestRunner/GUI/Controls/SelectionDropDown.cs - Importer: ScriptedImporter/UnityEditor.QuickSearchModule:UnityEditor.Search:ASIAI0B' with importer (ScriptedImporter : UnityEditor.QuickSearchModule:UnityEditor.Search:ASIAI0B)
Imported 'GUID: f8f9b43d4e034c2d997f4eb6a0d85a96' -> (Import Result ID: 'd46cad5f420da80ae63f77ab143065bf') in 0.004 seconds [static and dynamic dependencies]. Details - ImportResultOutputID=97e30658da46aade71206b1dc9e81f29 DependenciesID=45cb70da772635c1bd5fe9dd2fef7fd3 StaticDependenciesID=33d36cf9dd487d2b2520de4053e5c041 
Number of updated asset objects reloaded before import = 0
Number of asset objects unloaded after import = 0
========================================================================
Received Import Request.
  Time of request: 2026-09-20T00:01:45.6658253Z
  Time since last request: 0.0007923 seconds.
  importAddress: GUID: 24a5f331fec74c9aa9e1e5d74b5a9589 - Path: Packages/com.unity.test-framework/UnityEditor.TestRunner/GUI/Controls/BitUtility.cs - Importer: ScriptedImporter/UnityEditor.QuickSearchModule:UnityEditor.Search:ASIAI0B
Importing 'GUID: 24a5f331fec74c9aa9e1e5d74b5a9589 - Path: Packages/com.unity.test-framework/UnityEditor.TestRunner/GUI/Controls/BitUtility.cs - Importer: ScriptedImporter/UnityEditor.QuickSearchModule:UnityEditor.Search:ASIAI0B' with importer (ScriptedImporter : UnityEditor.QuickSearchModule:UnityEditor.Search:ASIAI0B)
Imported 'GUID: 24a5f331fec74c9aa9e1e5d74b5a9589' -> (Import Result ID: '749135cf4d524e70c6b9b4c71f9197f7') in 0.005 seconds [static and dynamic dependencies]. Details - ImportResultOutputID=bd9c4a76432572e55edce9ede8d179e7 DependenciesID=4b6d497b63bc0ab31fe320987ef4790d StaticDependenciesID=b2406e46ae70c936b842e1db3aa6165e 
Number of updated asset objects reloaded before import = 0
Number of asset objects unloaded after import = 0
========================================================================
Received Import Request.
  Time of request: 2026-09-20T00:01:45.6720272Z
  Time since last request: 0.0005269 seconds.
  importAddress: GUID: f03c073fcc564ab582ac38999beb4b6d - Path: Packages/com.unity.test-framework/UnityEditor.TestRunner/GUI/TestAssets/CustomScriptAssemblyMappingFinder.cs - Importer: ScriptedImporter/UnityEditor.QuickSearchModule:UnityEditor.Search:ASIAI0B
Importing 'GUID: f03c073fcc564ab582ac38999beb4b6d - Path: Packages/com.unity.test-framework/UnityEditor.TestRunner/GUI/TestAssets/CustomScriptAssemblyMappingFinder.cs - Importer: ScriptedImporter/UnityEditor.QuickSearchModule:UnityEditor.Search:ASIAI0B' with importer (ScriptedImporter : UnityEditor.QuickSearchModule:UnityEditor.Search:ASIAI0B)
Imported 'GUID: f03c073fcc564ab582ac38999beb4b6d' -> (Import Result ID: '1f7fd56a8cbe4f04489569ae96813d82') in 0.004 seconds [static and dynamic dependencies]. Details - ImportResultOutputID=2949337ed19f5b8b7a1cbb67d0c087fa DependenciesID=8cfaf48dc7b27bd49f6dd422778b2da3 StaticDependenciesID=58ffbd8b594ce84142d1bb1cf692f016 
Number of updated asset objects reloaded before import = 0
Number of asset objects unloaded after import = 0
========================================================================
Received Import Request.
  Time of request: 2026-09-20T00:01:45.6764967Z
  Time since last request: 0.0005725 seconds.
  importAddress: GUID: dc781c79a6ac490f817bb70a01490d5c - Path: Packages/com.unity.test-framework/UnityEditor.TestRunner/Api/Analytics/RunFinishedData.cs - Importer: ScriptedImporter/UnityEditor.QuickSearchModule:UnityEditor.Search:ASIAI0B
Importing 'GUID: dc781c79a6ac490f817bb70a01490d5c - Path: Packages/com.unity.test-framework/UnityEditor.TestRunner/Api/Analytics/RunFinishedData.cs - Importer: ScriptedImporter/UnityEditor.QuickSearchModule:UnityEditor.Search:ASIAI0B' with importer (ScriptedImporter : UnityEditor.QuickSearchModule:UnityEditor.Search:ASIAI0B)
Imported 'GUID: dc781c79a6ac490f817bb70a01490d5c' -> (Import Result ID: '1e2cc649c786ee0da2b002c60d56987b') in 0.006 seconds [static and dynamic dependencies]. Details - ImportResultOutputID=fac8cd833fea7c86f64c09edca576c71 DependenciesID=8550392d11513eccb851dea5567485ac StaticDependenciesID=dfc0d8e9017295ace84d42d207b01f39 
Number of updated asset objects reloaded before import = 0
Number of asset objects unloaded after import = 0
========================================================================
Received Import Request.
  Time of request: 2026-09-20T00:01:45.683447Z
  Time since last request: 0.000811 seconds.
  importAddress: GUID: f5e82966bb8646269e2e46b6ddf2d89f - Path: Packages/com.unity.test-framework/UnityEditor.TestRunner/Api/Analytics/AnalyticsTestCallback.cs - Importer: ScriptedImporter/UnityEditor.QuickSearchModule:UnityEditor.Search:ASIAI0B
Importing 'GUID: f5e82966bb8646269e2e46b6ddf2d89f - Path: Packages/com.unity.test-framework/UnityEditor.TestRunner/Api/Analytics/AnalyticsTestCallback.cs - Importer: ScriptedImporter/UnityEditor.QuickSearchModule:UnityEditor.Search:ASIAI0B' with importer (ScriptedImporter : UnityEditor.QuickSearchModule:UnityEditor.Search:ASIAI0B)
Imported 'GUID: f5e82966bb8646269e2e46b6ddf2d89f' -> (Import Result ID: 'ea70a7b4cd45e3876bc4bcf9544b5680') in 0.005 seconds [static and dynamic dependencies]. Details - ImportResultOutputID=23268b55cd5a0c7dc7284a1403dcc863 DependenciesID=1ae14f65ef4a83c284dc156660fa3dca StaticDependenciesID=ca4e88669977f11e2aefc7261632e73b 
Number of updated asset objects reloaded before import = 0
Number of asset objects unloaded after import = 0
========================================================================
Received Import Request.
  Time of request: 2026-09-20T00:01:45.6891685Z
  Time since last request: 0.000589 seconds.
  importAddress: GUID: f47c66e80010e4020b6803b930eb432c - Path: Packages/com.unity.test-framework/UnityEditor.TestRunner/GUI/TestAssets/ActiveFolderTemplateAssetCreator.cs - Importer: ScriptedImporter/UnityEditor.QuickSearchModule:UnityEditor.Search:ASIAI0B
Importing 'GUID: f47c66e80010e4020b6803b930eb432c - Path: Packages/com.unity.test-framework/UnityEditor.TestRunner/GUI/TestAssets/ActiveFolderTemplateAssetCreator.cs - Importer: ScriptedImporter/UnityEditor.QuickSearchModule:UnityEditor.Search:ASIAI0B' with importer (ScriptedImporter : UnityEditor.QuickSearchModule:UnityEditor.Search:ASIAI0B)
Imported 'GUID: f47c66e80010e4020b6803b930eb432c' -> (Import Result ID: 'a61db9414fb95af43dbc13c2a225378a') in 0.004 seconds [static and dynamic dependencies]. Details - ImportResultOutputID=1469c954b07412c9e68d7402ecdb24bc DependenciesID=afa746bded64d59af03aeb9304231790 StaticDependenciesID=ca1be27b436a69aae2885f48219abf74 
Number of updated asset objects reloaded before import = 0
Number of asset objects unloaded after import = 0
========================================================================
Received Import Request.
  Time of request: 2026-09-20T00:01:45.6936238Z
  Time since last request: 0.0005974 seconds.
  importAddress: GUID: 3d92c578e28043ef95d4b703e008be64 - Path: Packages/com.unity.test-framework/UnityEditor.TestRunner/GUI/TestAssets/FolderPathTestCompilationContextProvider.cs - Importer: ScriptedImporter/UnityEditor.QuickSearchModule:UnityEditor.Search:ASIAI0B
Importing 'GUID: 3d92c578e28043ef95d4b703e008be64 - Path: Packages/com.unity.test-framework/UnityEditor.TestRunner/GUI/TestAssets/FolderPathTestCompilationContextProvider.cs - Importer: ScriptedImporter/UnityEditor.QuickSearchModule:UnityEditor.Search:ASIAI0B' with importer (ScriptedImporter : UnityEditor.QuickSearchModule:UnityEditor.Search:ASIAI0B)
Imported 'GUID: 3d92c578e28043ef95d4b703e008be64' -> (Import Result ID: 'c42f6f4c32d04790476654ede5c4a4cd') in 0.005 seconds [static and dynamic dependencies]. Details - ImportResultOutputID=d24ec322cb56bc6eb2d1fb3cf9864888 DependenciesID=659fbce2f3e6c691da2927bdfb91a23d StaticDependenciesID=a8ebafa2434c425993822fb2dce773e9 
Number of updated asset objects reloaded before import = 0
Number of asset objects unloaded after import = 0
========================================================================
Received Import Request.
  Time of request: 2026-09-20T00:01:45.6998063Z
  Time since last request: 0.001001 seconds.
  importAddress: GUID: ea6cc55375344f10834cf6fa65197525 - Path: Packages/com.unity.test-framework/UnityEditor.TestRunner/GUI/Controls/FlagEnumUtility.cs - Importer: ScriptedImporter/UnityEditor.QuickSearchModule:UnityEditor.Search:ASIAI0B
Importing 'GUID: ea6cc55375344f10834cf6fa65197525 - Path: Packages/com.unity.test-framework/UnityEditor.TestRunner/GUI/Controls/FlagEnumUtility.cs - Importer: ScriptedImporter/UnityEditor.QuickSearchModule:UnityEditor.Search:ASIAI0B' with importer (ScriptedImporter : UnityEditor.QuickSearchModule:UnityEditor.Search:ASIAI0B)
Imported 'GUID: ea6cc55375344f10834cf6fa65197525' -> (Import Result ID: 'fc9a55fdb327dfad41d64deb59cd2cb7') in 0.005 seconds [static and dynamic dependencies]. Details - ImportResultOutputID=f22309be6ec4e65b111533f57de9ad52 DependenciesID=5bd70e609c81fc514770fcb4f5933412 StaticDependenciesID=6cf95613b7da14d7a3df255c6f1ccec3 
Number of updated asset objects reloaded before import = 0
Number of asset objects unloaded after import = 0
========================================================================
Received Import Request.
  Time of request: 2026-09-20T00:01:45.7054983Z
  Time since last request: 0.0005895 seconds.
  importAddress: GUID: 7b076e8f3150431baf926fe9ee030b1e - Path: Packages/com.unity.test-framework/UnityEditor.TestRunner/GUI/Controls/ISelectableItem.cs - Importer: ScriptedImporter/UnityEditor.QuickSearchModule:UnityEditor.Search:ASIAI0B
Importing 'GUID: 7b076e8f3150431baf926fe9ee030b1e - Path: Packages/com.unity.test-framework/UnityEditor.TestRunner/GUI/Controls/ISelectableItem.cs - Importer: ScriptedImporter/UnityEditor.QuickSearchModule:UnityEditor.Search:ASIAI0B' with importer (ScriptedImporter : UnityEditor.QuickSearchModule:UnityEditor.Search:ASIAI0B)
Imported 'GUID: 7b076e8f3150431baf926fe9ee030b1e' -> (Import Result ID: 'c0e5bf8d0da35243928fa7d6ec53d184') in 0.003 seconds [static and dynamic dependencies]. Details - ImportResultOutputID=b7f5634e4be40280da9dc0eb43afeaf0 DependenciesID=8ef67ffeeb7d9182f4eb0a3463fdbb7b StaticDependenciesID=fe3001bfb285b217e82979339165a92a 
Number of updated asset objects reloaded before import = 0
Number of asset objects unloaded after import = 0
========================================================================
Received Import Request.
  Time of request: 2026-09-20T00:01:45.7097873Z
  Time since last request: 0.0006732 seconds.
  importAddress: GUID: 697ab794770540d6951f83d62b8fa444 - Path: Packages/com.unity.test-framework/UnityEditor.TestRunner/Api/Analytics/TestTreeData.cs - Importer: ScriptedImporter/UnityEditor.QuickSearchModule:UnityEditor.Search:ASIAI0B
Importing 'GUID: 697ab794770540d6951f83d62b8fa444 - Path: Packages/com.unity.test-framework/UnityEditor.TestRunner/Api/Analytics/TestTreeData.cs - Importer: ScriptedImporter/UnityEditor.QuickSearchModule:UnityEditor.Search:ASIAI0B' with importer (ScriptedImporter : UnityEditor.QuickSearchModule:UnityEditor.Search:ASIAI0B)
Imported 'GUID: 697ab794770540d6951f83d62b8fa444' -> (Import Result ID: 'e89ff5907869be8d8fb45c3a9d0c1c8d') in 0.004 seconds [static and dynamic dependencies]. Details - ImportResultOutputID=42741b6341596758ef2d4265b75e4a54 DependenciesID=dae5089f3ef0fb8220db003cf294c20f StaticDependenciesID=3990f2f8ab665037427a760fe10bf41e 
Number of updated asset objects reloaded before import = 0
Number of asset objects unloaded after import = 0
========================================================================
Received Import Request.
  Time of request: 2026-09-20T00:01:45.7146704Z
  Time since last request: 0.0006821 seconds.
  importAddress: GUID: 7348ecf02a70497d9a09bd05ad2038ac - Path: Packages/com.unity.test-framework/UnityEditor.TestRunner/GUI/Controls/GenericItemContentProvider.cs - Importer: ScriptedImporter/UnityEditor.QuickSearchModule:UnityEditor.Search:ASIAI0B
Importing 'GUID: 7348ecf02a70497d9a09bd05ad2038ac - Path: Packages/com.unity.test-framework/UnityEditor.TestRunner/GUI/Controls/GenericItemContentProvider.cs - Importer: ScriptedImporter/UnityEditor.QuickSearchModule:UnityEditor.Search:ASIAI0B' with importer (ScriptedImporter : UnityEditor.QuickSearchModule:UnityEditor.Search:ASIAI0B)
Imported 'GUID: 7348ecf02a70497d9a09bd05ad2038ac' -> (Import Result ID: '011c8d47d9a62ba9fa795cf8d6228dfd') in 0.005 seconds [static and dynamic dependencies]. Details - ImportResultOutputID=994c6ac4c4a2c2b20a3e735e4c2f4e77 DependenciesID=621f774bb1bb16f748d34721df4c34ef StaticDependenciesID=60049d141ded7416d2e10633b150d08e 
Number of updated asset objects reloaded before import = 0
Number of asset objects unloaded after import = 0
========================================================================
Received Import Request.
  Time of request: 2026-09-20T00:01:45.7203339Z
  Time since last request: 0.0007387 seconds.
  importAddress: GUID: a85430cc5a4a4279a992be322de12b29 - Path: Packages/com.unity.test-framework/UnityEditor.TestRunner/Api/Analytics/AnalyticsReporter.cs - Importer: ScriptedImporter/UnityEditor.QuickSearchModule:UnityEditor.Search:ASIAI0B
Importing 'GUID: a85430cc5a4a4279a992be322de12b29 - Path: Packages/com.unity.test-framework/UnityEditor.TestRunner/Api/Analytics/AnalyticsReporter.cs - Importer: ScriptedImporter/UnityEditor.QuickSearchModule:UnityEditor.Search:ASIAI0B' with importer (ScriptedImporter : UnityEditor.QuickSearchModule:UnityEditor.Search:ASIAI0B)
Imported 'GUID: a85430cc5a4a4279a992be322de12b29' -> (Import Result ID: '1c59d92a709485d9767810d6e92ec36c') in 0.004 seconds [static and dynamic dependencies]. Details - ImportResultOutputID=f8fa14d5d0f2267167100321566c84be DependenciesID=2196a512e526ba5760bb7ba6b10faaf4 StaticDependenciesID=9e59e4d91596ffffc4c45dbef021d001 
Number of updated asset objects reloaded before import = 0
Number of asset objects unloaded after import = 0
========================================================================
Received Import Request.
  Time of request: 2026-09-20T00:01:45.7499448Z
  Time since last request: 0.0253874 seconds.
  importAddress: GUID: c38ae0585d6a55042a2d678330689685 - Path: Packages/com.unity.test-framework/UnityEditor.TestRunner/TestLaunchers/PlatformSetup/LuminPlatformSetup.cs - Importer: ScriptedImporter/UnityEditor.QuickSearchModule:UnityEditor.Search:ASIAI0B
Importing 'GUID: c38ae0585d6a55042a2d678330689685 - Path: Packages/com.unity.test-framework/UnityEditor.TestRunner/TestLaunchers/PlatformSetup/LuminPlatformSetup.cs - Importer: ScriptedImporter/UnityEditor.QuickSearchModule:UnityEditor.Search:ASIAI0B' with importer (ScriptedImporter : UnityEditor.QuickSearchModule:UnityEditor.Search:ASIAI0B)
Imported 'GUID: c38ae0585d6a55042a2d678330689685' -> (Import Result ID: '212b25c95cca7202f75ade359e321bf7') in 0.006 seconds [static and dynamic dependencies]. Details - ImportResultOutputID=a7740dc3af8a3a4a4dc5bf2c0d14390d DependenciesID=56e62f3464905d3ea0e71d6bc1442d7f StaticDependenciesID=f5650ff5b7a1752a35f6da602b0b4bdc 
Number of updated asset objects reloaded before import = 0
Number of asset objects unloaded after import = 0
========================================================================
Received Import Request.
  Time of request: 2026-09-20T00:01:45.7569891Z
  Time since last request: 0.000922 seconds.
  importAddress: GUID: 6d2f47eae5f447748892c46848956d5f - Path: Packages/com.unity.test-framework/UnityEditor.TestRunner/NUnitExtension/Attributes/ITestPlayerBuildModifier.cs - Importer: ScriptedImporter/UnityEditor.QuickSearchModule:UnityEditor.Search:ASIAI0B
Importing 'GUID: 6d2f47eae5f447748892c46848956d5f - Path: Packages/com.unity.test-framework/UnityEditor.TestRunner/NUnitExtension/Attributes/ITestPlayerBuildModifier.cs - Importer: ScriptedImporter/UnityEditor.QuickSearchModule:UnityEditor.Search:ASIAI0B' with importer (ScriptedImporter : UnityEditor.QuickSearchModule:UnityEditor.Search:ASIAI0B)
Imported 'GUID: 6d2f47eae5f447748892c46848956d5f' -> (Import Result ID: '11840a60d19bda10b820d70d0b43eed4') in 0.004 seconds [static and dynamic dependencies]. Details - ImportResultOutputID=225be1f39428dad517955f1fe8718d26 DependenciesID=ee018f27bf3a8d5cd8281252ef0e317b StaticDependenciesID=e2d30ac6c9afb474de8b28fb8736fb97 
Number of updated asset objects reloaded before import = 0
Number of asset objects unloaded after import = 0
========================================================================
Received Import Request.
  Time of request: 2026-09-20T00:01:45.7619853Z
  Time since last request: 0.0005618 seconds.
  importAddress: GUID: 3b6931522502d68458016e3cadb89f1b - Path: Packages/com.unity.test-framework/UnityEditor.TestRunner/TestRun/Tasks/PostbuildCleanupTask.cs - Importer: ScriptedImporter/UnityEditor.QuickSearchModule:UnityEditor.Search:ASIAI0B
Importing 'GUID: 3b6931522502d68458016e3cadb89f1b - Path: Packages/com.unity.test-framework/UnityEditor.TestRunner/TestRun/Tasks/PostbuildCleanupTask.cs - Importer: ScriptedImporter/UnityEditor.QuickSearchModule:UnityEditor.Search:ASIAI0B' with importer (ScriptedImporter : UnityEditor.QuickSearchModule:UnityEditor.Search:ASIAI0B)
Imported 'GUID: 3b6931522502d68458016e3cadb89f1b' -> (Import Result ID: 'f10e36be5770223e1a6dc4908fdb428e') in 0.005 seconds [static and dynamic dependencies]. Details - ImportResultOutputID=98aa37736223fe126cc77bae63264d39 DependenciesID=0695daa142fbe98e440d84a8d1a725a0 StaticDependenciesID=72888b32d40ed95a96c36ad358f94872 
Number of updated asset objects reloaded before import = 0
Number of asset objects unloaded after import = 0
========================================================================
Received Import Request.
  Time of request: 2026-09-20T00:01:45.7676036Z
  Time since last request: 0.0005617 seconds.
  importAddress: GUID: b9d121df8c444236a5b38ccfadfdd1a7 - Path: Packages/com.unity.test-framework/UnityEditor.TestRunner/TestLaunchers/Helpers/DelayedCallback.cs - Importer: ScriptedImporter/UnityEditor.QuickSearchModule:UnityEditor.Search:ASIAI0B
Importing 'GUID: b9d121df8c444236a5b38ccfadfdd1a7 - Path: Packages/com.unity.test-framework/UnityEditor.TestRunner/TestLaunchers/Helpers/DelayedCallback.cs - Importer: ScriptedImporter/UnityEditor.QuickSearchModule:UnityEditor.Search:ASIAI0B' with importer (ScriptedImporter : UnityEditor.QuickSearchModule:UnityEditor.Search:ASIAI0B)
Imported 'GUID: b9d121df8c444236a5b38ccfadfdd1a7' -> (Import Result ID: 'dc17efdf2f17486b8aa88be51c733214') in 0.004 seconds [static and dynamic dependencies]. Details - ImportResultOutputID=b55952e1862dd519e5fbe56fad48273d DependenciesID=512d3c26cba0fad2c6034fcb58e3c86a StaticDependenciesID=1feb9962cec60f446d5b202322e93149 
Number of updated asset objects reloaded before import = 0
Number of asset objects unloaded after import = 0
========================================================================
Received Import Request.
  Time of request: 2026-09-20T00:01:45.7722627Z
  Time since last request: 0.0004351 seconds.
  importAddress: GUID: ee6c7dc47e844c3d823b833abbd5f981 - Path: Packages/com.unity.test-framework/UnityEditor.TestRunner/TestRun/Tasks/GenerateContextTask.cs - Importer: ScriptedImporter/UnityEditor.QuickSearchModule:UnityEditor.Search:ASIAI0B
Importing 'GUID: ee6c7dc47e844c3d823b833abbd5f981 - Path: Packages/com.unity.test-framework/UnityEditor.TestRunner/TestRun/Tasks/GenerateContextTask.cs - Importer: ScriptedImporter/UnityEditor.QuickSearchModule:UnityEditor.Search:ASIAI0B' with importer (ScriptedImporter : UnityEditor.QuickSearchModule:UnityEditor.Search:ASIAI0B)
Imported 'GUID: ee6c7dc47e844c3d823b833abbd5f981' -> (Import Result ID: 'dcbe5c4b8b299fe2cd9d1a7705ec8dd8') in 0.004 seconds [static and dynamic dependencies]. Details - ImportResultOutputID=001de117461f17b2657c8790d2d9714b DependenciesID=6595e5164c23b40e2549cfe34d49a8a2 StaticDependenciesID=2dc1fccb149aaa479264a5532d6f61dc 
Number of updated asset objects reloaded before import = 0
Number of asset objects unloaded after import = 0
========================================================================
Received Import Request.
  Time of request: 2026-09-20T00:01:45.7772844Z
  Time since last request: 0.0005752 seconds.
  importAddress: GUID: 961642509dec50b44a293d26240140ec - Path: Packages/com.unity.test-framework/UnityEditor.TestRunner/TestLaunchers/PlatformSetup/AndroidPlatformSetup.cs - Importer: ScriptedImporter/UnityEditor.QuickSearchModule:UnityEditor.Search:ASIAI0B
Importing 'GUID: 961642509dec50b44a293d26240140ec - Path: Packages/com.unity.test-framework/UnityEditor.TestRunner/TestLaunchers/PlatformSetup/AndroidPlatformSetup.cs - Importer: ScriptedImporter/UnityEditor.QuickSearchModule:UnityEditor.Search:ASIAI0B' with importer (ScriptedImporter : UnityEditor.QuickSearchModule:UnityEditor.Search:ASIAI0B)
Imported 'GUID: 961642509dec50b44a293d26240140ec' -> (Import Result ID: 'f1405466ec2a58fedcf932cc57085aeb') in 0.003 seconds [static and dynamic dependencies]. Details - ImportResultOutputID=f54f4da78de0b98f07f0451ae2749d16 DependenciesID=04e3356d799c81640c6ec319d9e04c96 StaticDependenciesID=05e08fe0ba3cfd8435b0ee121fda9af2 
Number of updated asset objects reloaded before import = 0
Number of asset objects unloaded after import = 0
========================================================================
Received Import Request.
  Time of request: 2026-09-20T00:01:45.7817563Z
  Time since last request: 0.0007456 seconds.
  importAddress: GUID: b8abb41ceb6f62c45a00197ae59224c1 - Path: Packages/com.unity.test-framework/UnityEditor.TestRunner/GUI/Views/TestListGUIBase.cs - Importer: ScriptedImporter/UnityEditor.QuickSearchModule:UnityEditor.Search:ASIAI0B
Importing 'GUID: b8abb41ceb6f62c45a00197ae59224c1 - Path: Packages/com.unity.test-framework/UnityEditor.TestRunner/GUI/Views/TestListGUIBase.cs - Importer: ScriptedImporter/UnityEditor.QuickSearchModule:UnityEditor.Search:ASIAI0B' with importer (ScriptedImporter : UnityEditor.QuickSearchModule:UnityEditor.Search:ASIAI0B)
Imported 'GUID: b8abb41ceb6f62c45a00197ae59224c1' -> (Import Result ID: '3609ffba3fb1fd78c1d0fc391d29e0d8') in 0.004 seconds [static and dynamic dependencies]. Details - ImportResultOutputID=d49ab34e3a944aa81884c9f08dad5ebc DependenciesID=6520fa29b7f599f0ca80da566d9eb503 StaticDependenciesID=9d98866598ef9dfd2c9ad6d8c8038057 
Number of updated asset objects reloaded before import = 0
Number of asset objects unloaded after import = 0
========================================================================
Received Import Request.
  Time of request: 2026-09-20T00:01:45.7865697Z
  Time since last request: 0.0005362 seconds.
  importAddress: GUID: 0cd0deb81d984e58952ccd7e1dd6b2bb - Path: Packages/com.unity.test-framework/UnityEditor.TestRunner/GUI/TestAssets/ICustomScriptAssemblyMappingFinder.cs - Importer: ScriptedImporter/UnityEditor.QuickSearchModule:UnityEditor.Search:ASIAI0B
Importing 'GUID: 0cd0deb81d984e58952ccd7e1dd6b2bb - Path: Packages/com.unity.test-framework/UnityEditor.TestRunner/GUI/TestAssets/ICustomScriptAssemblyMappingFinder.cs - Importer: ScriptedImporter/UnityEditor.QuickSearchModule:UnityEditor.Search:ASIAI0B' with importer (ScriptedImporter : UnityEditor.QuickSearchModule:UnityEditor.Search:ASIAI0B)
Imported 'GUID: 0cd0deb81d984e58952ccd7e1dd6b2bb' -> (Import Result ID: 'f806148efc1d38f1bbd939db33eb5516') in 0.004 seconds [static and dynamic dependencies]. Details - ImportResultOutputID=555ff4ac608b363d391a87f29de3735d DependenciesID=7ade7483bae78cd18c16bab487a29023 StaticDependenciesID=90eab45cf87d9d14d59fe98e20a03366 
Number of updated asset objects reloaded before import = 0
Number of asset objects unloaded after import = 0
========================================================================
Received Import Request.
  Time of request: 2026-09-20T00:01:45.7911247Z
  Time since last request: 0.0005586 seconds.
  importAddress: GUID: 2c2dfcbbb77359547bcaa7cdabd47ebb - Path: Packages/com.unity.test-framework/UnityEditor.TestRunner/TestLaunchers/Helpers/PostbuildCleanupAttributeFinder.cs - Importer: ScriptedImporter/UnityEditor.QuickSearchModule:UnityEditor.Search:ASIAI0B
Importing 'GUID: 2c2dfcbbb77359547bcaa7cdabd47ebb - Path: Packages/com.unity.test-framework/UnityEditor.TestRunner/TestLaunchers/Helpers/PostbuildCleanupAttributeFinder.cs - Importer: ScriptedImporter/UnityEditor.QuickSearchModule:UnityEditor.Search:ASIAI0B' with importer (ScriptedImporter : UnityEditor.QuickSearchModule:UnityEditor.Search:ASIAI0B)
Imported 'GUID: 2c2dfcbbb77359547bcaa7cdabd47ebb' -> (Import Result ID: '4a89c2f44178035c6b36493a51cdf190') in 0.003 seconds [static and dynamic dependencies]. Details - ImportResultOutputID=1bbc315a31e359639a57e5c3856310c5 DependenciesID=1341b4d9c7e4c17e2f771ae9cca7d418 StaticDependenciesID=0a002db35d7ff94fb1db38cfb4e918c8 
Number of updated asset objects reloaded before import = 0
Number of asset objects unloaded after import = 0
========================================================================
Received Import Request.
  Time of request: 2026-09-20T00:01:45.7951935Z
  Time since last request: 0.0004911 seconds.
  importAddress: GUID: 84300802bfca1472f86e2179fa2a8ed7 - Path: Packages/com.unity.test-framework/UnityEditor.TestRunner/TestLaunchers/Helpers/TestFiltering.cs - Importer: ScriptedImporter/UnityEditor.QuickSearchModule:UnityEditor.Search:ASIAI0B
Importing 'GUID: 84300802bfca1472f86e2179fa2a8ed7 - Path: Packages/com.unity.test-framework/UnityEditor.TestRunner/TestLaunchers/Helpers/TestFiltering.cs - Importer: ScriptedImporter/UnityEditor.QuickSearchModule:UnityEditor.Search:ASIAI0B' with importer (ScriptedImporter : UnityEditor.QuickSearchModule:UnityEditor.Search:ASIAI0B)
Imported 'GUID: 84300802bfca1472f86e2179fa2a8ed7' -> (Import Result ID: 'd6bb73370073c65c2f4d13f0bc6a13f7') in 0.004 seconds [static and dynamic dependencies]. Details - ImportResultOutputID=1a56f3965f74ce9425e46eccd0c46a8c DependenciesID=00597fc57636e37fa12abbe2f163180b StaticDependenciesID=c7fa15b132511511786d0ee0f10980ac 
Number of updated asset objects reloaded before import = 0
Number of asset objects unloaded after import = 0
========================================================================
Received Import Request.
  Time of request: 2026-09-20T00:01:45.8002243Z
  Time since last request: 0.0009946 seconds.
  importAddress: GUID: dd57b1176859fc84e93586103d3b5f73 - Path: Packages/com.unity.test-framework/UnityEditor.TestRunner/NUnitExtension/Attributes/TestPlayerBuildModifierAttribute.cs - Importer: ScriptedImporter/UnityEditor.QuickSearchModule:UnityEditor.Search:ASIAI0B
Importing 'GUID: dd57b1176859fc84e93586103d3b5f73 - Path: Packages/com.unity.test-framework/UnityEditor.TestRunner/NUnitExtension/Attributes/TestPlayerBuildModifierAttribute.cs - Importer: ScriptedImporter/UnityEditor.QuickSearchModule:UnityEditor.Search:ASIAI0B' with importer (ScriptedImporter : UnityEditor.QuickSearchModule:UnityEditor.Search:ASIAI0B)
Imported 'GUID: dd57b1176859fc84e93586103d3b5f73' -> (Import Result ID: 'e24e5662e7f76c1fa11cdfdfae7e1933') in 0.004 seconds [static and dynamic dependencies]. Details - ImportResultOutputID=5cfdacd788a7624b02c33c6e1d3c5b53 DependenciesID=ad860646b3ce3dd6354c3263be5dd767 StaticDependenciesID=ab5d19821a274f18ec1a5b0cc356869b 
Number of updated asset objects reloaded before import = 0
Number of asset objects unloaded after import = 0
========================================================================
Received Import Request.
  Time of request: 2026-09-20T00:01:45.8050169Z
  Time since last request: 0.0005495 seconds.
  importAddress: GUID: 4b45f42910304b00a63958173ee2c76f - Path: Packages/com.unity.test-framework/UnityEditor.TestRunner/TestRun/Tasks/EnterPlayModeTask.cs - Importer: ScriptedImporter/UnityEditor.QuickSearchModule:UnityEditor.Search:ASIAI0B
Importing 'GUID: 4b45f42910304b00a63958173ee2c76f - Path: Packages/com.unity.test-framework/UnityEditor.TestRunner/TestRun/Tasks/EnterPlayModeTask.cs - Importer: ScriptedImporter/UnityEditor.QuickSearchModule:UnityEditor.Search:ASIAI0B' with importer (ScriptedImporter : UnityEditor.QuickSearchModule:UnityEditor.Search:ASIAI0B)
Imported 'GUID: 4b45f42910304b00a63958173ee2c76f' -> (Import Result ID: 'b34e898fbe3241453a7f13eb0f7f76cb') in 0.004 seconds [static and dynamic dependencies]. Details - ImportResultOutputID=587a3eafd0327244fb1ac5e61a066053 DependenciesID=1dd11d100edab9903d078de1a018c681 StaticDependenciesID=1f7bf1ca74654a8a169e2f6cef99b29b 
Number of updated asset objects reloaded before import = 0
Number of asset objects unloaded after import = 0
========================================================================
Received Import Request.
  Time of request: 2026-09-20T00:01:45.8099506Z
  Time since last request: 0.0005976 seconds.
  importAddress: GUID: 5640d0c51961421997c9f36f0ec45480 - Path: Packages/com.unity.test-framework/UnityEditor.TestRunner/TestRun/Tasks/BuildNUnitFilterTask.cs - Importer: ScriptedImporter/UnityEditor.QuickSearchModule:UnityEditor.Search:ASIAI0B
Importing 'GUID: 5640d0c51961421997c9f36f0ec45480 - Path: Packages/com.unity.test-framework/UnityEditor.TestRunner/TestRun/Tasks/BuildNUnitFilterTask.cs - Importer: ScriptedImporter/UnityEditor.QuickSearchModule:UnityEditor.Search:ASIAI0B' with importer (ScriptedImporter : UnityEditor.QuickSearchModule:UnityEditor.Search:ASIAI0B)
Imported 'GUID: 5640d0c51961421997c9f36f0ec45480' -> (Import Result ID: 'd9b11768b8e409f4bd192ea14d95bb17') in 0.007 seconds [static and dynamic dependencies]. Details - ImportResultOutputID=da2b37fc8e2eddf1fb89a4a97230d54a DependenciesID=0c7e6f3c0b2cd00e9c533d42192955d5 StaticDependenciesID=f9ca64e0c18271da3a53bb65861134d6 
Number of updated asset objects reloaded before import = 0
Number of asset objects unloaded after import = 0
========================================================================
Received Import Request.
  Time of request: 2026-09-20T00:01:45.8179734Z
  Time since last request: 0.000886 seconds.
  importAddress: GUID: ad7bb166069f8414e9ad26606b305e66 - Path: Packages/com.unity.test-framework/UnityEditor.TestRunner/TestRun/Tasks/FileCleanupVerifierTaskBase.cs - Importer: ScriptedImporter/UnityEditor.QuickSearchModule:UnityEditor.Search:ASIAI0B
Importing 'GUID: ad7bb166069f8414e9ad26606b305e66 - Path: Packages/com.unity.test-framework/UnityEditor.TestRunner/TestRun/Tasks/FileCleanupVerifierTaskBase.cs - Importer: ScriptedImporter/UnityEditor.QuickSearchModule:UnityEditor.Search:ASIAI0B' with importer (ScriptedImporter : UnityEditor.QuickSearchModule:UnityEditor.Search:ASIAI0B)
Imported 'GUID: ad7bb166069f8414e9ad26606b305e66' -> (Import Result ID: 'cc7c9b99eb1f5c95f61208473f0fe863') in 0.004 seconds [static and dynamic dependencies]. Details - ImportResultOutputID=655726a5ed67436326295cef84355081 DependenciesID=cb9061d85bffb34693d18f3f5d048ff2 StaticDependenciesID=14a19281fb9c630e796f88bba30f208a 
Number of updated asset objects reloaded before import = 0
Number of asset objects unloaded after import = 0
========================================================================
Received Import Request.
  Time of request: 2026-09-20T00:01:45.8229127Z
  Time since last request: 0.0007317 seconds.
  importAddress: GUID: 1bace19a170f47bb8d19645cfc580796 - Path: Packages/com.unity.test-framework/UnityEditor.TestRunner/GUI/TestAssets/TestScriptAssetsCreator.cs - Importer: ScriptedImporter/UnityEditor.QuickSearchModule:UnityEditor.Search:ASIAI0B
Importing 'GUID: 1bace19a170f47bb8d19645cfc580796 - Path: Packages/com.unity.test-framework/UnityEditor.TestRunner/GUI/TestAssets/TestScriptAssetsCreator.cs - Importer: ScriptedImporter/UnityEditor.QuickSearchModule:UnityEditor.Search:ASIAI0B' with importer (ScriptedImporter : UnityEditor.QuickSearchModule:UnityEditor.Search:ASIAI0B)
Imported 'GUID: 1bace19a170f47bb8d19645cfc580796' -> (Import Result ID: 'ed7c64d73c3eb33df46569f967e6ebdb') in 0.004 seconds [static and dynamic dependencies]. Details - ImportResultOutputID=d53ef0ae00c1767e3b561a698f7c9223 DependenciesID=088a5aff79f24802558a4b03a000fb7e StaticDependenciesID=90f6fbe2e7cb41ddb7d4924c68cb7ed8 
Number of updated asset objects reloaded before import = 0
Number of asset objects unloaded after import = 0
========================================================================
Received Import Request.
  Time of request: 2026-09-20T00:01:45.8286755Z
  Time since last request: 0.0017773 seconds.
  importAddress: GUID: 32829ea9e75c475295f73ff867e2f9d0 - Path: Packages/com.unity.test-framework/UnityEditor.TestRunner/GUI/TestAssets/ICustomScriptAssembly.cs - Importer: ScriptedImporter/UnityEditor.QuickSearchModule:UnityEditor.Search:ASIAI0B
Importing 'GUID: 32829ea9e75c475295f73ff867e2f9d0 - Path: Packages/com.unity.test-framework/UnityEditor.TestRunner/GUI/TestAssets/ICustomScriptAssembly.cs - Importer: ScriptedImporter/UnityEditor.QuickSearchModule:UnityEditor.Search:ASIAI0B' with importer (ScriptedImporter : UnityEditor.QuickSearchModule:UnityEditor.Search:ASIAI0B)
Imported 'GUID: 32829ea9e75c475295f73ff867e2f9d0' -> (Import Result ID: '699e9f8e69e7ca121e870c5ed2daafb9') in 0.005 seconds [static and dynamic dependencies]. Details - ImportResultOutputID=799630f5afa525e25785d36465ca5eb5 DependenciesID=1af13a35c980717afac9e7c8edda9c37 StaticDependenciesID=a4d5ec0654491e1ed34492980aff5c54 
Number of updated asset objects reloaded before import = 0
Number of asset objects unloaded after import = 0
========================================================================
Received Import Request.
  Time of request: 2026-09-20T00:01:45.834455Z
  Time since last request: 0.0006961 seconds.
  importAddress: GUID: bd3135cd5079e43b383e0e53242ef502 - Path: Packages/com.unity.test-framework/UnityEditor.TestRunner/TestLaunchers/Helpers/PrebuildSetupWithJobDataAttributeFinder.cs - Importer: ScriptedImporter/UnityEditor.QuickSearchModule:UnityEditor.Search:ASIAI0B
Importing 'GUID: bd3135cd5079e43b383e0e53242ef502 - Path: Packages/com.unity.test-framework/UnityEditor.TestRunner/TestLaunchers/Helpers/PrebuildSetupWithJobDataAttributeFinder.cs - Importer: ScriptedImporter/UnityEditor.QuickSearchModule:UnityEditor.Search:ASIAI0B' with importer (ScriptedImporter : UnityEditor.QuickSearchModule:UnityEditor.Search:ASIAI0B)
Imported 'GUID: bd3135cd5079e43b383e0e53242ef502' -> (Import Result ID: 'c7c8c56dbece7f22255fcfd6b3f2c74c') in 0.004 seconds [static and dynamic dependencies]. Details - ImportResultOutputID=c8a732f7b45f4be040edfe7ab9b79818 DependenciesID=d343e844366f8a27c12a9c7100b8a349 StaticDependenciesID=9dc16fc3268cc4ab0dc05869d9d0af95 
Number of updated asset objects reloaded before import = 0
Number of asset objects unloaded after import = 0
========================================================================
Received Import Request.
  Time of request: 2026-09-20T00:01:45.8394358Z
  Time since last request: 0.0005495 seconds.
  importAddress: GUID: 1c97cd557b334b27bc325649466d1872 - Path: Packages/com.unity.test-framework/UnityEditor.TestRunner/TestRun/Tasks/CleanUpContext.cs - Importer: ScriptedImporter/UnityEditor.QuickSearchModule:UnityEditor.Search:ASIAI0B
Importing 'GUID: 1c97cd557b334b27bc325649466d1872 - Path: Packages/com.unity.test-framework/UnityEditor.TestRunner/TestRun/Tasks/CleanUpContext.cs - Importer: ScriptedImporter/UnityEditor.QuickSearchModule:UnityEditor.Search:ASIAI0B' with importer (ScriptedImporter : UnityEditor.QuickSearchModule:UnityEditor.Search:ASIAI0B)
Imported 'GUID: 1c97cd557b334b27bc325649466d1872' -> (Import Result ID: '3a7b42d5d1c72dda3939ea65e7dd89a5') in 0.004 seconds [static and dynamic dependencies]. Details - ImportResultOutputID=f220db5a543d6be374ee964db14cdc8d DependenciesID=c90e67dae72c78c9ced258019d898460 StaticDependenciesID=0b395157f9c972062750bf8742ff7994 
Number of updated asset objects reloaded before import = 0
Number of asset objects unloaded after import = 0
========================================================================
Received Import Request.
  Time of request: 2026-09-20T00:01:45.844146Z
  Time since last request: 0.0005857 seconds.
  importAddress: GUID: 06e624de88cb4a808350b63994eb39ed - Path: Packages/com.unity.test-framework/UnityEditor.TestRunner/TestRun/Data/TaskMode.cs - Importer: ScriptedImporter/UnityEditor.QuickSearchModule:UnityEditor.Search:ASIAI0B
Importing 'GUID: 06e624de88cb4a808350b63994eb39ed - Path: Packages/com.unity.test-framework/UnityEditor.TestRunner/TestRun/Data/TaskMode.cs - Importer: ScriptedImporter/UnityEditor.QuickSearchModule:UnityEditor.Search:ASIAI0B' with importer (ScriptedImporter : UnityEditor.QuickSearchModule:UnityEditor.Search:ASIAI0B)
Imported 'GUID: 06e624de88cb4a808350b63994eb39ed' -> (Import Result ID: 'b8a93a10ef7a782e4e4c8e2cba6f647c') in 0.003 seconds [static and dynamic dependencies]. Details - ImportResultOutputID=a8ec9691d1e0c7f938f367794d06860a DependenciesID=43983a7f5b5a367da880d61f6f1e6ae2 StaticDependenciesID=74bdf03c091536995455eec3bd2a59e5 
Number of updated asset objects reloaded before import = 0
Number of asset objects unloaded after import = 0
========================================================================
Received Import Request.
  Time of request: 2026-09-20T00:01:45.8480483Z
  Time since last request: 0.0006166 seconds.
  importAddress: GUID: 52c907c81459f324497af504b84fd557 - Path: Packages/com.unity.test-framework/UnityEditor.TestRunner/GUI/TestListTreeView/TestListTreeViewGUI.cs - Importer: ScriptedImporter/UnityEditor.QuickSearchModule:UnityEditor.Search:ASIAI0B
Importing 'GUID: 52c907c81459f324497af504b84fd557 - Path: Packages/com.unity.test-framework/UnityEditor.TestRunner/GUI/TestListTreeView/TestListTreeViewGUI.cs - Importer: ScriptedImporter/UnityEditor.QuickSearchModule:UnityEditor.Search:ASIAI0B' with importer (ScriptedImporter : UnityEditor.QuickSearchModule:UnityEditor.Search:ASIAI0B)
Imported 'GUID: 52c907c81459f324497af504b84fd557' -> (Import Result ID: '94041974eba804713954150b1b39add6') in 0.005 seconds [static and dynamic dependencies]. Details - ImportResultOutputID=cb70ab845b0ddf2f93fb0383554b9231 DependenciesID=42cbe9d48780427f0bcd4629f54da19f StaticDependenciesID=a36ee918f07ad4ce92c9369b7d3be367 
Number of updated asset objects reloaded before import = 0
Number of asset objects unloaded after import = 0
========================================================================
Received Import Request.
  Time of request: 2026-09-20T00:01:45.8537885Z
  Time since last request: 0.0005941 seconds.
  importAddress: GUID: a155fee568ce42a4b561ee3a27d88532 - Path: Packages/com.unity.test-framework/UnityEditor.TestRunner/TestRun/Tasks/CleanupConstructDelegatorTask.cs - Importer: ScriptedImporter/UnityEditor.QuickSearchModule:UnityEditor.Search:ASIAI0B
Importing 'GUID: a155fee568ce42a4b561ee3a27d88532 - Path: Packages/com.unity.test-framework/UnityEditor.TestRunner/TestRun/Tasks/CleanupConstructDelegatorTask.cs - Importer: ScriptedImporter/UnityEditor.QuickSearchModule:UnityEditor.Search:ASIAI0B' with importer (ScriptedImporter : UnityEditor.QuickSearchModule:UnityEditor.Search:ASIAI0B)
Imported 'GUID: a155fee568ce42a4b561ee3a27d88532' -> (Import Result ID: '32ee4879f64831505d91c10dde85ab82') in 0.004 seconds [static and dynamic dependencies]. Details - ImportResultOutputID=52f0313392be497c6a7cb6de6b68ecb9 DependenciesID=81ca1814084a669fc60dc1a7fa2a5e49 StaticDependenciesID=a1a0d3dd34e2df1e125e281e574bf61f 
Number of updated asset objects reloaded before import = 0
Number of asset objects unloaded after import = 0
========================================================================
Received Import Request.
  Time of request: 2026-09-20T00:01:45.8583515Z
  Time since last request: 0.0006477 seconds.
  importAddress: GUID: aed7ab02155e43341a2dbcb7bc17c160 - Path: Packages/com.unity.test-framework/UnityEditor.TestRunner/TestLaunchers/PlatformSetup/XboxOnePlatformSetup.cs - Importer: ScriptedImporter/UnityEditor.QuickSearchModule:UnityEditor.Search:ASIAI0B
Importing 'GUID: aed7ab02155e43341a2dbcb7bc17c160 - Path: Packages/com.unity.test-framework/UnityEditor.TestRunner/TestLaunchers/PlatformSetup/XboxOnePlatformSetup.cs - Importer: ScriptedImporter/UnityEditor.QuickSearchModule:UnityEditor.Search:ASIAI0B' with importer (ScriptedImporter : UnityEditor.QuickSearchModule:UnityEditor.Search:ASIAI0B)
Imported 'GUID: aed7ab02155e43341a2dbcb7bc17c160' -> (Import Result ID: '19b9867e59f60de5d9f525dc55368377') in 0.004 seconds [static and dynamic dependencies]. Details - ImportResultOutputID=52394d50ac8dab1194ecd2a1acc3167d DependenciesID=d004f6d0af683c234bee5e24fab90689 StaticDependenciesID=ea3c0e461385c5a9bf2fa81e8510c624 
Number of updated asset objects reloaded before import = 0
Number of asset objects unloaded after import = 0
========================================================================
Received Import Request.
  Time of request: 2026-09-20T00:01:45.8630294Z
  Time since last request: 0.0007169 seconds.
  importAddress: GUID: 881a6e4afaf6d1744a7aacea7f268f4c - Path: Packages/com.unity.test-framework/UnityEditor.TestRunner/TestRun/Data/TestProgress.cs - Importer: ScriptedImporter/UnityEditor.QuickSearchModule:UnityEditor.Search:ASIAI0B
Importing 'GUID: 881a6e4afaf6d1744a7aacea7f268f4c - Path: Packages/com.unity.test-framework/UnityEditor.TestRunner/TestRun/Data/TestProgress.cs - Importer: ScriptedImporter/UnityEditor.QuickSearchModule:UnityEditor.Search:ASIAI0B' with importer (ScriptedImporter : UnityEditor.QuickSearchModule:UnityEditor.Search:ASIAI0B)
Imported 'GUID: 881a6e4afaf6d1744a7aacea7f268f4c' -> (Import Result ID: '42b7a3c9598bfb6ce1af594024ae85a6') in 0.006 seconds [static and dynamic dependencies]. Details - ImportResultOutputID=c18654b64c56192fe91aba997abd99f2 DependenciesID=554c4269915dd88fded293cad8e31850 StaticDependenciesID=e97c759ab4e5b111a28589d4df1d4c97 
Number of updated asset objects reloaded before import = 0
Number of asset objects unloaded after import = 0
========================================================================
Received Import Request.
  Time of request: 2026-09-20T00:01:45.8703579Z
  Time since last request: 0.0008075 seconds.
  importAddress: GUID: adf7bea9401c1834380d55601add6cfb - Path: Packages/com.unity.test-framework/UnityEditor.TestRunner/TestLaunchers/PlatformSetup/SwitchPlatformSetup.cs - Importer: ScriptedImporter/UnityEditor.QuickSearchModule:UnityEditor.Search:ASIAI0B
Importing 'GUID: adf7bea9401c1834380d55601add6cfb - Path: Packages/com.unity.test-framework/UnityEditor.TestRunner/TestLaunchers/PlatformSetup/SwitchPlatformSetup.cs - Importer: ScriptedImporter/UnityEditor.QuickSearchModule:UnityEditor.Search:ASIAI0B' with importer (ScriptedImporter : UnityEditor.QuickSearchModule:UnityEditor.Search:ASIAI0B)
Setting up noproxy from UNITY_NOPROXY environment variable. Setting to: localhost,127.0.0.1
Imported 'GUID: adf7bea9401c1834380d55601add6cfb' -> (Import Result ID: '3e7742112969138c3a010f337df60293') in 0.005 seconds [static and dynamic dependencies]. Details - ImportResultOutputID=b76488cd99bb7b6a8d4e1cf6f927afbf DependenciesID=b50e2212e9e8d3d9e3ca3c1796469e38 StaticDependenciesID=fe8a61b9fc851f4e7513da3bb9d138c0 
Number of updated asset objects reloaded before import = 0
Number of asset objects unloaded after import = 0
========================================================================
Received Import Request.
  Time of request: 2026-09-20T00:01:45.8788844Z
  Time since last request: 0.0035285 seconds.
  importAddress: GUID: 0d2e1e2a782748e6acb8565ad040df60 - Path: Packages/com.unity.test-framework/UnityEditor.TestRunner/TestRun/Data/TaskInfo.cs - Importer: ScriptedImporter/UnityEditor.QuickSearchModule:UnityEditor.Search:ASIAI0B
Importing 'GUID: 0d2e1e2a782748e6acb8565ad040df60 - Path: Packages/com.unity.test-framework/UnityEditor.TestRunner/TestRun/Data/TaskInfo.cs - Importer: ScriptedImporter/UnityEditor.QuickSearchModule:UnityEditor.Search:ASIAI0B' with importer (ScriptedImporter : UnityEditor.QuickSearchModule:UnityEditor.Search:ASIAI0B)
Imported 'GUID: 0d2e1e2a782748e6acb8565ad040df60' -> (Import Result ID: '911349e6918f9da236d385f15f8501e5') in 0.005 seconds [static and dynamic dependencies]. Details - ImportResultOutputID=4708a49e0ecc04f31ef5485be3988c23 DependenciesID=728ac70d6e08c3bd9a9cd98356aab009 StaticDependenciesID=0da70dd1ab602ca620cce84db32cfeb5 
Number of updated asset objects reloaded before import = 0
Number of asset objects unloaded after import = 0
========================================================================
Received Import Request.
  Time of request: 2026-09-20T00:01:45.8846999Z
  Time since last request: 0.0007564 seconds.
  importAddress: GUID: 078a3968c1fd87047890f314894a20a1 - Path: Packages/com.unity.test-framework/UnityEditor.TestRunner/TestLaunchers/PlatformSetup/Switch2PlatformSetup.cs - Importer: ScriptedImporter/UnityEditor.QuickSearchModule:UnityEditor.Search:ASIAI0B
Importing 'GUID: 078a3968c1fd87047890f314894a20a1 - Path: Packages/com.unity.test-framework/UnityEditor.TestRunner/TestLaunchers/PlatformSetup/Switch2PlatformSetup.cs - Importer: ScriptedImporter/UnityEditor.QuickSearchModule:UnityEditor.Search:ASIAI0B' with importer (ScriptedImporter : UnityEditor.QuickSearchModule:UnityEditor.Search:ASIAI0B)
Imported 'GUID: 078a3968c1fd87047890f314894a20a1' -> (Import Result ID: '059c481405118f4dc85138389ad207a5') in 0.004 seconds [static and dynamic dependencies]. Details - ImportResultOutputID=9f2534687430f65076e24cf7cb3b30c1 DependenciesID=b5630d4ab56527d0963a3663e7cb0999 StaticDependenciesID=5eaaa514d066112840f72c7965b6ebe5 
Number of updated asset objects reloaded before import = 0
Number of asset objects unloaded after import = 0
========================================================================
Received Import Request.
  Time of request: 2026-09-20T00:01:45.8893882Z
  Time since last request: 0.0005122 seconds.
  importAddress: GUID: 92de9780c7bec4f0f89c7c88a2ec15ed - Path: Packages/com.unity.test-framework/UnityEditor.TestRunner/TestRun/Tasks/FilterTestTreeTask.cs - Importer: ScriptedImporter/UnityEditor.QuickSearchModule:UnityEditor.Search:ASIAI0B
Importing 'GUID: 92de9780c7bec4f0f89c7c88a2ec15ed - Path: Packages/com.unity.test-framework/UnityEditor.TestRunner/TestRun/Tasks/FilterTestTreeTask.cs - Importer: ScriptedImporter/UnityEditor.QuickSearchModule:UnityEditor.Search:ASIAI0B' with importer (ScriptedImporter : UnityEditor.QuickSearchModule:UnityEditor.Search:ASIAI0B)
Imported 'GUID: 92de9780c7bec4f0f89c7c88a2ec15ed' -> (Import Result ID: 'd9a6bc342c7a81ecf94749477d82aacb') in 0.003 seconds [static and dynamic dependencies]. Details - ImportResultOutputID=ccfd179d0a82bd3e396100f2d3063296 DependenciesID=7a883e986c19e403365ee686b62902cb StaticDependenciesID=0be3586bc220bcdf1c292277996a16a0 
Number of updated asset objects reloaded before import = 0
Number of asset objects unloaded after import = 0
========================================================================
Received Import Request.
  Time of request: 2026-09-20T00:01:45.8933555Z
  Time since last request: 0.0005493 seconds.
  importAddress: GUID: a0288e1c9324e824bab7e2044a72a434 - Path: Packages/com.unity.test-framework/UnityEditor.TestRunner/TestRun/Tasks/BuildTestTreeTask.cs - Importer: ScriptedImporter/UnityEditor.QuickSearchModule:UnityEditor.Search:ASIAI0B
Importing 'GUID: a0288e1c9324e824bab7e2044a72a434 - Path: Packages/com.unity.test-framework/UnityEditor.TestRunner/TestRun/Tasks/BuildTestTreeTask.cs - Importer: ScriptedImporter/UnityEditor.QuickSearchModule:UnityEditor.Search:ASIAI0B' with importer (ScriptedImporter : UnityEditor.QuickSearchModule:UnityEditor.Search:ASIAI0B)
Imported 'GUID: a0288e1c9324e824bab7e2044a72a434' -> (Import Result ID: '4ed4d5fa39b4ae1f29ff1923b2dad6ef') in 0.004 seconds [static and dynamic dependencies]. Details - ImportResultOutputID=99c9d1adc24acb11bdbf81d3a24ebd4f DependenciesID=865d430a130edff5925a6bc59f96ae5a StaticDependenciesID=f0c1b403ee61f3def0ea978e2a9806bc 
Number of updated asset objects reloaded before import = 0
Number of asset objects unloaded after import = 0
========================================================================
Received Import Request.
  Time of request: 2026-09-20T00:01:45.8981389Z
  Time since last request: 0.0005814 seconds.
  importAddress: GUID: ce87c287371edde43a4b5fcfdee7b9ef - Path: Packages/com.unity.test-framework/UnityEditor.TestRunner/GUI/TestListTreeView/TestListTreeViewDataSource.cs - Importer: ScriptedImporter/UnityEditor.QuickSearchModule:UnityEditor.Search:ASIAI0B
Importing 'GUID: ce87c287371edde43a4b5fcfdee7b9ef - Path: Packages/com.unity.test-framework/UnityEditor.TestRunner/GUI/TestListTreeView/TestListTreeViewDataSource.cs - Importer: ScriptedImporter/UnityEditor.QuickSearchModule:UnityEditor.Search:ASIAI0B' with importer (ScriptedImporter : UnityEditor.QuickSearchModule:UnityEditor.Search:ASIAI0B)
Imported 'GUID: ce87c287371edde43a4b5fcfdee7b9ef' -> (Import Result ID: 'd3903e456c0da3f1a32fee9499a66829') in 0.004 seconds [static and dynamic dependencies]. Details - ImportResultOutputID=6cc35d71f1f40d088a7c3c14dcdd4df7 DependenciesID=3d4b8875b08dce9b60eee53c3c7c4c8e StaticDependenciesID=e538818c186595e241e47e4e0bffa2bf 
Number of updated asset objects reloaded before import = 0
Number of asset objects unloaded after import = 0
========================================================================
Received Import Request.
  Time of request: 2026-09-20T00:01:45.9034376Z
  Time since last request: 0.0006783 seconds.
  importAddress: GUID: b88caca58e05ee74486d86fb404c48e2 - Path: Packages/com.unity.test-framework/UnityEditor.TestRunner/NUnitExtension/Attributes/AssetPipelineIgnore.cs - Importer: ScriptedImporter/UnityEditor.QuickSearchModule:UnityEditor.Search:ASIAI0B
Importing 'GUID: b88caca58e05ee74486d86fb404c48e2 - Path: Packages/com.unity.test-framework/UnityEditor.TestRunner/NUnitExtension/Attributes/AssetPipelineIgnore.cs - Importer: ScriptedImporter/UnityEditor.QuickSearchModule:UnityEditor.Search:ASIAI0B' with importer (ScriptedImporter : UnityEditor.QuickSearchModule:UnityEditor.Search:ASIAI0B)
Imported 'GUID: b88caca58e05ee74486d86fb404c48e2' -> (Import Result ID: '5a8d0f5d9243924d87f6c74d3d75042c') in 0.004 seconds [static and dynamic dependencies]. Details - ImportResultOutputID=0629a3775524a900995d81e00c65e822 DependenciesID=50530812c9fe6f4945a5ccb8fa9a0fa5 StaticDependenciesID=18b665522edf4af167a5e37a631af96e 
Number of updated asset objects reloaded before import = 0
Number of asset objects unloaded after import = 0
========================================================================
Received Import Request.
  Time of request: 2026-09-20T00:01:45.9081359Z
  Time since last request: 0.000652 seconds.
  importAddress: GUID: e17c88b021c2a4c409b3f15b0d80ac62 - Path: Packages/com.unity.test-framework/UnityEditor.TestRunner/GUI/TestListBuilder/TestTreeViewBuilder.cs - Importer: ScriptedImporter/UnityEditor.QuickSearchModule:UnityEditor.Search:ASIAI0B
Importing 'GUID: e17c88b021c2a4c409b3f15b0d80ac62 - Path: Packages/com.unity.test-framework/UnityEditor.TestRunner/GUI/TestListBuilder/TestTreeViewBuilder.cs - Importer: ScriptedImporter/UnityEditor.QuickSearchModule:UnityEditor.Search:ASIAI0B' with importer (ScriptedImporter : UnityEditor.QuickSearchModule:UnityEditor.Search:ASIAI0B)
Imported 'GUID: e17c88b021c2a4c409b3f15b0d80ac62' -> (Import Result ID: '373da7535f4d03853af5a266fe37fcdb') in 0.004 seconds [static and dynamic dependencies]. Details - ImportResultOutputID=c05d79cba1ed40c7fdede7632ebeef44 DependenciesID=610d2d8642cd512407726ca07bd7ff3d StaticDependenciesID=e9fefd8cef01fca9ff4c98dd3c29ee0e 
Number of updated asset objects reloaded before import = 0
Number of asset objects unloaded after import = 0
========================================================================
Received Import Request.
  Time of request: 2026-09-20T00:01:45.9128279Z
  Time since last request: 0.0005436 seconds.
  importAddress: GUID: fb1abebffd37bd4458c84e15a5d7ab04 - Path: Packages/com.unity.test-framework/UnityEditor.TestRunner/TestRun/Tasks/PerformUndoTask.cs - Importer: ScriptedImporter/UnityEditor.QuickSearchModule:UnityEditor.Search:ASIAI0B
Importing 'GUID: fb1abebffd37bd4458c84e15a5d7ab04 - Path: Packages/com.unity.test-framework/UnityEditor.TestRunner/TestRun/Tasks/PerformUndoTask.cs - Importer: ScriptedImporter/UnityEditor.QuickSearchModule:UnityEditor.Search:ASIAI0B' with importer (ScriptedImporter : UnityEditor.QuickSearchModule:UnityEditor.Search:ASIAI0B)
Imported 'GUID: fb1abebffd37bd4458c84e15a5d7ab04' -> (Import Result ID: 'a0d6747c93c1f14128bfb5eb187e571b') in 0.004 seconds [static and dynamic dependencies]. Details - ImportResultOutputID=b224675437257436b0a25073dc3e793a DependenciesID=0f81dda886cb6f77085ee0f893efeba4 StaticDependenciesID=e3a5ff1d276db4f1cfb899cb513d7539 
Number of updated asset objects reloaded before import = 0
Number of asset objects unloaded after import = 0
========================================================================
Received Import Request.
  Time of request: 2026-09-20T00:01:45.9181293Z
  Time since last request: 0.0005402 seconds.
  importAddress: GUID: 3c4ccfb0896bcf44da13e152b267aa49 - Path: Packages/com.unity.test-framework/UnityEditor.TestRunner/TestLaunchers/Helpers/PrebuildSetupAttributeFinder.cs - Importer: ScriptedImporter/UnityEditor.QuickSearchModule:UnityEditor.Search:ASIAI0B
Importing 'GUID: 3c4ccfb0896bcf44da13e152b267aa49 - Path: Packages/com.unity.test-framework/UnityEditor.TestRunner/TestLaunchers/Helpers/PrebuildSetupAttributeFinder.cs - Importer: ScriptedImporter/UnityEditor.QuickSearchModule:UnityEditor.Search:ASIAI0B' with importer (ScriptedImporter : UnityEditor.QuickSearchModule:UnityEditor.Search:ASIAI0B)
Imported 'GUID: 3c4ccfb0896bcf44da13e152b267aa49' -> (Import Result ID: '683ae78ce4824db54dabf3638e39bbd8') in 0.005 seconds [static and dynamic dependencies]. Details - ImportResultOutputID=1bb2546a57eb6700d6f7671aaf826ea7 DependenciesID=5611cdf0d6879b42eaef421e4db146e1 StaticDependenciesID=91ed79b4e56e171f8fa898e44502de47 
Number of updated asset objects reloaded before import = 0
Number of asset objects unloaded after import = 0
========================================================================
Received Import Request.
  Time of request: 2026-09-20T00:01:45.9240184Z
  Time since last request: 0.000879 seconds.
  importAddress: GUID: e7f72702c2f04b999739380ef9c0de5f - Path: Packages/com.unity.test-framework/UnityEditor.TestRunner/GUI/TestAssets/ITestScriptAssetsCreator.cs - Importer: ScriptedImporter/UnityEditor.QuickSearchModule:UnityEditor.Search:ASIAI0B
Importing 'GUID: e7f72702c2f04b999739380ef9c0de5f - Path: Packages/com.unity.test-framework/UnityEditor.TestRunner/GUI/TestAssets/ITestScriptAssetsCreator.cs - Importer: ScriptedImporter/UnityEditor.QuickSearchModule:UnityEditor.Search:ASIAI0B' with importer (ScriptedImporter : UnityEditor.QuickSearchModule:UnityEditor.Search:ASIAI0B)
Imported 'GUID: e7f72702c2f04b999739380ef9c0de5f' -> (Import Result ID: '63c8e2935beab4b6c0f8f7efab98be87') in 0.010 seconds [static and dynamic dependencies]. Details - ImportResultOutputID=02b29b7068e14f74ff989c2527cacd71 DependenciesID=39a1b3c3533095f4c6cfe083c2a98f93 StaticDependenciesID=fd9cdaa09a47eb8e01e0f9ecdbbb43fd 
Number of updated asset objects reloaded before import = 0
Number of asset objects unloaded after import = 0
========================================================================
Received Import Request.
  Time of request: 2026-09-20T00:01:45.9346903Z
  Time since last request: 0.0006569 seconds.
  importAddress: GUID: 465c1d388f96ba143b216a9bbef88340 - Path: Packages/com.unity.test-framework/UnityEditor.TestRunner/TestLaunchers/PlatformSetup/GameCorePlatformSetup.cs - Importer: ScriptedImporter/UnityEditor.QuickSearchModule:UnityEditor.Search:ASIAI0B
Importing 'GUID: 465c1d388f96ba143b216a9bbef88340 - Path: Packages/com.unity.test-framework/UnityEditor.TestRunner/TestLaunchers/PlatformSetup/GameCorePlatformSetup.cs - Importer: ScriptedImporter/UnityEditor.QuickSearchModule:UnityEditor.Search:ASIAI0B' with importer (ScriptedImporter : UnityEditor.QuickSearchModule:UnityEditor.Search:ASIAI0B)
Setting up noproxy from UNITY_NOPROXY environment variable. Setting to: localhost,127.0.0.1
Imported 'GUID: 465c1d388f96ba143b216a9bbef88340' -> (Import Result ID: 'd3ad69a58be8104f1b83661d1f343c4e') in 0.004 seconds [static and dynamic dependencies]. Details - ImportResultOutputID=5a825a2a61e2ac6fcf35ab740c83c088 DependenciesID=0aaefb4a7b6375d9f00121b2fe272626 StaticDependenciesID=ed9af26f82a873a600c76d2d878de50f 
Number of updated asset objects reloaded before import = 0
Number of asset objects unloaded after import = 0
========================================================================
Received Import Request.
  Time of request: 2026-09-20T00:01:45.9398155Z
  Time since last request: 0.0005328 seconds.
  importAddress: GUID: 19bb2cdbf1454aae9b90c628fb83ad9b - Path: Packages/com.unity.test-framework/UnityEditor.TestRunner/TestRun/Data/RunProgress.cs - Importer: ScriptedImporter/UnityEditor.QuickSearchModule:UnityEditor.Search:ASIAI0B
Importing 'GUID: 19bb2cdbf1454aae9b90c628fb83ad9b - Path: Packages/com.unity.test-framework/UnityEditor.TestRunner/TestRun/Data/RunProgress.cs - Importer: ScriptedImporter/UnityEditor.QuickSearchModule:UnityEditor.Search:ASIAI0B' with importer (ScriptedImporter : UnityEditor.QuickSearchModule:UnityEditor.Search:ASIAI0B)
Imported 'GUID: 19bb2cdbf1454aae9b90c628fb83ad9b' -> (Import Result ID: '07d7e1b7014872c2bdaee5ffd8a9922b') in 0.006 seconds [static and dynamic dependencies]. Details - ImportResultOutputID=2935b3e988e38fed60863c6ef9a6037c DependenciesID=b3ebf662db18d2f0dd9f398ad49213a8 StaticDependenciesID=243ab2950ea9e0e858954306c6592dfc 
Number of updated asset objects reloaded before import = 0
Number of asset objects unloaded after import = 0
========================================================================
Received Import Request.
  Time of request: 2026-09-20T00:01:45.9464314Z
  Time since last request: 0.0007695 seconds.
  importAddress: GUID: f6c189a159d3bde4c964cee562e508ea - Path: Packages/com.unity.test-framework/UnityEditor.TestRunner/TestLaunchers/PlatformSetup/ApplePlatformSetup.cs - Importer: ScriptedImporter/UnityEditor.QuickSearchModule:UnityEditor.Search:ASIAI0B
Importing 'GUID: f6c189a159d3bde4c964cee562e508ea - Path: Packages/com.unity.test-framework/UnityEditor.TestRunner/TestLaunchers/PlatformSetup/ApplePlatformSetup.cs - Importer: ScriptedImporter/UnityEditor.QuickSearchModule:UnityEditor.Search:ASIAI0B' with importer (ScriptedImporter : UnityEditor.QuickSearchModule:UnityEditor.Search:ASIAI0B)
Imported 'GUID: f6c189a159d3bde4c964cee562e508ea' -> (Import Result ID: 'd706fc14fe4c15b107fc1b7e8234c772') in 0.005 seconds [static and dynamic dependencies]. Details - ImportResultOutputID=9880a09a5711c58c0720665510f6e5e4 DependenciesID=81c23148dacd02f7bf07060d424756c0 StaticDependenciesID=0a6664d6aff551e86fc0e508c11923f8 
Number of updated asset objects reloaded before import = 0
Number of asset objects unloaded after import = 0
========================================================================
Received Import Request.
  Time of request: 2026-09-20T00:01:45.9526251Z
  Time since last request: 0.0005806 seconds.
  importAddress: GUID: 667c6ad86a0b7a548aaa5c287f2c2861 - Path: Packages/com.unity.test-framework/UnityEditor.TestRunner/TestLaunchers/PlatformSetup/UwpPlatformSetup.cs - Importer: ScriptedImporter/UnityEditor.QuickSearchModule:UnityEditor.Search:ASIAI0B
Importing 'GUID: 667c6ad86a0b7a548aaa5c287f2c2861 - Path: Packages/com.unity.test-framework/UnityEditor.TestRunner/TestLaunchers/PlatformSetup/UwpPlatformSetup.cs - Importer: ScriptedImporter/UnityEditor.QuickSearchModule:UnityEditor.Search:ASIAI0B' with importer (ScriptedImporter : UnityEditor.QuickSearchModule:UnityEditor.Search:ASIAI0B)
Imported 'GUID: 667c6ad86a0b7a548aaa5c287f2c2861' -> (Import Result ID: 'cbb6cc99004f870236eebb73fd557fd2') in 0.004 seconds [static and dynamic dependencies]. Details - ImportResultOutputID=f8a68101d51b7d0b9efb05f0664fc032 DependenciesID=645938a71c7ca62fd418163732bec932 StaticDependenciesID=cfb5afcb2e4b7be086051668d34792ba 
Number of updated asset objects reloaded before import = 0
Number of asset objects unloaded after import = 0
========================================================================
Received Import Request.
  Time of request: 2026-09-20T00:01:45.9569534Z
  Time since last request: 0.0004899 seconds.
  importAddress: GUID: 6cccd50ebf7384242bda4d7bcb282ebf - Path: Packages/com.unity.test-framework/UnityEditor.TestRunner/TestLaunchers/PlatformSetup/PlatformSpecificSetup.cs - Importer: ScriptedImporter/UnityEditor.QuickSearchModule:UnityEditor.Search:ASIAI0B
Importing 'GUID: 6cccd50ebf7384242bda4d7bcb282ebf - Path: Packages/com.unity.test-framework/UnityEditor.TestRunner/TestLaunchers/PlatformSetup/PlatformSpecificSetup.cs - Importer: ScriptedImporter/UnityEditor.QuickSearchModule:UnityEditor.Search:ASIAI0B' with importer (ScriptedImporter : UnityEditor.QuickSearchModule:UnityEditor.Search:ASIAI0B)
Imported 'GUID: 6cccd50ebf7384242bda4d7bcb282ebf' -> (Import Result ID: '21570d3223c995c9fec0b9c786600949') in 0.004 seconds [static and dynamic dependencies]. Details - ImportResultOutputID=8a704843deb073c21b74bf09b59955cc DependenciesID=58f926a396c12fb04b912b5cef39263f StaticDependenciesID=f4d7d9fe8f8e77063bb14af1f66ec561 
Number of updated asset objects reloaded before import = 0
Number of asset objects unloaded after import = 0
========================================================================
Received Import Request.
  Time of request: 2026-09-20T00:01:45.9619613Z
  Time since last request: 0.0007041 seconds.
  importAddress: GUID: b4246555189b5ee43b4857220f9fd29b - Path: Packages/com.unity.test-framework/UnityEditor.TestRunner/TestRun/Tasks/EditModeRunTask.cs - Importer: ScriptedImporter/UnityEditor.QuickSearchModule:UnityEditor.Search:ASIAI0B
Importing 'GUID: b4246555189b5ee43b4857220f9fd29b - Path: Packages/com.unity.test-framework/UnityEditor.TestRunner/TestRun/Tasks/EditModeRunTask.cs - Importer: ScriptedImporter/UnityEditor.QuickSearchModule:UnityEditor.Search:ASIAI0B' with importer (ScriptedImporter : UnityEditor.QuickSearchModule:UnityEditor.Search:ASIAI0B)
Imported 'GUID: b4246555189b5ee43b4857220f9fd29b' -> (Import Result ID: '28276326212ad5479f6e1d48158f2113') in 0.005 seconds [static and dynamic dependencies]. Details - ImportResultOutputID=2aca8cae8a53c459df59f4b2aab6caab DependenciesID=ded205923131f9093c15b720ce272747 StaticDependenciesID=898101cd5a11b2cedae299c7336b3273 
Number of updated asset objects reloaded before import = 0
Number of asset objects unloaded after import = 0
========================================================================
Received Import Request.
  Time of request: 2026-09-20T00:01:45.9675609Z
  Time since last request: 0.0005073 seconds.
  importAddress: GUID: 3c702cb84a2a4576bf275a76bc17f8e8 - Path: Packages/com.unity.test-framework/UnityEditor.TestRunner/GUI/TestAssets/TestScriptAssetMenuItems.cs - Importer: ScriptedImporter/UnityEditor.QuickSearchModule:UnityEditor.Search:ASIAI0B
Importing 'GUID: 3c702cb84a2a4576bf275a76bc17f8e8 - Path: Packages/com.unity.test-framework/UnityEditor.TestRunner/GUI/TestAssets/TestScriptAssetMenuItems.cs - Importer: ScriptedImporter/UnityEditor.QuickSearchModule:UnityEditor.Search:ASIAI0B' with importer (ScriptedImporter : UnityEditor.QuickSearchModule:UnityEditor.Search:ASIAI0B)
Imported 'GUID: 3c702cb84a2a4576bf275a76bc17f8e8' -> (Import Result ID: '64c35bb2db8b1848ab56fee836764cfe') in 0.004 seconds [static and dynamic dependencies]. Details - ImportResultOutputID=fd602d7312af382e9a9ce655573ca99f DependenciesID=4c209d6d8fb202304f685ae25de9e278 StaticDependenciesID=a8d3b8b3420fd576ed690b971f4e909f 
Number of updated asset objects reloaded before import = 0
Number of asset objects unloaded after import = 0
========================================================================
Received Import Request.
  Time of request: 2026-09-20T00:01:45.9719913Z
  Time since last request: 0.0006044 seconds.
  importAddress: GUID: 5842bd968af34a328bb5a3f3c78db54a - Path: Packages/com.unity.test-framework/UnityEditor.TestRunner/TestRun/Tasks/ExitPlayModeTask.cs - Importer: ScriptedImporter/UnityEditor.QuickSearchModule:UnityEditor.Search:ASIAI0B
Importing 'GUID: 5842bd968af34a328bb5a3f3c78db54a - Path: Packages/com.unity.test-framework/UnityEditor.TestRunner/TestRun/Tasks/ExitPlayModeTask.cs - Importer: ScriptedImporter/UnityEditor.QuickSearchModule:UnityEditor.Search:ASIAI0B' with importer (ScriptedImporter : UnityEditor.QuickSearchModule:UnityEditor.Search:ASIAI0B)
Imported 'GUID: 5842bd968af34a328bb5a3f3c78db54a' -> (Import Result ID: '788be4aa7f1afb366fd0709b92b24c78') in 0.003 seconds [static and dynamic dependencies]. Details - ImportResultOutputID=3fd31d0de310b1b0d17879d19cf97291 DependenciesID=756621ebeefd1866de5e4465816598f4 StaticDependenciesID=cc64b336cdf2785045c5bd91c0956316 
Number of updated asset objects reloaded before import = 0
Number of asset objects unloaded after import = 0
========================================================================
Received Import Request.
  Time of request: 2026-09-20T00:01:45.976073Z
  Time since last request: 0.000483 seconds.
  importAddress: GUID: 822fa0a65be2467b95721422157c93f0 - Path: Packages/com.unity.test-framework/UnityEditor.TestRunner/TestRun/Tasks/CleanupTestControllerTask.cs - Importer: ScriptedImporter/UnityEditor.QuickSearchModule:UnityEditor.Search:ASIAI0B
Importing 'GUID: 822fa0a65be2467b95721422157c93f0 - Path: Packages/com.unity.test-framework/UnityEditor.TestRunner/TestRun/Tasks/CleanupTestControllerTask.cs - Importer: ScriptedImporter/UnityEditor.QuickSearchModule:UnityEditor.Search:ASIAI0B' with importer (ScriptedImporter : UnityEditor.QuickSearchModule:UnityEditor.Search:ASIAI0B)
Imported 'GUID: 822fa0a65be2467b95721422157c93f0' -> (Import Result ID: '6ba6c97c6e05a68e893898aaaec59c5a') in 0.003 seconds [static and dynamic dependencies]. Details - ImportResultOutputID=d70fdfd1bda442c28297a5d3dcc50a16 DependenciesID=8f925ed1da700c1edf88ffe068cc989b StaticDependenciesID=61484eb62746b058e62448155e0008a1 
Number of updated asset objects reloaded before import = 0
Number of asset objects unloaded after import = 0
========================================================================
Received Import Request.
  Time of request: 2026-09-20T00:01:45.979858Z
  Time since last request: 0.0005191 seconds.
  importAddress: GUID: c2441d353f9c42a44af6e224e4901b52 - Path: Packages/com.unity.test-framework/UnityEditor.TestRunner/TestRun/Tasks/BuildActionTaskBase.cs - Importer: ScriptedImporter/UnityEditor.QuickSearchModule:UnityEditor.Search:ASIAI0B
Importing 'GUID: c2441d353f9c42a44af6e224e4901b52 - Path: Packages/com.unity.test-framework/UnityEditor.TestRunner/TestRun/Tasks/BuildActionTaskBase.cs - Importer: ScriptedImporter/UnityEditor.QuickSearchModule:UnityEditor.Search:ASIAI0B' with importer (ScriptedImporter : UnityEditor.QuickSearchModule:UnityEditor.Search:ASIAI0B)
Imported 'GUID: c2441d353f9c42a44af6e224e4901b52' -> (Import Result ID: '629fb6e41022d7dcbf6eba80a0227176') in 0.003 seconds [static and dynamic dependencies]. Details - ImportResultOutputID=ae8b4f0cec78fe7b9ea6aa42636bee54 DependenciesID=fcff2fc682359316eb9ae0bbb99155e2 StaticDependenciesID=e20b767334c9bb1bf4519a6c24d12f5a 
Number of updated asset objects reloaded before import = 0
Number of asset objects unloaded after import = 0
========================================================================
Received Import Request.
  Time of request: 2026-09-20T00:01:45.9840953Z
  Time since last request: 0.0006945 seconds.
  importAddress: GUID: 5d4de3d4682a8d641907cc75e4fb950e - Path: Packages/com.unity.test-framework/UnityEditor.TestRunner/TestLaunchers/Helpers/AttributeFinderBase.cs - Importer: ScriptedImporter/UnityEditor.QuickSearchModule:UnityEditor.Search:ASIAI0B
Importing 'GUID: 5d4de3d4682a8d641907cc75e4fb950e - Path: Packages/com.unity.test-framework/UnityEditor.TestRunner/TestLaunchers/Helpers/AttributeFinderBase.cs - Importer: ScriptedImporter/UnityEditor.QuickSearchModule:UnityEditor.Search:ASIAI0B' with importer (ScriptedImporter : UnityEditor.QuickSearchModule:UnityEditor.Search:ASIAI0B)
Imported 'GUID: 5d4de3d4682a8d641907cc75e4fb950e' -> (Import Result ID: '9cfa1de67b769cb3a3e021cd4d606a88') in 0.003 seconds [static and dynamic dependencies]. Details - ImportResultOutputID=c84648447e87c0a8b5483e5396994486 DependenciesID=57bf654c08b2aae9f213f163f687bd69 StaticDependenciesID=6c9f095e7da228f2e3334b9b36914780 
Number of updated asset objects reloaded before import = 0
Number of asset objects unloaded after import = 0
========================================================================
Received Import Request.
  Time of request: 2026-09-20T00:01:45.9884118Z
  Time since last request: 0.0005961 seconds.
  importAddress: GUID: 80ac8f5b2a7fa904dbc80111be88c8be - Path: Packages/com.unity.test-framework/UnityEditor.TestRunner/TestRun/Data/TestJobData.cs - Importer: ScriptedImporter/UnityEditor.QuickSearchModule:UnityEditor.Search:ASIAI0B
Importing 'GUID: 80ac8f5b2a7fa904dbc80111be88c8be - Path: Packages/com.unity.test-framework/UnityEditor.TestRunner/TestRun/Data/TestJobData.cs - Importer: ScriptedImporter/UnityEditor.QuickSearchModule:UnityEditor.Search:ASIAI0B' with importer (ScriptedImporter : UnityEditor.QuickSearchModule:UnityEditor.Search:ASIAI0B)
Imported 'GUID: 80ac8f5b2a7fa904dbc80111be88c8be' -> (Import Result ID: '66388ab3e8fe6d0fba1f302ecd4a3b35') in 0.004 seconds [static and dynamic dependencies]. Details - ImportResultOutputID=97645060b5404ef8ab1d03824d47eeb1 DependenciesID=6970bad654cb0ae06079ee86a24f879a StaticDependenciesID=4e792fb0fe52771b43d4b4ce1c055f7a 
Number of updated asset objects reloaded before import = 0
Number of asset objects unloaded after import = 0
========================================================================
Received Import Request.
  Time of request: 2026-09-20T00:01:45.9927661Z
  Time since last request: 0.0006223 seconds.
  importAddress: GUID: 83d2df796f82ab847a190a706f00d6eb - Path: Packages/com.unity.test-framework/UnityEditor.TestRunner/TestRun/Tasks/InitializeTestProgressTask.cs - Importer: ScriptedImporter/UnityEditor.QuickSearchModule:UnityEditor.Search:ASIAI0B
Importing 'GUID: 83d2df796f82ab847a190a706f00d6eb - Path: Packages/com.unity.test-framework/UnityEditor.TestRunner/TestRun/Tasks/InitializeTestProgressTask.cs - Importer: ScriptedImporter/UnityEditor.QuickSearchModule:UnityEditor.Search:ASIAI0B' with importer (ScriptedImporter : UnityEditor.QuickSearchModule:UnityEditor.Search:ASIAI0B)
Imported 'GUID: 83d2df796f82ab847a190a706f00d6eb' -> (Import Result ID: '9df035131969fd3d4129e87498bc0abb') in 0.006 seconds [static and dynamic dependencies]. Details - ImportResultOutputID=46f7bedd9b32e76f25c22c155a3ff754 DependenciesID=558414df1fc8aaa50e7cd93275ab3fc4 StaticDependenciesID=0dcf1f7f92682041ab94fe64c47dbe8d 
Number of updated asset objects reloaded before import = 0
Number of asset objects unloaded after import = 0
========================================================================
Received Import Request.
  Time of request: 2026-09-20T00:01:46.0002538Z
  Time since last request: 0.0008776 seconds.
  importAddress: GUID: e5f4a89476c1448abc7e0a9719b13b36 - Path: Packages/com.unity.test-framework/UnityEditor.TestRunner/GUI/TestAssets/IFolderPathTestCompilationContextProvider.cs - Importer: ScriptedImporter/UnityEditor.QuickSearchModule:UnityEditor.Search:ASIAI0B
Importing 'GUID: e5f4a89476c1448abc7e0a9719b13b36 - Path: Packages/com.unity.test-framework/UnityEditor.TestRunner/GUI/TestAssets/IFolderPathTestCompilationContextProvider.cs - Importer: ScriptedImporter/UnityEditor.QuickSearchModule:UnityEditor.Search:ASIAI0B' with importer (ScriptedImporter : UnityEditor.QuickSearchModule:UnityEditor.Search:ASIAI0B)
Setting up noproxy from UNITY_NOPROXY environment variable. Setting to: localhost,127.0.0.1
Imported 'GUID: e5f4a89476c1448abc7e0a9719b13b36' -> (Import Result ID: '3818d46c0e780aa977a9b938f9f46eae') in 0.005 seconds [static and dynamic dependencies]. Details - ImportResultOutputID=0d137081cb7f70cad213f11a87686f7a DependenciesID=373c6bfaee3dc506315bbe959b9c2ea4 StaticDependenciesID=58fe46f09a28e8eed4b7869f1c2c7b3d 
Number of updated asset objects reloaded before import = 0
Number of asset objects unloaded after import = 0
========================================================================
Received Import Request.
  Time of request: 2026-09-20T00:01:46.0067298Z
  Time since last request: 0.0007214 seconds.
  importAddress: GUID: 4400cdda235b4ea48b9078953ffc8e89 - Path: Packages/com.unity.test-framework/UnityEditor.TestRunner/TestRun/Tasks/CreateBootstrapSceneTask.cs - Importer: ScriptedImporter/UnityEditor.QuickSearchModule:UnityEditor.Search:ASIAI0B
Importing 'GUID: 4400cdda235b4ea48b9078953ffc8e89 - Path: Packages/com.unity.test-framework/UnityEditor.TestRunner/TestRun/Tasks/CreateBootstrapSceneTask.cs - Importer: ScriptedImporter/UnityEditor.QuickSearchModule:UnityEditor.Search:ASIAI0B' with importer (ScriptedImporter : UnityEditor.QuickSearchModule:UnityEditor.Search:ASIAI0B)
Imported 'GUID: 4400cdda235b4ea48b9078953ffc8e89' -> (Import Result ID: '592bd0595f3c823f469e7d4f94b8e9d4') in 0.004 seconds [static and dynamic dependencies]. Details - ImportResultOutputID=8d1da75ca4711a7199ec14085ac19b6f DependenciesID=06eb9086eaae3bdd1a4bf319d32a9556 StaticDependenciesID=d20d35ee04f8d29100a83b58fb26e000 
Number of updated asset objects reloaded before import = 0
Number of asset objects unloaded after import = 0
========================================================================
Received Import Request.
  Time of request: 2026-09-20T00:01:46.011588Z
  Time since last request: 0.0007591 seconds.
  importAddress: GUID: 13b82b28a28254683a40756c27493b61 - Path: Packages/com.unity.test-framework/UnityEditor.TestRunner/TestLaunchers/Helpers/PostbuildCleanupWithJobDataAttributeFinder.cs - Importer: ScriptedImporter/UnityEditor.QuickSearchModule:UnityEditor.Search:ASIAI0B
Importing 'GUID: 13b82b28a28254683a40756c27493b61 - Path: Packages/com.unity.test-framework/UnityEditor.TestRunner/TestLaunchers/Helpers/PostbuildCleanupWithJobDataAttributeFinder.cs - Importer: ScriptedImporter/UnityEditor.QuickSearchModule:UnityEditor.Search:ASIAI0B' with importer (ScriptedImporter : UnityEditor.QuickSearchModule:UnityEditor.Search:ASIAI0B)
Imported 'GUID: 13b82b28a28254683a40756c27493b61' -> (Import Result ID: 'a370d2297d8efdb8d491c423434e9ec0') in 0.006 seconds [static and dynamic dependencies]. Details - ImportResultOutputID=b7ff52ee1e64298266fa55c2b20b7127 DependenciesID=1a8936e08717fa508799835dc7d289d7 StaticDependenciesID=d2cdf3e27a81708b887779c633ce6132 
Number of updated asset objects reloaded before import = 0
Number of asset objects unloaded after import = 0
========================================================================
Received Import Request.
  Time of request: 2026-09-20T00:01:46.0182443Z
  Time since last request: 0.0007389 seconds.
  importAddress: GUID: 1a9f3fcee3bd2334593373b00d7b5ca2 - Path: Packages/com.unity.test-framework/UnityEditor.TestRunner/TestRun/Tasks/EnableTestOutLoggerTask.cs - Importer: ScriptedImporter/UnityEditor.QuickSearchModule:UnityEditor.Search:ASIAI0B
Importing 'GUID: 1a9f3fcee3bd2334593373b00d7b5ca2 - Path: Packages/com.unity.test-framework/UnityEditor.TestRunner/TestRun/Tasks/EnableTestOutLoggerTask.cs - Importer: ScriptedImporter/UnityEditor.QuickSearchModule:UnityEditor.Search:ASIAI0B' with importer (ScriptedImporter : UnityEditor.QuickSearchModule:UnityEditor.Search:ASIAI0B)
Imported 'GUID: 1a9f3fcee3bd2334593373b00d7b5ca2' -> (Import Result ID: '9698bff1442dcdc7590071ad12352f88') in 0.005 seconds [static and dynamic dependencies]. Details - ImportResultOutputID=d9247bbaa3a229fefd20c77531b4afcf DependenciesID=6a8b7ceb3493c550e8832d6d8e016516 StaticDependenciesID=9dde109feb5e1ebb8104541c7a5b683e 
Number of updated asset objects reloaded before import = 0
Number of asset objects unloaded after import = 0
========================================================================
Received Import Request.
  Time of request: 2026-09-20T00:01:46.024239Z
  Time since last request: 0.0007684 seconds.
  importAddress: GUID: fa19b42bd3dc35e40a618448bd330270 - Path: Packages/com.unity.test-framework/UnityEditor.TestRunner/TestLaunchers/PlatformSetup/StadiaPlatformSetup.cs - Importer: ScriptedImporter/UnityEditor.QuickSearchModule:UnityEditor.Search:ASIAI0B
Importing 'GUID: fa19b42bd3dc35e40a618448bd330270 - Path: Packages/com.unity.test-framework/UnityEditor.TestRunner/TestLaunchers/PlatformSetup/StadiaPlatformSetup.cs - Importer: ScriptedImporter/UnityEditor.QuickSearchModule:UnityEditor.Search:ASIAI0B' with importer (ScriptedImporter : UnityEditor.QuickSearchModule:UnityEditor.Search:ASIAI0B)
Imported 'GUID: fa19b42bd3dc35e40a618448bd330270' -> (Import Result ID: '3bc6657ceb66ac835f1ccdfe64999f26') in 0.004 seconds [static and dynamic dependencies]. Details - ImportResultOutputID=3e113ac3c879b85861d752236f118ce2 DependenciesID=ca89f69161a7e927f2a3c95762fc4f87 StaticDependenciesID=18cd2fcc2f66d1e363963e9ec82586db 
Number of updated asset objects reloaded before import = 0
Number of asset objects unloaded after import = 0
========================================================================
Received Import Request.
  Time of request: 2026-09-20T00:01:46.0294962Z
  Time since last request: 0.0006406 seconds.
  importAddress: GUID: 2a0bd678385f98e4d8eabdfc07d62b4f - Path: Packages/com.unity.test-framework/UnityEditor.TestRunner/TestLaunchers/Helpers/PlayerLauncherBuildOptions.cs - Importer: ScriptedImporter/UnityEditor.QuickSearchModule:UnityEditor.Search:ASIAI0B
Importing 'GUID: 2a0bd678385f98e4d8eabdfc07d62b4f - Path: Packages/com.unity.test-framework/UnityEditor.TestRunner/TestLaunchers/Helpers/PlayerLauncherBuildOptions.cs - Importer: ScriptedImporter/UnityEditor.QuickSearchModule:UnityEditor.Search:ASIAI0B' with importer (ScriptedImporter : UnityEditor.QuickSearchModule:UnityEditor.Search:ASIAI0B)
Imported 'GUID: 2a0bd678385f98e4d8eabdfc07d62b4f' -> (Import Result ID: '19d06f08beb0844ea90911937972b76f') in 0.005 seconds [static and dynamic dependencies]. Details - ImportResultOutputID=155f098e9d0abd120e1d4fd34cff934c DependenciesID=846172f23204fb16bb418ec7c226592b StaticDependenciesID=ebbd20659969686aac10e752c89b50e3 
Number of updated asset objects reloaded before import = 0
Number of asset objects unloaded after import = 0
========================================================================
Received Import Request.
  Time of request: 2026-09-20T00:01:46.0366198Z
  Time since last request: 0.0012132 seconds.
  importAddress: GUID: 409ee14a63784dc0ab5d002081211814 - Path: Packages/com.unity.test-framework/UnityEditor.TestRunner/GUI/TestAssets/IActiveFolderTemplateAssetCreator.cs - Importer: ScriptedImporter/UnityEditor.QuickSearchModule:UnityEditor.Search:ASIAI0B
Importing 'GUID: 409ee14a63784dc0ab5d002081211814 - Path: Packages/com.unity.test-framework/UnityEditor.TestRunner/GUI/TestAssets/IActiveFolderTemplateAssetCreator.cs - Importer: ScriptedImporter/UnityEditor.QuickSearchModule:UnityEditor.Search:ASIAI0B' with importer (ScriptedImporter : UnityEditor.QuickSearchModule:UnityEditor.Search:ASIAI0B)
Imported 'GUID: 409ee14a63784dc0ab5d002081211814' -> (Import Result ID: 'f972e0cb4121b8e2c7f1876a83dc54de') in 0.005 seconds [static and dynamic dependencies]. Details - ImportResultOutputID=26e090ecbb006356447e3a4e5772de93 DependenciesID=7c73bd67ca78196ca977c610b85efbb1 StaticDependenciesID=b6a5f0ee987cf538595336d8d178232a 
Number of updated asset objects reloaded before import = 0
Number of asset objects unloaded after import = 0
========================================================================
Received Import Request.
  Time of request: 2026-09-20T00:01:46.0425561Z
  Time since last request: 0.0006309 seconds.
  importAddress: GUID: ce567ddbf30368344bc7b80e20cac36e - Path: Packages/com.unity.test-framework/UnityEditor.TestRunner/GUI/TestListTreeView/TestTreeViewItem.cs - Importer: ScriptedImporter/UnityEditor.QuickSearchModule:UnityEditor.Search:ASIAI0B
Importing 'GUID: ce567ddbf30368344bc7b80e20cac36e - Path: Packages/com.unity.test-framework/UnityEditor.TestRunner/GUI/TestListTreeView/TestTreeViewItem.cs - Importer: ScriptedImporter/UnityEditor.QuickSearchModule:UnityEditor.Search:ASIAI0B' with importer (ScriptedImporter : UnityEditor.QuickSearchModule:UnityEditor.Search:ASIAI0B)
Imported 'GUID: ce567ddbf30368344bc7b80e20cac36e' -> (Import Result ID: 'fedb5a8023b59decfa8ad47985940d71') in 0.004 seconds [static and dynamic dependencies]. Details - ImportResultOutputID=6b51de272efe112a36ee62707f68ea09 DependenciesID=be85912f6d287bf05b0254f54ccbf869 StaticDependenciesID=f694ef34eefbe8a03eae69f1e92a59be 
Number of updated asset objects reloaded before import = 0
Number of asset objects unloaded after import = 0
========================================================================
Received Import Request.
  Time of request: 2026-09-20T00:01:46.0482006Z
  Time since last request: 0.0008857 seconds.
  importAddress: GUID: 27769e9b00b038d47aefe306a4d20bec - Path: Packages/com.unity.test-framework/UnityEditor.TestRunner/GUI/TestListTreeView/Icons.cs - Importer: ScriptedImporter/UnityEditor.QuickSearchModule:UnityEditor.Search:ASIAI0B
Importing 'GUID: 27769e9b00b038d47aefe306a4d20bec - Path: Packages/com.unity.test-framework/UnityEditor.TestRunner/GUI/TestListTreeView/Icons.cs - Importer: ScriptedImporter/UnityEditor.QuickSearchModule:UnityEditor.Search:ASIAI0B' with importer (ScriptedImporter : UnityEditor.QuickSearchModule:UnityEditor.Search:ASIAI0B)
Imported 'GUID: 27769e9b00b038d47aefe306a4d20bec' -> (Import Result ID: 'f5ae504a323f1e032967cc9556df7016') in 0.005 seconds [static and dynamic dependencies]. Details - ImportResultOutputID=7cec83428c9955f76b04103716efa667 DependenciesID=61b1322b0f19069eaccab89c85282f2c StaticDependenciesID=20105e11eb6f71af5dc4d315cf251ec9 
Number of updated asset objects reloaded before import = 0
Number of asset objects unloaded after import = 0
========================================================================
Received Import Request.
  Time of request: 2026-09-20T00:01:46.0544626Z
  Time since last request: 0.0006466 seconds.
  importAddress: GUID: 9d614808f9add8a4f8e4860db2c7af0d - Path: Packages/com.unity.test-framework/UnityEditor.TestRunner/TestLaunchers/PlatformSetup/IPlatformSetup.cs - Importer: ScriptedImporter/UnityEditor.QuickSearchModule:UnityEditor.Search:ASIAI0B
Importing 'GUID: 9d614808f9add8a4f8e4860db2c7af0d - Path: Packages/com.unity.test-framework/UnityEditor.TestRunner/TestLaunchers/PlatformSetup/IPlatformSetup.cs - Importer: ScriptedImporter/UnityEditor.QuickSearchModule:UnityEditor.Search:ASIAI0B' with importer (ScriptedImporter : UnityEditor.QuickSearchModule:UnityEditor.Search:ASIAI0B)
Imported 'GUID: 9d614808f9add8a4f8e4860db2c7af0d' -> (Import Result ID: 'adf3f3432a442aa4567b1dc085e2a625') in 0.006 seconds [static and dynamic dependencies]. Details - ImportResultOutputID=38bb092a7d22bb7c157505adc618b74a DependenciesID=0da1eb53d11aa2e165e4ebbb6414153a StaticDependenciesID=7e2bf44012a165d76bf219d34427776a 
Number of updated asset objects reloaded before import = 0
Number of asset objects unloaded after import = 0
========================================================================
Received Import Request.
  Time of request: 2026-09-20T00:01:46.0611094Z
  Time since last request: 0.000721 seconds.
  importAddress: GUID: 6465fa5b49fc4c739059189aca21f391 - Path: Packages/com.unity.test-framework/UnityEditor.TestRunner/TestRun/Tasks/DeleteBootstrapSceneTask.cs - Importer: ScriptedImporter/UnityEditor.QuickSearchModule:UnityEditor.Search:ASIAI0B
Importing 'GUID: 6465fa5b49fc4c739059189aca21f391 - Path: Packages/com.unity.test-framework/UnityEditor.TestRunner/TestRun/Tasks/DeleteBootstrapSceneTask.cs - Importer: ScriptedImporter/UnityEditor.QuickSearchModule:UnityEditor.Search:ASIAI0B' with importer (ScriptedImporter : UnityEditor.QuickSearchModule:UnityEditor.Search:ASIAI0B)
Imported 'GUID: 6465fa5b49fc4c739059189aca21f391' -> (Import Result ID: 'ec967779ec5eb4058e6aebb20f2efa72') in 0.004 seconds [static and dynamic dependencies]. Details - ImportResultOutputID=6dd328d57f6cd21d2fc274fbf742ba81 DependenciesID=6d0b2f6e68e4d1ff6a7ce1c4e0655e47 StaticDependenciesID=68cb69c4685b31c9a0c0514cd5b8bd31 
Number of updated asset objects reloaded before import = 0
Number of asset objects unloaded after import = 0
========================================================================
Received Import Request.
  Time of request: 2026-09-20T00:01:46.0666201Z
  Time since last request: 0.0009692 seconds.
  importAddress: GUID: 93eb6389f4fb6924987867ce0bc339ee - Path: Packages/com.unity.test-framework/UnityEditor.TestRunner/TestRun/Tasks/CleanupVerificationTask.cs - Importer: ScriptedImporter/UnityEditor.QuickSearchModule:UnityEditor.Search:ASIAI0B
Importing 'GUID: 93eb6389f4fb6924987867ce0bc339ee - Path: Packages/com.unity.test-framework/UnityEditor.TestRunner/TestRun/Tasks/CleanupVerificationTask.cs - Importer: ScriptedImporter/UnityEditor.QuickSearchModule:UnityEditor.Search:ASIAI0B' with importer (ScriptedImporter : UnityEditor.QuickSearchModule:UnityEditor.Search:ASIAI0B)
Setting up noproxy from UNITY_NOPROXY environment variable. Setting to: localhost,127.0.0.1
Imported 'GUID: 93eb6389f4fb6924987867ce0bc339ee' -> (Import Result ID: 'e2e77c1cb588b76c4ee267a6d8e36e62') in 0.006 seconds [static and dynamic dependencies]. Details - ImportResultOutputID=c6cc08e5eb6b32a3708ebae9d06be55b DependenciesID=69e4307d27a7454187511bd465ef0f1b StaticDependenciesID=91493ec60df8a7687e278b179ffb4e2b 
Number of updated asset objects reloaded before import = 0
Number of asset objects unloaded after import = 0
========================================================================
Received Import Request.
  Time of request: 2026-09-20T00:01:46.0734075Z
  Time since last request: 0.0007189 seconds.
  importAddress: GUID: b93fe5bbea454ae438fcec241c5fa85b - Path: Packages/com.unity.test-framework/UnityEditor.TestRunner/TestRun/Tasks/LegacyPlayerRunTask.cs - Importer: ScriptedImporter/UnityEditor.QuickSearchModule:UnityEditor.Search:ASIAI0B
Importing 'GUID: b93fe5bbea454ae438fcec241c5fa85b - Path: Packages/com.unity.test-framework/UnityEditor.TestRunner/TestRun/Tasks/LegacyPlayerRunTask.cs - Importer: ScriptedImporter/UnityEditor.QuickSearchModule:UnityEditor.Search:ASIAI0B' with importer (ScriptedImporter : UnityEditor.QuickSearchModule:UnityEditor.Search:ASIAI0B)
Imported 'GUID: b93fe5bbea454ae438fcec241c5fa85b' -> (Import Result ID: '6649e02b3cf3dce835302d007a90e206') in 0.005 seconds [static and dynamic dependencies]. Details - ImportResultOutputID=662b73df54db4601cb8260e2b8d13190 DependenciesID=ede9f53ef46e211ecc86f3bb60d24bb5 StaticDependenciesID=f9e9a1e9b6315a756538319a745a217a 
Number of updated asset objects reloaded before import = 0
Number of asset objects unloaded after import = 0
========================================================================
Received Import Request.
  Time of request: 2026-09-20T00:01:46.0793936Z
  Time since last request: 0.0007947 seconds.
  importAddress: GUID: 4769fe1e7475c8843b092338acbcad25 - Path: Packages/com.unity.test-framework/UnityEditor.TestRunner/TestRun/Tasks/PlayModeRunTask.cs - Importer: ScriptedImporter/UnityEditor.QuickSearchModule:UnityEditor.Search:ASIAI0B
Importing 'GUID: 4769fe1e7475c8843b092338acbcad25 - Path: Packages/com.unity.test-framework/UnityEditor.TestRunner/TestRun/Tasks/PlayModeRunTask.cs - Importer: ScriptedImporter/UnityEditor.QuickSearchModule:UnityEditor.Search:ASIAI0B' with importer (ScriptedImporter : UnityEditor.QuickSearchModule:UnityEditor.Search:ASIAI0B)
Imported 'GUID: 4769fe1e7475c8843b092338acbcad25' -> (Import Result ID: 'd94d988c5096f545102caa86fb23f532') in 0.005 seconds [static and dynamic dependencies]. Details - ImportResultOutputID=ee65d97de1b75f936ddf44923ffcd84c DependenciesID=eb9435774c72462cb2aaaf10f356b4e3 StaticDependenciesID=3ab426d4d367310ae2f822a905406e33 
Number of updated asset objects reloaded before import = 0
Number of asset objects unloaded after import = 0
========================================================================
Received Import Request.
  Time of request: 2026-09-20T00:01:46.0857766Z
  Time since last request: 0.0006817 seconds.
  importAddress: GUID: aa0bb8f0cb98b43a586f75ce4b79c576 - Path: Packages/com.unity.test-framework/UnityEditor.TestRunner/TestRun/Tasks/PostbuildCleanupWithTestDataTask.cs - Importer: ScriptedImporter/UnityEditor.QuickSearchModule:UnityEditor.Search:ASIAI0B
Importing 'GUID: aa0bb8f0cb98b43a586f75ce4b79c576 - Path: Packages/com.unity.test-framework/UnityEditor.TestRunner/TestRun/Tasks/PostbuildCleanupWithTestDataTask.cs - Importer: ScriptedImporter/UnityEditor.QuickSearchModule:UnityEditor.Search:ASIAI0B' with importer (ScriptedImporter : UnityEditor.QuickSearchModule:UnityEditor.Search:ASIAI0B)
Imported 'GUID: aa0bb8f0cb98b43a586f75ce4b79c576' -> (Import Result ID: '8a8727182fe13961ead2d83ccb3ec949') in 0.004 seconds [static and dynamic dependencies]. Details - ImportResultOutputID=4851b86c3b9d1e8cbc3f307662671647 DependenciesID=fb1c837c561e324f557e5a1a2d450ffa StaticDependenciesID=b58ced2ef8b41e9aded8dd923684516a 
Number of updated asset objects reloaded before import = 0
Number of asset objects unloaded after import = 0
========================================================================
Received Import Request.
  Time of request: 2026-09-20T00:01:46.0905582Z
  Time since last request: 0.0005261 seconds.
  importAddress: GUID: 759855a435cd4b22ade51836cc8b00d6 - Path: Packages/com.unity.test-framework/UnityEditor.TestRunner/TestLaunchers/Helpers/FilePathMetaInfo.cs - Importer: ScriptedImporter/UnityEditor.QuickSearchModule:UnityEditor.Search:ASIAI0B
Importing 'GUID: 759855a435cd4b22ade51836cc8b00d6 - Path: Packages/com.unity.test-framework/UnityEditor.TestRunner/TestLaunchers/Helpers/FilePathMetaInfo.cs - Importer: ScriptedImporter/UnityEditor.QuickSearchModule:UnityEditor.Search:ASIAI0B' with importer (ScriptedImporter : UnityEditor.QuickSearchModule:UnityEditor.Search:ASIAI0B)
Imported 'GUID: 759855a435cd4b22ade51836cc8b00d6' -> (Import Result ID: '71a8a4db16413c515358b841db05ef0a') in 0.004 seconds [static and dynamic dependencies]. Details - ImportResultOutputID=0ad47df3d50d0dda409217fe31119e1e DependenciesID=de58fb6ddbfca9023085d4decc1c5020 StaticDependenciesID=aed10fc9fc65a75574195d211bde1aef 
Number of updated asset objects reloaded before import = 0
Number of asset objects unloaded after import = 0
========================================================================
Received Import Request.
  Time of request: 2026-09-20T00:01:46.0952181Z
  Time since last request: 0.0005875 seconds.
  importAddress: GUID: 23383565f01f46dfa583710e5108e443 - Path: Packages/com.unity.test-framework/UnityEditor.TestRunner/TestRun/Tasks/MarkRunAsPlayModeTask.cs - Importer: ScriptedImporter/UnityEditor.QuickSearchModule:UnityEditor.Search:ASIAI0B
Importing 'GUID: 23383565f01f46dfa583710e5108e443 - Path: Packages/com.unity.test-framework/UnityEditor.TestRunner/TestRun/Tasks/MarkRunAsPlayModeTask.cs - Importer: ScriptedImporter/UnityEditor.QuickSearchModule:UnityEditor.Search:ASIAI0B' with importer (ScriptedImporter : UnityEditor.QuickSearchModule:UnityEditor.Search:ASIAI0B)
Imported 'GUID: 23383565f01f46dfa583710e5108e443' -> (Import Result ID: 'f5d73d3c5a555a7d58f3097341bec093') in 0.004 seconds [static and dynamic dependencies]. Details - ImportResultOutputID=97c6ec2345ed5a6b5816cec08fc96894 DependenciesID=3331e9ac158278e1882296b07aa9e9f1 StaticDependenciesID=3dbc73e4c22a008a555cb0bcb994db31 
Number of updated asset objects reloaded before import = 0
Number of asset objects unloaded after import = 0
========================================================================
Received Import Request.
  Time of request: 2026-09-20T00:01:46.1171383Z
  Time since last request: 0.0174684 seconds.
  importAddress: GUID: 3936a208997f4266b0b2d48aaca1e904 - Path: Packages/com.unity.test-framework/UnityEditor.TestRunner/UnityTestProtocol/Messages/ScreenSettingsMessage.cs - Importer: ScriptedImporter/UnityEditor.QuickSearchModule:UnityEditor.Search:ASIAI0B
Importing 'GUID: 3936a208997f4266b0b2d48aaca1e904 - Path: Packages/com.unity.test-framework/UnityEditor.TestRunner/UnityTestProtocol/Messages/ScreenSettingsMessage.cs - Importer: ScriptedImporter/UnityEditor.QuickSearchModule:UnityEditor.Search:ASIAI0B' with importer (ScriptedImporter : UnityEditor.QuickSearchModule:UnityEditor.Search:ASIAI0B)
Imported 'GUID: 3936a208997f4266b0b2d48aaca1e904' -> (Import Result ID: '71a0383262266a781d6a5b482f9953b3') in 0.005 seconds [static and dynamic dependencies]. Details - ImportResultOutputID=52ad3d62ad36552a2d85beac21c7c157 DependenciesID=2341d53df1d5cb6dd2b6943aaebd078f StaticDependenciesID=e3a67a3861f987e936ef2c7d8ceb04e7 
Number of updated asset objects reloaded before import = 0
Number of asset objects unloaded after import = 0
========================================================================
Received Import Request.
  Time of request: 2026-09-20T00:01:46.1233252Z
  Time since last request: 0.000809 seconds.
  importAddress: GUID: 2a616b371596515498e05300b6598c6a - Path: Packages/com.unity.test-framework/UnityEngine.TestRunner/NUnitExtensions/Attributes/UnityOneTimeTearDownAttribute.cs - Importer: ScriptedImporter/UnityEditor.QuickSearchModule:UnityEditor.Search:ASIAI0B
Importing 'GUID: 2a616b371596515498e05300b6598c6a - Path: Packages/com.unity.test-framework/UnityEngine.TestRunner/NUnitExtensions/Attributes/UnityOneTimeTearDownAttribute.cs - Importer: ScriptedImporter/UnityEditor.QuickSearchModule:UnityEditor.Search:ASIAI0B' with importer (ScriptedImporter : UnityEditor.QuickSearchModule:UnityEditor.Search:ASIAI0B)
Imported 'GUID: 2a616b371596515498e05300b6598c6a' -> (Import Result ID: '68e040384d6c400171a4d413ab649b38') in 0.004 seconds [static and dynamic dependencies]. Details - ImportResultOutputID=143529c36dadd0a97e69787e5f76e553 DependenciesID=e32716fbe4790b340649cbff4cf677db StaticDependenciesID=acd05edb555c4cc00f0a3839c639183b 
Number of updated asset objects reloaded before import = 0
Number of asset objects unloaded after import = 0
========================================================================
Received Import Request.
  Time of request: 2026-09-20T00:01:46.1282601Z
  Time since last request: 0.0005795 seconds.
  importAddress: GUID: 750aad009559b814dbc27001341fc1c3 - Path: Packages/com.unity.test-framework/UnityEngine.TestRunner/NUnitExtensions/Attributes/TestEnumerator.cs - Importer: ScriptedImporter/UnityEditor.QuickSearchModule:UnityEditor.Search:ASIAI0B
Importing 'GUID: 750aad009559b814dbc27001341fc1c3 - Path: Packages/com.unity.test-framework/UnityEngine.TestRunner/NUnitExtensions/Attributes/TestEnumerator.cs - Importer: ScriptedImporter/UnityEditor.QuickSearchModule:UnityEditor.Search:ASIAI0B' with importer (ScriptedImporter : UnityEditor.QuickSearchModule:UnityEditor.Search:ASIAI0B)
Imported 'GUID: 750aad009559b814dbc27001341fc1c3' -> (Import Result ID: '4ee76f97b52ab83bba2635868d6e9569') in 0.006 seconds [static and dynamic dependencies]. Details - ImportResultOutputID=02b3d0030b1dd2fbd85bbf5907a14fd3 DependenciesID=f98bc2d63fbc1f1f5b7490e7c19511a0 StaticDependenciesID=7be1bf3c22cad09e5c193962e27fbdb1 
Number of updated asset objects reloaded before import = 0
Number of asset objects unloaded after import = 0
========================================================================
Received Import Request.
  Time of request: 2026-09-20T00:01:46.134851Z
  Time since last request: 0.0006222 seconds.
  importAddress: GUID: cc0ce06a7515c044bb8db4c75db84114 - Path: Packages/com.unity.test-framework/UnityEditor.TestRunner/TestRun/Tasks/SaveUndoIndexTask.cs - Importer: ScriptedImporter/UnityEditor.QuickSearchModule:UnityEditor.Search:ASIAI0B
Importing 'GUID: cc0ce06a7515c044bb8db4c75db84114 - Path: Packages/com.unity.test-framework/UnityEditor.TestRunner/TestRun/Tasks/SaveUndoIndexTask.cs - Importer: ScriptedImporter/UnityEditor.QuickSearchModule:UnityEditor.Search:ASIAI0B' with importer (ScriptedImporter : UnityEditor.QuickSearchModule:UnityEditor.Search:ASIAI0B)
Setting up noproxy from UNITY_NOPROXY environment variable. Setting to: localhost,127.0.0.1
Imported 'GUID: cc0ce06a7515c044bb8db4c75db84114' -> (Import Result ID: 'b74cbd2a1daf0eaadfb7cea711887506') in 0.004 seconds [static and dynamic dependencies]. Details - ImportResultOutputID=57740c5fd664f54a68bd9d079ecc3edc DependenciesID=e30664f3d4244f70887d862602427e16 StaticDependenciesID=3c80caa06655f6d5c6d2fbafe3982550 
Number of updated asset objects reloaded before import = 0
Number of asset objects unloaded after import = 0
========================================================================
Received Import Request.
  Time of request: 2026-09-20T00:01:46.1392851Z
  Time since last request: 0.0005155 seconds.
  importAddress: GUID: c82a8473f4a8f7b42a004c91e06d2f2b - Path: Packages/com.unity.test-framework/UnityEngine.TestRunner/NUnitExtensions/Attributes/ConditionalIgnoreAttribute.cs - Importer: ScriptedImporter/UnityEditor.QuickSearchModule:UnityEditor.Search:ASIAI0B
Importing 'GUID: c82a8473f4a8f7b42a004c91e06d2f2b - Path: Packages/com.unity.test-framework/UnityEngine.TestRunner/NUnitExtensions/Attributes/ConditionalIgnoreAttribute.cs - Importer: ScriptedImporter/UnityEditor.QuickSearchModule:UnityEditor.Search:ASIAI0B' with importer (ScriptedImporter : UnityEditor.QuickSearchModule:UnityEditor.Search:ASIAI0B)
Imported 'GUID: c82a8473f4a8f7b42a004c91e06d2f2b' -> (Import Result ID: '68f229a398fdbfdb822b8b14a7a313a8') in 0.004 seconds [static and dynamic dependencies]. Details - ImportResultOutputID=969c735b2920d5edc9dc97e584756114 DependenciesID=161f2bc4f3b326128f644a714dcfb8d2 StaticDependenciesID=9315fa9bbe77883d9ecf92f27ef9ce3c 
Number of updated asset objects reloaded before import = 0
Number of asset objects unloaded after import = 0
========================================================================
Received Import Request.
  Time of request: 2026-09-20T00:01:46.1442414Z
  Time since last request: 0.0007197 seconds.
  importAddress: GUID: 528c8790cf844716aead80624be893aa - Path: Packages/com.unity.test-framework/UnityEngine.TestRunner/NUnitExtensions/Attributes/PreservedValuesAttribute.cs - Importer: ScriptedImporter/UnityEditor.QuickSearchModule:UnityEditor.Search:ASIAI0B
Importing 'GUID: 528c8790cf844716aead80624be893aa - Path: Packages/com.unity.test-framework/UnityEngine.TestRunner/NUnitExtensions/Attributes/PreservedValuesAttribute.cs - Importer: ScriptedImporter/UnityEditor.QuickSearchModule:UnityEditor.Search:ASIAI0B' with importer (ScriptedImporter : UnityEditor.QuickSearchModule:UnityEditor.Search:ASIAI0B)
Imported 'GUID: 528c8790cf844716aead80624be893aa' -> (Import Result ID: 'e62294c441af5b922f78e22228cfdf75') in 0.003 seconds [static and dynamic dependencies]. Details - ImportResultOutputID=6a9adcc6905bfa67854fce59892ba88e DependenciesID=eabed4a1fef86bdef4fc0ff8fe149592 StaticDependenciesID=5db21d4890e2c45b46f268db69e06a98 
Number of updated asset objects reloaded before import = 0
Number of asset objects unloaded after import = 0
========================================================================
Received Import Request.
  Time of request: 2026-09-20T00:01:46.1486459Z
  Time since last request: 0.0005994 seconds.
  importAddress: GUID: 3710fe6aef52449b9c9bbf0b17ae6960 - Path: Packages/com.unity.test-framework/UnityEditor.TestRunner/TestRun/Tasks/SetInteractionModeTask.cs - Importer: ScriptedImporter/UnityEditor.QuickSearchModule:UnityEditor.Search:ASIAI0B
Importing 'GUID: 3710fe6aef52449b9c9bbf0b17ae6960 - Path: Packages/com.unity.test-framework/UnityEditor.TestRunner/TestRun/Tasks/SetInteractionModeTask.cs - Importer: ScriptedImporter/UnityEditor.QuickSearchModule:UnityEditor.Search:ASIAI0B' with importer (ScriptedImporter : UnityEditor.QuickSearchModule:UnityEditor.Search:ASIAI0B)
Imported 'GUID: 3710fe6aef52449b9c9bbf0b17ae6960' -> (Import Result ID: 'fe8f7c859f3f5c32b5fcd6810c07357a') in 0.004 seconds [static and dynamic dependencies]. Details - ImportResultOutputID=d02754b92650f9cd49c4ff198c36f3cb DependenciesID=009584bf692b15e6e47fb683aa862290 StaticDependenciesID=3206787c1b4a5202ed61f1328d559e2d 
Number of updated asset objects reloaded before import = 0
Number of asset objects unloaded after import = 0
========================================================================
Received Import Request.
  Time of request: 2026-09-20T00:01:46.1537681Z
  Time since last request: 0.0005733 seconds.
  importAddress: GUID: 423fe2ef878fa1140a7e1f7f9e365815 - Path: Packages/com.unity.test-framework/UnityEditor.TestRunner/UnityTestProtocol/Messages/TestFinishedMessage.cs - Importer: ScriptedImporter/UnityEditor.QuickSearchModule:UnityEditor.Search:ASIAI0B
Importing 'GUID: 423fe2ef878fa1140a7e1f7f9e365815 - Path: Packages/com.unity.test-framework/UnityEditor.TestRunner/UnityTestProtocol/Messages/TestFinishedMessage.cs - Importer: ScriptedImporter/UnityEditor.QuickSearchModule:UnityEditor.Search:ASIAI0B' with importer (ScriptedImporter : UnityEditor.QuickSearchModule:UnityEditor.Search:ASIAI0B)
Imported 'GUID: 423fe2ef878fa1140a7e1f7f9e365815' -> (Import Result ID: '50ba77e7e6e9bb6a17ed61715f727f69') in 0.004 seconds [static and dynamic dependencies]. Details - ImportResultOutputID=d0f7e8b4ade334b329d15e68ec27249c DependenciesID=ba2e00a452b7fdefbe5519cc2d516796 StaticDependenciesID=b5739470981549a9426d026a5699d45f 
Number of updated asset objects reloaded before import = 0
Number of asset objects unloaded after import = 0
========================================================================
Received Import Request.
  Time of request: 2026-09-20T00:01:46.158504Z
  Time since last request: 0.0006748 seconds.
  importAddress: GUID: 9f33b8e923ff41deaa73bc2c1f90d9a1 - Path: Packages/com.unity.test-framework/UnityEditor.TestRunner/UnityTestProtocol/Messages/PlayerSystemInfoMessage.cs - Importer: ScriptedImporter/UnityEditor.QuickSearchModule:UnityEditor.Search:ASIAI0B
Importing 'GUID: 9f33b8e923ff41deaa73bc2c1f90d9a1 - Path: Packages/com.unity.test-framework/UnityEditor.TestRunner/UnityTestProtocol/Messages/PlayerSystemInfoMessage.cs - Importer: ScriptedImporter/UnityEditor.QuickSearchModule:UnityEditor.Search:ASIAI0B' with importer (ScriptedImporter : UnityEditor.QuickSearchModule:UnityEditor.Search:ASIAI0B)
Imported 'GUID: 9f33b8e923ff41deaa73bc2c1f90d9a1' -> (Import Result ID: '9df9942df972f3b4a4cf5ac2e509eb06') in 0.004 seconds [static and dynamic dependencies]. Details - ImportResultOutputID=92e9aed8a32bf5a2357c44a821da11f7 DependenciesID=c228bfbc3d35caf9aa1942e090a87f36 StaticDependenciesID=887276e85bb3860acc5df9250c434a27 
Number of updated asset objects reloaded before import = 0
Number of asset objects unloaded after import = 0
========================================================================
Received Import Request.
  Time of request: 2026-09-20T00:01:46.1635172Z
  Time since last request: 0.0006783 seconds.
  importAddress: GUID: 28c8fcb831e6e734a9f564bc4f495eba - Path: Packages/com.unity.test-framework/UnityEditor.TestRunner/TestRunner/Utils/IEditorCompilationInterfaceProxy.cs - Importer: ScriptedImporter/UnityEditor.QuickSearchModule:UnityEditor.Search:ASIAI0B
Importing 'GUID: 28c8fcb831e6e734a9f564bc4f495eba - Path: Packages/com.unity.test-framework/UnityEditor.TestRunner/TestRunner/Utils/IEditorCompilationInterfaceProxy.cs - Importer: ScriptedImporter/UnityEditor.QuickSearchModule:UnityEditor.Search:ASIAI0B' with importer (ScriptedImporter : UnityEditor.QuickSearchModule:UnityEditor.Search:ASIAI0B)
Imported 'GUID: 28c8fcb831e6e734a9f564bc4f495eba' -> (Import Result ID: 'e146729bd0cc7692e2e48e0e4b5be0b5') in 0.006 seconds [static and dynamic dependencies]. Details - ImportResultOutputID=c844e72a97c2be727ad6c4d8a1f36a46 DependenciesID=e170e675c6663c0cccba2fe51672682d StaticDependenciesID=7f22ee7c5d5a2a56474add629a68c290 
Number of updated asset objects reloaded before import = 0
Number of asset objects unloaded after import = 0
========================================================================
Received Import Request.
  Time of request: 2026-09-20T00:01:46.1706654Z
  Time since last request: 0.0007658 seconds.
  importAddress: GUID: bd3e81baa10021f4d877fa36382bab16 - Path: Packages/com.unity.test-framework/UnityEditor.TestRunner/UnityTestProtocol/Messages/TestStartedMessage.cs - Importer: ScriptedImporter/UnityEditor.QuickSearchModule:UnityEditor.Search:ASIAI0B
Importing 'GUID: bd3e81baa10021f4d877fa36382bab16 - Path: Packages/com.unity.test-framework/UnityEditor.TestRunner/UnityTestProtocol/Messages/TestStartedMessage.cs - Importer: ScriptedImporter/UnityEditor.QuickSearchModule:UnityEditor.Search:ASIAI0B' with importer (ScriptedImporter : UnityEditor.QuickSearchModule:UnityEditor.Search:ASIAI0B)
Imported 'GUID: bd3e81baa10021f4d877fa36382bab16' -> (Import Result ID: 'ef575b868126a06e9cd15cb6b70d60f5') in 0.006 seconds [static and dynamic dependencies]. Details - ImportResultOutputID=d4214bf7f8e3a20e6de422b9b08c6924 DependenciesID=718871274e73101a27bf765fc5b65b5a StaticDependenciesID=80b36fb42a0e7bc3e551e7bdc37c2ac1 
Number of updated asset objects reloaded before import = 0
Number of asset objects unloaded after import = 0
========================================================================
Received Import Request.
  Time of request: 2026-09-20T00:01:46.1773498Z
  Time since last request: 0.0006694 seconds.
  importAddress: GUID: cc6401f13df54ba44bfd7cdc93c7d64d - Path: Packages/com.unity.test-framework/UnityEngine.TestRunner/NUnitExtensions/Attributes/UnitySetUpAttribute.cs - Importer: ScriptedImporter/UnityEditor.QuickSearchModule:UnityEditor.Search:ASIAI0B
Importing 'GUID: cc6401f13df54ba44bfd7cdc93c7d64d - Path: Packages/com.unity.test-framework/UnityEngine.TestRunner/NUnitExtensions/Attributes/UnitySetUpAttribute.cs - Importer: ScriptedImporter/UnityEditor.QuickSearchModule:UnityEditor.Search:ASIAI0B' with importer (ScriptedImporter : UnityEditor.QuickSearchModule:UnityEditor.Search:ASIAI0B)
Imported 'GUID: cc6401f13df54ba44bfd7cdc93c7d64d' -> (Import Result ID: '3f5956cb937fc521d47f9d414c58bfca') in 0.004 seconds [static and dynamic dependencies]. Details - ImportResultOutputID=e608882fb669534e0d1cc941fd39e833 DependenciesID=7315ac9195c9b8b99badcecf9f4abd9b StaticDependenciesID=8a1b186c2777e84459e28d2cfb1a81aa 
Number of updated asset objects reloaded before import = 0
Number of asset objects unloaded after import = 0
========================================================================
Received Import Request.
  Time of request: 2026-09-20T00:01:46.1828626Z
  Time since last request: 0.0007794 seconds.
  importAddress: GUID: b1694e597ba745169b292914291c136b - Path: Packages/com.unity.test-framework/UnityEditor.TestRunner/TestRun/Tasks/PreparePlayModeRunTask.cs - Importer: ScriptedImporter/UnityEditor.QuickSearchModule:UnityEditor.Search:ASIAI0B
Importing 'GUID: b1694e597ba745169b292914291c136b - Path: Packages/com.unity.test-framework/UnityEditor.TestRunner/TestRun/Tasks/PreparePlayModeRunTask.cs - Importer: ScriptedImporter/UnityEditor.QuickSearchModule:UnityEditor.Search:ASIAI0B' with importer (ScriptedImporter : UnityEditor.QuickSearchModule:UnityEditor.Search:ASIAI0B)
Imported 'GUID: b1694e597ba745169b292914291c136b' -> (Import Result ID: '0765064de6dbdec17759c451aa50537c') in 0.005 seconds [static and dynamic dependencies]. Details - ImportResultOutputID=ca19361ec5fdcafd37585b7e9360f4c0 DependenciesID=d5b9cc8e134098d39cb5fcf36353b5df StaticDependenciesID=7ca87d9424ed9e8276d622cddfe04f32 
Number of updated asset objects reloaded before import = 0
Number of asset objects unloaded after import = 0
========================================================================
Received Import Request.
  Time of request: 2026-09-20T00:01:46.1886597Z
  Time since last request: 0.0007594 seconds.
  importAddress: GUID: ff0aad009559b814ffc27001341fc1c3 - Path: Packages/com.unity.test-framework/UnityEngine.TestRunner/NUnitExtensions/Attributes/EnumeratorHelper.cs - Importer: ScriptedImporter/UnityEditor.QuickSearchModule:UnityEditor.Search:ASIAI0B
Importing 'GUID: ff0aad009559b814ffc27001341fc1c3 - Path: Packages/com.unity.test-framework/UnityEngine.TestRunner/NUnitExtensions/Attributes/EnumeratorHelper.cs - Importer: ScriptedImporter/UnityEditor.QuickSearchModule:UnityEditor.Search:ASIAI0B' with importer (ScriptedImporter : UnityEditor.QuickSearchModule:UnityEditor.Search:ASIAI0B)
Imported 'GUID: ff0aad009559b814ffc27001341fc1c3' -> (Import Result ID: '972528e77cc8572d0474434bd61c0bf5') in 0.007 seconds [static and dynamic dependencies]. Details - ImportResultOutputID=6b281bb43672a4aa6bbab90c43158be8 DependenciesID=2626758de2ace89a2af07b10d5fd343b StaticDependenciesID=41aa532b1db034c3a84ba42fcd3847e7 
Number of updated asset objects reloaded before import = 0
Number of asset objects unloaded after import = 0
========================================================================
Received Import Request.
  Time of request: 2026-09-20T00:01:46.1963516Z
  Time since last request: 0.0005473 seconds.
  importAddress: GUID: aa5e75ed0aae4030a1720d08f7a5322e - Path: Packages/com.unity.test-framework/UnityEditor.TestRunner/UnityTestProtocol/Messages/PlayerSettingsMessage.cs - Importer: ScriptedImporter/UnityEditor.QuickSearchModule:UnityEditor.Search:ASIAI0B
Importing 'GUID: aa5e75ed0aae4030a1720d08f7a5322e - Path: Packages/com.unity.test-framework/UnityEditor.TestRunner/UnityTestProtocol/Messages/PlayerSettingsMessage.cs - Importer: ScriptedImporter/UnityEditor.QuickSearchModule:UnityEditor.Search:ASIAI0B' with importer (ScriptedImporter : UnityEditor.QuickSearchModule:UnityEditor.Search:ASIAI0B)
Imported 'GUID: aa5e75ed0aae4030a1720d08f7a5322e' -> (Import Result ID: 'a7ff341a8fb32a2b04df8402c012c1fb') in 0.007 seconds [static and dynamic dependencies]. Details - ImportResultOutputID=e38e3dfd49051d24838f42ef09be359e DependenciesID=8a34bc483a0c82791f680af2229b355e StaticDependenciesID=8821ac3868c342112ce00680aa35a260 
Number of updated asset objects reloaded before import = 0
Number of asset objects unloaded after import = 0
========================================================================
Received Import Request.
  Time of request: 2026-09-20T00:01:46.2195496Z
  Time since last request: 0.0142317 seconds.
  importAddress: GUID: 9945ffed4692c6044b6d3acf81efd694 - Path: Packages/com.unity.test-framework/UnityEngine.TestRunner/Assertions/LogScope/LogMatch.cs - Importer: ScriptedImporter/UnityEditor.QuickSearchModule:UnityEditor.Search:ASIAI0B
Importing 'GUID: 9945ffed4692c6044b6d3acf81efd694 - Path: Packages/com.unity.test-framework/UnityEngine.TestRunner/Assertions/LogScope/LogMatch.cs - Importer: ScriptedImporter/UnityEditor.QuickSearchModule:UnityEditor.Search:ASIAI0B' with importer (ScriptedImporter : UnityEditor.QuickSearchModule:UnityEditor.Search:ASIAI0B)
Imported 'GUID: 9945ffed4692c6044b6d3acf81efd694' -> (Import Result ID: '48c2e9ce81133300e059e1f7aa2b9427') in 0.008 seconds [static and dynamic dependencies]. Details - ImportResultOutputID=021ee6b4e0c011e0976b08748a1273e8 DependenciesID=eef7e5078663e253c2fd68486a4840f5 StaticDependenciesID=de3ddb5f0b655cd56a6ed1b9d1f468c9 
Number of updated asset objects reloaded before import = 0
Number of asset objects unloaded after import = 0
========================================================================
Received Import Request.
  Time of request: 2026-09-20T00:01:46.2291765Z
  Time since last request: 0.0005349 seconds.
  importAddress: GUID: 98808b11e78f6c84a841a6b4bc5a29d2 - Path: Packages/com.unity.test-framework/UnityEditor.TestRunner/TestRunner/Utils/IEditorAssembliesProxy.cs - Importer: ScriptedImporter/UnityEditor.QuickSearchModule:UnityEditor.Search:ASIAI0B
Importing 'GUID: 98808b11e78f6c84a841a6b4bc5a29d2 - Path: Packages/com.unity.test-framework/UnityEditor.TestRunner/TestRunner/Utils/IEditorAssembliesProxy.cs - Importer: ScriptedImporter/UnityEditor.QuickSearchModule:UnityEditor.Search:ASIAI0B' with importer (ScriptedImporter : UnityEditor.QuickSearchModule:UnityEditor.Search:ASIAI0B)
Setting up noproxy from UNITY_NOPROXY environment variable. Setting to: localhost,127.0.0.1
Imported 'GUID: 98808b11e78f6c84a841a6b4bc5a29d2' -> (Import Result ID: '4d432eac9bf6f887f8dd033a5754c541') in 0.009 seconds [static and dynamic dependencies]. Details - ImportResultOutputID=de8a6f9624d45196f6a7647e734ca1b8 DependenciesID=8eb2cb3e2922a85ebfac7f17a6764eac StaticDependenciesID=e10b73fa3c611ebcbb3e4de6846fa693 
Number of updated asset objects reloaded before import = 0
Number of asset objects unloaded after import = 0
========================================================================
Received Import Request.
  Time of request: 2026-09-20T00:01:46.2393714Z
  Time since last request: 0.0010648 seconds.
  importAddress: GUID: a398fde47a0349a40a9bdf8988c392c9 - Path: Packages/com.unity.test-framework/UnityEditor.TestRunner/TestRun/Tasks/RegisterFilesForCleanupVerificationTask.cs - Importer: ScriptedImporter/UnityEditor.QuickSearchModule:UnityEditor.Search:ASIAI0B
Importing 'GUID: a398fde47a0349a40a9bdf8988c392c9 - Path: Packages/com.unity.test-framework/UnityEditor.TestRunner/TestRun/Tasks/RegisterFilesForCleanupVerificationTask.cs - Importer: ScriptedImporter/UnityEditor.QuickSearchModule:UnityEditor.Search:ASIAI0B' with importer (ScriptedImporter : UnityEditor.QuickSearchModule:UnityEditor.Search:ASIAI0B)
Imported 'GUID: a398fde47a0349a40a9bdf8988c392c9' -> (Import Result ID: 'b4f766514cd7fdf1d00ce07eba212e3f') in 0.007 seconds [static and dynamic dependencies]. Details - ImportResultOutputID=40d671035c4e5a527e8fc4032fe858d1 DependenciesID=f8f45e68b9643265988c6d397cf6bd41 StaticDependenciesID=35a6c7ec08c4327246cdefc32ac1e329 
Number of updated asset objects reloaded before import = 0
Number of asset objects unloaded after import = 0
========================================================================
Received Import Request.
  Time of request: 2026-09-20T00:01:46.2476199Z
  Time since last request: 0.0007783 seconds.
  importAddress: GUID: 4bbc17b35884fdf468e4b52ae4222882 - Path: Packages/com.unity.test-framework/UnityEngine.TestRunner/Assertions/LogScope/LogScope.cs - Importer: ScriptedImporter/UnityEditor.QuickSearchModule:UnityEditor.Search:ASIAI0B
Importing 'GUID: 4bbc17b35884fdf468e4b52ae4222882 - Path: Packages/com.unity.test-framework/UnityEngine.TestRunner/Assertions/LogScope/LogScope.cs - Importer: ScriptedImporter/UnityEditor.QuickSearchModule:UnityEditor.Search:ASIAI0B' with importer (ScriptedImporter : UnityEditor.QuickSearchModule:UnityEditor.Search:ASIAI0B)
Imported 'GUID: 4bbc17b35884fdf468e4b52ae4222882' -> (Import Result ID: 'e03f9981b5b71bff808da7996a0feb3d') in 0.006 seconds [static and dynamic dependencies]. Details - ImportResultOutputID=bc72279d4d91ddb8b1291def519c6315 DependenciesID=186290ff709b01e004aa877321ca33d6 StaticDependenciesID=28e8db9e6c299cdd2c6f1d27de6eeef0 
Number of updated asset objects reloaded before import = 0
Number of asset objects unloaded after import = 0
========================================================================
Received Import Request.
  Time of request: 2026-09-20T00:01:46.2551674Z
  Time since last request: 0.0007678 seconds.
  importAddress: GUID: 5db0e0c612cd489a89d330acbc4ac585 - Path: Packages/com.unity.test-framework/UnityEditor.TestRunner/TestRun/Tasks/ResetInteractionModeTask.cs - Importer: ScriptedImporter/UnityEditor.QuickSearchModule:UnityEditor.Search:ASIAI0B
Importing 'GUID: 5db0e0c612cd489a89d330acbc4ac585 - Path: Packages/com.unity.test-framework/UnityEditor.TestRunner/TestRun/Tasks/ResetInteractionModeTask.cs - Importer: ScriptedImporter/UnityEditor.QuickSearchModule:UnityEditor.Search:ASIAI0B' with importer (ScriptedImporter : UnityEditor.QuickSearchModule:UnityEditor.Search:ASIAI0B)
Imported 'GUID: 5db0e0c612cd489a89d330acbc4ac585' -> (Import Result ID: '944d2fbcf4c045f0193dfc4f25871994') in 0.005 seconds [static and dynamic dependencies]. Details - ImportResultOutputID=bb6cc5e279d5a8b94c8443357fc3c1b5 DependenciesID=a87b94eb86126d0b854643df8bfce5ac StaticDependenciesID=04d739abc6f5939d215a5b95521d66db 
Number of updated asset objects reloaded before import = 0
Number of asset objects unloaded after import = 0
========================================================================
Received Import Request.
  Time of request: 2026-09-20T00:01:46.2609189Z
  Time since last request: 0.0006686 seconds.
  importAddress: GUID: 82075836be5e0c64bbe84e1f9436682e - Path: Packages/com.unity.test-framework/UnityEditor.TestRunner/TestRunner/Callbacks/WindowResultUpdaterDataHolder.cs - Importer: ScriptedImporter/UnityEditor.QuickSearchModule:UnityEditor.Search:ASIAI0B
Importing 'GUID: 82075836be5e0c64bbe84e1f9436682e - Path: Packages/com.unity.test-framework/UnityEditor.TestRunner/TestRunner/Callbacks/WindowResultUpdaterDataHolder.cs - Importer: ScriptedImporter/UnityEditor.QuickSearchModule:UnityEditor.Search:ASIAI0B' with importer (ScriptedImporter : UnityEditor.QuickSearchModule:UnityEditor.Search:ASIAI0B)
Imported 'GUID: 82075836be5e0c64bbe84e1f9436682e' -> (Import Result ID: 'b54bbb3e426d30f2d170cf9b0bb199b2') in 0.005 seconds [static and dynamic dependencies]. Details - ImportResultOutputID=c1ef649bcfa4d00beaa70ae4d02e842a DependenciesID=d20b79cf978701de4e86373780f31ed1 StaticDependenciesID=3c0fb44eaf8bd3ebd9165764dfe85c09 
Number of updated asset objects reloaded before import = 0
Number of asset objects unloaded after import = 0
========================================================================
Received Import Request.
  Time of request: 2026-09-20T00:01:46.2671803Z
  Time since last request: 0.0010072 seconds.
  importAddress: GUID: 25d1ed297163243c4a20d6321d057844 - Path: Packages/com.unity.test-framework/UnityEditor.TestRunner/TestRun/Tasks/PrebuildSetupWithTestDataTask.cs - Importer: ScriptedImporter/UnityEditor.QuickSearchModule:UnityEditor.Search:ASIAI0B
Importing 'GUID: 25d1ed297163243c4a20d6321d057844 - Path: Packages/com.unity.test-framework/UnityEditor.TestRunner/TestRun/Tasks/PrebuildSetupWithTestDataTask.cs - Importer: ScriptedImporter/UnityEditor.QuickSearchModule:UnityEditor.Search:ASIAI0B' with importer (ScriptedImporter : UnityEditor.QuickSearchModule:UnityEditor.Search:ASIAI0B)
Imported 'GUID: 25d1ed297163243c4a20d6321d057844' -> (Import Result ID: 'b2d822c670ab6965a399cc14410f755e') in 0.005 seconds [static and dynamic dependencies]. Details - ImportResultOutputID=fca01e068b96fbe23fedb4fcc888b723 DependenciesID=bb110b2f53a894e7650338dc2853da96 StaticDependenciesID=b91c6f696c0638a3cb51da0095942f31 
Number of updated asset objects reloaded before import = 0
Number of asset objects unloaded after import = 0
========================================================================
Received Import Request.
  Time of request: 2026-09-20T00:01:46.2728847Z
  Time since last request: 0.0007183 seconds.
  importAddress: GUID: 3504aa04cda851b44a65973f9aead6f7 - Path: Packages/com.unity.test-framework/UnityEngine.TestRunner/Assertions/LogScope/ILogScope.cs - Importer: ScriptedImporter/UnityEditor.QuickSearchModule:UnityEditor.Search:ASIAI0B
Importing 'GUID: 3504aa04cda851b44a65973f9aead6f7 - Path: Packages/com.unity.test-framework/UnityEngine.TestRunner/Assertions/LogScope/ILogScope.cs - Importer: ScriptedImporter/UnityEditor.QuickSearchModule:UnityEditor.Search:ASIAI0B' with importer (ScriptedImporter : UnityEditor.QuickSearchModule:UnityEditor.Search:ASIAI0B)
Imported 'GUID: 3504aa04cda851b44a65973f9aead6f7' -> (Import Result ID: '091eea37e52ba3abcce05c60725ddb5f') in 0.003 seconds [static and dynamic dependencies]. Details - ImportResultOutputID=6ba1723723196584a27dbc64213ff379 DependenciesID=95f40981543508be1be8fd6eab8818dc StaticDependenciesID=82f9d13342a570e8253f4015680cf58a 
Number of updated asset objects reloaded before import = 0
Number of asset objects unloaded after import = 0
========================================================================
Received Import Request.
  Time of request: 2026-09-20T00:01:46.2771242Z
  Time since last request: 0.0006317 seconds.
  importAddress: GUID: 9729063e08c4a4e438070c8319aff5f5 - Path: Packages/com.unity.test-framework/UnityEditor.TestRunner/TestRun/Tasks/UnlockReloadAssembliesTask.cs - Importer: ScriptedImporter/UnityEditor.QuickSearchModule:UnityEditor.Search:ASIAI0B
Importing 'GUID: 9729063e08c4a4e438070c8319aff5f5 - Path: Packages/com.unity.test-framework/UnityEditor.TestRunner/TestRun/Tasks/UnlockReloadAssembliesTask.cs - Importer: ScriptedImporter/UnityEditor.QuickSearchModule:UnityEditor.Search:ASIAI0B' with importer (ScriptedImporter : UnityEditor.QuickSearchModule:UnityEditor.Search:ASIAI0B)
Imported 'GUID: 9729063e08c4a4e438070c8319aff5f5' -> (Import Result ID: 'c78fa958f921c0284dc7b86f4c59de5c') in 0.003 seconds [static and dynamic dependencies]. Details - ImportResultOutputID=b17d3e5a301be15f54ac387b7831401e DependenciesID=bea86721a1e4f8a4cdd33e38ccce55cb StaticDependenciesID=8abfc6d5d898bf4e70b5820457874eeb 
Number of updated asset objects reloaded before import = 0
Number of asset objects unloaded after import = 0
========================================================================
Received Import Request.
  Time of request: 2026-09-20T00:01:46.2812025Z
  Time since last request: 0.0006203 seconds.
  importAddress: GUID: f1b6399349763114d9361bc6dfcd025b - Path: Packages/com.unity.test-framework/UnityEditor.TestRunner/TestRunner/Utils/TestListCacheData.cs - Importer: ScriptedImporter/UnityEditor.QuickSearchModule:UnityEditor.Search:ASIAI0B
Importing 'GUID: f1b6399349763114d9361bc6dfcd025b - Path: Packages/com.unity.test-framework/UnityEditor.TestRunner/TestRunner/Utils/TestListCacheData.cs - Importer: ScriptedImporter/UnityEditor.QuickSearchModule:UnityEditor.Search:ASIAI0B' with importer (ScriptedImporter : UnityEditor.QuickSearchModule:UnityEditor.Search:ASIAI0B)
Imported 'GUID: f1b6399349763114d9361bc6dfcd025b' -> (Import Result ID: '67df3d4b05a1cedd84959cd5003b303a') in 0.005 seconds [static and dynamic dependencies]. Details - ImportResultOutputID=d0d73c2007ba7690bbec1ddd2017889c DependenciesID=8bcf3a0ce4ed085d3ef4031ff5933748 StaticDependenciesID=2917e224c9dffc2ed7b605c9e640b410 
Number of updated asset objects reloaded before import = 0
Number of asset objects unloaded after import = 0
========================================================================
Received Import Request.
  Time of request: 2026-09-20T00:01:46.2870074Z
  Time since last request: 0.0006694 seconds.
  importAddress: GUID: 3b3dcba2081245eb916aee8fd3459fc8 - Path: Packages/com.unity.test-framework/UnityEditor.TestRunner/UnityTestProtocol/Messages/BuildSettingsMessage.cs - Importer: ScriptedImporter/UnityEditor.QuickSearchModule:UnityEditor.Search:ASIAI0B
Importing 'GUID: 3b3dcba2081245eb916aee8fd3459fc8 - Path: Packages/com.unity.test-framework/UnityEditor.TestRunner/UnityTestProtocol/Messages/BuildSettingsMessage.cs - Importer: ScriptedImporter/UnityEditor.QuickSearchModule:UnityEditor.Search:ASIAI0B' with importer (ScriptedImporter : UnityEditor.QuickSearchModule:UnityEditor.Search:ASIAI0B)
Imported 'GUID: 3b3dcba2081245eb916aee8fd3459fc8' -> (Import Result ID: 'd1f9f52fece309d75d30b42e0d943e61') in 0.004 seconds [static and dynamic dependencies]. Details - ImportResultOutputID=98c199a6b19407c6f7557095aeb77305 DependenciesID=97095aa6cdad80b26ffceea60e065927 StaticDependenciesID=2d3dd3323d43018dcfcef058eda1affc 
Number of updated asset objects reloaded before import = 0
Number of asset objects unloaded after import = 0
========================================================================
Received Import Request.
  Time of request: 2026-09-20T00:01:46.2919398Z
  Time since last request: 0.0005871 seconds.
  importAddress: GUID: e9c53c5109a7498ca4408e53f2593b1a - Path: Packages/com.unity.test-framework/UnityEngine.TestRunner/NUnitExtensions/Attributes/ParametrizedIgnoreAttribute.cs - Importer: ScriptedImporter/UnityEditor.QuickSearchModule:UnityEditor.Search:ASIAI0B
Importing 'GUID: e9c53c5109a7498ca4408e53f2593b1a - Path: Packages/com.unity.test-framework/UnityEngine.TestRunner/NUnitExtensions/Attributes/ParametrizedIgnoreAttribute.cs - Importer: ScriptedImporter/UnityEditor.QuickSearchModule:UnityEditor.Search:ASIAI0B' with importer (ScriptedImporter : UnityEditor.QuickSearchModule:UnityEditor.Search:ASIAI0B)
Imported 'GUID: e9c53c5109a7498ca4408e53f2593b1a' -> (Import Result ID: 'a33a2abe8ba6565d8f855a698ff9fec7') in 0.004 seconds [static and dynamic dependencies]. Details - ImportResultOutputID=0e48da795d315e201bfd4a390567a8c2 DependenciesID=536eb008585592fdb4e88e74e7c4fb87 StaticDependenciesID=6bc2ab64498717a7a0229a8738357471 
Number of updated asset objects reloaded before import = 0
Number of asset objects unloaded after import = 0
========================================================================
Received Import Request.
  Time of request: 2026-09-20T00:01:46.2968189Z
  Time since last request: 0.0006815 seconds.
  importAddress: GUID: 7af6ac3e6b51b8d4aab04adc85b8de2f - Path: Packages/com.unity.test-framework/UnityEngine.TestRunner/NUnitExtensions/Attributes/UnityCombinatorialStrategy.cs - Importer: ScriptedImporter/UnityEditor.QuickSearchModule:UnityEditor.Search:ASIAI0B
Importing 'GUID: 7af6ac3e6b51b8d4aab04adc85b8de2f - Path: Packages/com.unity.test-framework/UnityEngine.TestRunner/NUnitExtensions/Attributes/UnityCombinatorialStrategy.cs - Importer: ScriptedImporter/UnityEditor.QuickSearchModule:UnityEditor.Search:ASIAI0B' with importer (ScriptedImporter : UnityEditor.QuickSearchModule:UnityEditor.Search:ASIAI0B)
Imported 'GUID: 7af6ac3e6b51b8d4aab04adc85b8de2f' -> (Import Result ID: '68496ac0aa0bfb539818f020eeb56905') in 0.006 seconds [static and dynamic dependencies]. Details - ImportResultOutputID=a6faea195aa4e03ae6eb16efbedf83b8 DependenciesID=a4b0be49df68246e3c0d07954844d7b9 StaticDependenciesID=1ca27ee11aa5dc5cb5b2d549838eccb1 
Number of updated asset objects reloaded before import = 0
Number of asset objects unloaded after import = 0
========================================================================
Received Import Request.
  Time of request: 2026-09-20T00:01:46.3035911Z
  Time since last request: 0.0006927 seconds.
  importAddress: GUID: 7b9e2c4a8f1d6b3e5a0c8d2f4e6b1a9c - Path: Packages/com.unity.test-framework/UnityEngine.TestRunner/NUnitExtensions/Attributes/PlayModeTestsAttribute.cs - Importer: ScriptedImporter/UnityEditor.QuickSearchModule:UnityEditor.Search:ASIAI0B
Importing 'GUID: 7b9e2c4a8f1d6b3e5a0c8d2f4e6b1a9c - Path: Packages/com.unity.test-framework/UnityEngine.TestRunner/NUnitExtensions/Attributes/PlayModeTestsAttribute.cs - Importer: ScriptedImporter/UnityEditor.QuickSearchModule:UnityEditor.Search:ASIAI0B' with importer (ScriptedImporter : UnityEditor.QuickSearchModule:UnityEditor.Search:ASIAI0B)
Setting up noproxy from UNITY_NOPROXY environment variable. Setting to: localhost,127.0.0.1
Imported 'GUID: 7b9e2c4a8f1d6b3e5a0c8d2f4e6b1a9c' -> (Import Result ID: '9db797d0560e06779ab167504e652aac') in 0.004 seconds [static and dynamic dependencies]. Details - ImportResultOutputID=5fccfd1c03e7b69fa99f462638b14c2d DependenciesID=0b8da18eed4fbb126fcaa9bb36bc7b0f StaticDependenciesID=ede68a3ab0441d71ecedf355e23cd401 
Number of updated asset objects reloaded before import = 0
Number of asset objects unloaded after import = 0
========================================================================
Received Import Request.
  Time of request: 2026-09-20T00:01:46.3081588Z
  Time since last request: 0.000582 seconds.
  importAddress: GUID: 6d468ee3657be7a43a2ef2178ec14239 - Path: Packages/com.unity.test-framework/UnityEditor.TestRunner/TestRunner/Callbacks/WindowResultUpdater.cs - Importer: ScriptedImporter/UnityEditor.QuickSearchModule:UnityEditor.Search:ASIAI0B
Importing 'GUID: 6d468ee3657be7a43a2ef2178ec14239 - Path: Packages/com.unity.test-framework/UnityEditor.TestRunner/TestRunner/Callbacks/WindowResultUpdater.cs - Importer: ScriptedImporter/UnityEditor.QuickSearchModule:UnityEditor.Search:ASIAI0B' with importer (ScriptedImporter : UnityEditor.QuickSearchModule:UnityEditor.Search:ASIAI0B)
Imported 'GUID: 6d468ee3657be7a43a2ef2178ec14239' -> (Import Result ID: '98ac8520e479a37c64ab51a8e3978eb0') in 0.005 seconds [static and dynamic dependencies]. Details - ImportResultOutputID=42a02f8268eafee83eb291f3c5c60ea8 DependenciesID=5235edd7b35c0fedcf507a83b406b7d3 StaticDependenciesID=98f60fbd46177e15c53345dda2cc15a9 
Number of updated asset objects reloaded before import = 0
Number of asset objects unloaded after import = 0
========================================================================
Received Import Request.
  Time of request: 2026-09-20T00:01:46.313984Z
  Time since last request: 0.0007114 seconds.
  importAddress: GUID: 408674d91d506a54aac9a7f07951c018 - Path: Packages/com.unity.test-framework/UnityEditor.TestRunner/TestRunner/Messages/ExitPlayMode.cs - Importer: ScriptedImporter/UnityEditor.QuickSearchModule:UnityEditor.Search:ASIAI0B
Importing 'GUID: 408674d91d506a54aac9a7f07951c018 - Path: Packages/com.unity.test-framework/UnityEditor.TestRunner/TestRunner/Messages/ExitPlayMode.cs - Importer: ScriptedImporter/UnityEditor.QuickSearchModule:UnityEditor.Search:ASIAI0B' with importer (ScriptedImporter : UnityEditor.QuickSearchModule:UnityEditor.Search:ASIAI0B)
Imported 'GUID: 408674d91d506a54aac9a7f07951c018' -> (Import Result ID: '7d87124f6cb11858d7685d6c18162d96') in 0.006 seconds [static and dynamic dependencies]. Details - ImportResultOutputID=faefcb34f0445bfe19517ba5868db35d DependenciesID=b7b567ccfdc554e78f7b0a8aa2c85c74 StaticDependenciesID=0f206f0e693adb6099b0841843c78bac 
Number of updated asset objects reloaded before import = 0
Number of asset objects unloaded after import = 0
========================================================================
Received Import Request.
  Time of request: 2026-09-20T00:01:46.3207129Z
  Time since last request: 0.0005557 seconds.
  importAddress: GUID: fc039194235714f48a39bd364885e744 - Path: Packages/com.unity.test-framework/UnityEditor.TestRunner/TestRun/Tasks/PrebuildSetupTask.cs - Importer: ScriptedImporter/UnityEditor.QuickSearchModule:UnityEditor.Search:ASIAI0B
Importing 'GUID: fc039194235714f48a39bd364885e744 - Path: Packages/com.unity.test-framework/UnityEditor.TestRunner/TestRun/Tasks/PrebuildSetupTask.cs - Importer: ScriptedImporter/UnityEditor.QuickSearchModule:UnityEditor.Search:ASIAI0B' with importer (ScriptedImporter : UnityEditor.QuickSearchModule:UnityEditor.Search:ASIAI0B)
Imported 'GUID: fc039194235714f48a39bd364885e744' -> (Import Result ID: 'f8f658fde84db3601f193958aaef1ec4') in 0.005 seconds [static and dynamic dependencies]. Details - ImportResultOutputID=e784c22639e2d6a7d6c13f86981d33bd DependenciesID=d0503ab79e07700bfeab2df3c6fda315 StaticDependenciesID=f03b00a9d12f5cd25a496c576f2b53c6 
Number of updated asset objects reloaded before import = 0
Number of asset objects unloaded after import = 0
========================================================================
Received Import Request.
  Time of request: 2026-09-20T00:01:46.3269049Z
  Time since last request: 0.0010878 seconds.
  importAddress: GUID: c9b23632c77de204abfe8bf7168d48c0 - Path: Packages/com.unity.test-framework/UnityEditor.TestRunner/TestRunner/Utils/EditorCompilationInterfaceProxy.cs - Importer: ScriptedImporter/UnityEditor.QuickSearchModule:UnityEditor.Search:ASIAI0B
Importing 'GUID: c9b23632c77de204abfe8bf7168d48c0 - Path: Packages/com.unity.test-framework/UnityEditor.TestRunner/TestRunner/Utils/EditorCompilationInterfaceProxy.cs - Importer: ScriptedImporter/UnityEditor.QuickSearchModule:UnityEditor.Search:ASIAI0B' with importer (ScriptedImporter : UnityEditor.QuickSearchModule:UnityEditor.Search:ASIAI0B)
Imported 'GUID: c9b23632c77de204abfe8bf7168d48c0' -> (Import Result ID: 'c7aee6d26148fdaabfc0a61822e79ca4') in 0.007 seconds [static and dynamic dependencies]. Details - ImportResultOutputID=175ea0158a1fe8978e82faef8897830c DependenciesID=7e9a38474f69dd6f9bbda59659c0456c StaticDependenciesID=d03d29e7ceff43cb408137942d0aea90 
Number of updated asset objects reloaded before import = 0
Number of asset objects unloaded after import = 0
========================================================================
Received Import Request.
  Time of request: 2026-09-20T00:01:46.3347627Z
  Time since last request: 0.0008595 seconds.
  importAddress: GUID: 5df3c21c5237c994db89660fbdfee07d - Path: Packages/com.unity.test-framework/UnityEditor.TestRunner/TestRunner/Messages/WaitForDomainReload.cs - Importer: ScriptedImporter/UnityEditor.QuickSearchModule:UnityEditor.Search:ASIAI0B
Importing 'GUID: 5df3c21c5237c994db89660fbdfee07d - Path: Packages/com.unity.test-framework/UnityEditor.TestRunner/TestRunner/Messages/WaitForDomainReload.cs - Importer: ScriptedImporter/UnityEditor.QuickSearchModule:UnityEditor.Search:ASIAI0B' with importer (ScriptedImporter : UnityEditor.QuickSearchModule:UnityEditor.Search:ASIAI0B)
Imported 'GUID: 5df3c21c5237c994db89660fbdfee07d' -> (Import Result ID: '92e9f998ecc5ae945f5284268bb89c80') in 0.004 seconds [static and dynamic dependencies]. Details - ImportResultOutputID=2506b0272a86a5536c591798374fc427 DependenciesID=d61bfb352a1f456606a3cdf35d0e774b StaticDependenciesID=9ee6a0fd8bf1fafadc7381387fb45d43 
Number of updated asset objects reloaded before import = 0
Number of asset objects unloaded after import = 0
========================================================================
Received Import Request.
  Time of request: 2026-09-20T00:01:46.3396056Z
  Time since last request: 0.0005665 seconds.
  importAddress: GUID: d685d97a1eb004f49afea0cc982ff728 - Path: Packages/com.unity.test-framework/UnityEditor.TestRunner/TestRunner/Utils/TestListCache.cs - Importer: ScriptedImporter/UnityEditor.QuickSearchModule:UnityEditor.Search:ASIAI0B
Importing 'GUID: d685d97a1eb004f49afea0cc982ff728 - Path: Packages/com.unity.test-framework/UnityEditor.TestRunner/TestRunner/Utils/TestListCache.cs - Importer: ScriptedImporter/UnityEditor.QuickSearchModule:UnityEditor.Search:ASIAI0B' with importer (ScriptedImporter : UnityEditor.QuickSearchModule:UnityEditor.Search:ASIAI0B)
Imported 'GUID: d685d97a1eb004f49afea0cc982ff728' -> (Import Result ID: 'a36267b8456b286ba561304c73923768') in 0.004 seconds [static and dynamic dependencies]. Details - ImportResultOutputID=22cd25e4797d814b61fa22c33b6b2a39 DependenciesID=41975514554abeac869bccf642bb6acf StaticDependenciesID=37f24c60b45d44fd0743e3e5413359c9 
Number of updated asset objects reloaded before import = 0
Number of asset objects unloaded after import = 0
========================================================================
Received Import Request.
  Time of request: 2026-09-20T00:01:46.3444293Z
  Time since last request: 0.0006555 seconds.
  importAddress: GUID: 02ef7627f46742ae83071af8bf22f1af - Path: Packages/com.unity.test-framework/UnityEditor.TestRunner/UnityTestProtocol/Messages/EditorVersionMessage.cs - Importer: ScriptedImporter/UnityEditor.QuickSearchModule:UnityEditor.Search:ASIAI0B
Importing 'GUID: 02ef7627f46742ae83071af8bf22f1af - Path: Packages/com.unity.test-framework/UnityEditor.TestRunner/UnityTestProtocol/Messages/EditorVersionMessage.cs - Importer: ScriptedImporter/UnityEditor.QuickSearchModule:UnityEditor.Search:ASIAI0B' with importer (ScriptedImporter : UnityEditor.QuickSearchModule:UnityEditor.Search:ASIAI0B)
Imported 'GUID: 02ef7627f46742ae83071af8bf22f1af' -> (Import Result ID: 'd127a697639c66d0e92f9cbebe9878a7') in 0.008 seconds [static and dynamic dependencies]. Details - ImportResultOutputID=5c742921c979af9638b625e08655071a DependenciesID=72c1828ac039fa75a87f4cd81e204619 StaticDependenciesID=5f26d29d5a83c71b4ffb728839024dae 
Number of updated asset objects reloaded before import = 0
Number of asset objects unloaded after import = 0
========================================================================
Received Import Request.
  Time of request: 2026-09-20T00:01:46.3530982Z
  Time since last request: 0.0006483 seconds.
  importAddress: GUID: dec9066d4afefe444be0dad3f137730d - Path: Packages/com.unity.test-framework/UnityEditor.TestRunner/TestRunner/Utils/TestListJob.cs - Importer: ScriptedImporter/UnityEditor.QuickSearchModule:UnityEditor.Search:ASIAI0B
Importing 'GUID: dec9066d4afefe444be0dad3f137730d - Path: Packages/com.unity.test-framework/UnityEditor.TestRunner/TestRunner/Utils/TestListJob.cs - Importer: ScriptedImporter/UnityEditor.QuickSearchModule:UnityEditor.Search:ASIAI0B' with importer (ScriptedImporter : UnityEditor.QuickSearchModule:UnityEditor.Search:ASIAI0B)
Imported 'GUID: dec9066d4afefe444be0dad3f137730d' -> (Import Result ID: '471b74c96357706df883522815af5d4d') in 0.003 seconds [static and dynamic dependencies]. Details - ImportResultOutputID=09a5db19e617d669fb94cdcd3648a150 DependenciesID=ca8b3120ced07fb624ec728bf0ee06be StaticDependenciesID=08ebd655059d108d4a47cbb243cf3a4b 
Number of updated asset objects reloaded before import = 0
Number of asset objects unloaded after import = 0
========================================================================
Received Import Request.
  Time of request: 2026-09-20T00:01:46.3573247Z
  Time since last request: 0.000476 seconds.
  importAddress: GUID: 002201b186864f54ba07f1b2d7841fc7 - Path: Packages/com.unity.test-framework/UnityEngine.TestRunner/NUnitExtensions/Attributes/UnityCoreClrExplicitDisabledAttribute.cs - Importer: ScriptedImporter/UnityEditor.QuickSearchModule:UnityEditor.Search:ASIAI0B
Importing 'GUID: 002201b186864f54ba07f1b2d7841fc7 - Path: Packages/com.unity.test-framework/UnityEngine.TestRunner/NUnitExtensions/Attributes/UnityCoreClrExplicitDisabledAttribute.cs - Importer: ScriptedImporter/UnityEditor.QuickSearchModule:UnityEditor.Search:ASIAI0B' with importer (ScriptedImporter : UnityEditor.QuickSearchModule:UnityEditor.Search:ASIAI0B)
Imported 'GUID: 002201b186864f54ba07f1b2d7841fc7' -> (Import Result ID: 'e42b52c65b34cb46da992abf1030a2e9') in 0.003 seconds [static and dynamic dependencies]. Details - ImportResultOutputID=7db2ed7b63cacc5debef3faa779da4e8 DependenciesID=57eaa86daee07ce9eb096bd710166753 StaticDependenciesID=9a7619f3bf72b1d861018a35a2579f0a 
Number of updated asset objects reloaded before import = 0
Number of asset objects unloaded after import = 0
========================================================================
Received Import Request.
  Time of request: 2026-09-20T00:01:46.3609696Z
  Time since last request: 0.0005553 seconds.
  importAddress: GUID: d52ad1cdc75642419ac24e88b43a3821 - Path: Packages/com.unity.test-framework/UnityEditor.TestRunner/UnityTestProtocol/Data/PlayerSettings.cs - Importer: ScriptedImporter/UnityEditor.QuickSearchModule:UnityEditor.Search:ASIAI0B
Importing 'GUID: d52ad1cdc75642419ac24e88b43a3821 - Path: Packages/com.unity.test-framework/UnityEditor.TestRunner/UnityTestProtocol/Data/PlayerSettings.cs - Importer: ScriptedImporter/UnityEditor.QuickSearchModule:UnityEditor.Search:ASIAI0B' with importer (ScriptedImporter : UnityEditor.QuickSearchModule:UnityEditor.Search:ASIAI0B)
Imported 'GUID: d52ad1cdc75642419ac24e88b43a3821' -> (Import Result ID: '9ac86d91cf220ba07a95d16d504f2c33') in 0.004 seconds [static and dynamic dependencies]. Details - ImportResultOutputID=2c96a6afe4dc0c0e2442f485db33e42f DependenciesID=49ac7b4868f15d809521051f9f803882 StaticDependenciesID=6bec31ab9e5eaba7532d3ca348a56c7e 
Number of updated asset objects reloaded before import = 0
Number of asset objects unloaded after import = 0
========================================================================
Received Import Request.
  Time of request: 2026-09-20T00:01:46.3666207Z
  Time since last request: 0.00135 seconds.
  importAddress: GUID: 3803f736886e77842995ddbc3531afaa - Path: Packages/com.unity.test-framework/UnityEngine.TestRunner/NUnitExtensions/Attributes/TestMustExpectAllLogsAttribute.cs - Importer: ScriptedImporter/UnityEditor.QuickSearchModule:UnityEditor.Search:ASIAI0B
Importing 'GUID: 3803f736886e77842995ddbc3531afaa - Path: Packages/com.unity.test-framework/UnityEngine.TestRunner/NUnitExtensions/Attributes/TestMustExpectAllLogsAttribute.cs - Importer: ScriptedImporter/UnityEditor.QuickSearchModule:UnityEditor.Search:ASIAI0B' with importer (ScriptedImporter : UnityEditor.QuickSearchModule:UnityEditor.Search:ASIAI0B)
Setting up noproxy from UNITY_NOPROXY environment variable. Setting to: localhost,127.0.0.1
Imported 'GUID: 3803f736886e77842995ddbc3531afaa' -> (Import Result ID: '522a11ae76862fe15bba464ed785372c') in 0.005 seconds [static and dynamic dependencies]. Details - ImportResultOutputID=cf81cf06ef3d60dfa3217e140e568e3a DependenciesID=e8a14c3750dc731f26aeb82849d924a1 StaticDependenciesID=ddc0a4d6961dbc98180b478feb16857a 
Number of updated asset objects reloaded before import = 0
Number of asset objects unloaded after import = 0
========================================================================
Received Import Request.
  Time of request: 2026-09-20T00:01:46.37361Z
  Time since last request: 0.00072 seconds.
  importAddress: GUID: 01aa6c4633a44c2ca43e69d35747cb80 - Path: Packages/com.unity.test-framework/UnityEditor.TestRunner/TestRun/Tasks/SetupConstructDelegatorTask.cs - Importer: ScriptedImporter/UnityEditor.QuickSearchModule:UnityEditor.Search:ASIAI0B
Importing 'GUID: 01aa6c4633a44c2ca43e69d35747cb80 - Path: Packages/com.unity.test-framework/UnityEditor.TestRunner/TestRun/Tasks/SetupConstructDelegatorTask.cs - Importer: ScriptedImporter/UnityEditor.QuickSearchModule:UnityEditor.Search:ASIAI0B' with importer (ScriptedImporter : UnityEditor.QuickSearchModule:UnityEditor.Search:ASIAI0B)
Imported 'GUID: 01aa6c4633a44c2ca43e69d35747cb80' -> (Import Result ID: '543c4594189ed608138489e023e38bad') in 0.005 seconds [static and dynamic dependencies]. Details - ImportResultOutputID=d1824da703fbbafe71d5cdfe0c634cd2 DependenciesID=ee75073224c0c90f1c466c783e803357 StaticDependenciesID=270148d50ea2d152e4d4959f65756a12 
Number of updated asset objects reloaded before import = 0
Number of asset objects unloaded after import = 0
========================================================================
Received Import Request.
  Time of request: 2026-09-20T00:01:46.3794242Z
  Time since last request: 0.0006781 seconds.
  importAddress: GUID: f15cbb987069826429540d0ea0937442 - Path: Packages/com.unity.test-framework/UnityEditor.TestRunner/TestRunner/Utils/TestListProvider.cs - Importer: ScriptedImporter/UnityEditor.QuickSearchModule:UnityEditor.Search:ASIAI0B
Importing 'GUID: f15cbb987069826429540d0ea0937442 - Path: Packages/com.unity.test-framework/UnityEditor.TestRunner/TestRunner/Utils/TestListProvider.cs - Importer: ScriptedImporter/UnityEditor.QuickSearchModule:UnityEditor.Search:ASIAI0B' with importer (ScriptedImporter : UnityEditor.QuickSearchModule:UnityEditor.Search:ASIAI0B)
Imported 'GUID: f15cbb987069826429540d0ea0937442' -> (Import Result ID: '7a073d317d41e2712a4b310f2154e891') in 0.005 seconds [static and dynamic dependencies]. Details - ImportResultOutputID=0b3a20db0333548ae670932d73ffabad DependenciesID=3b119f03e859fb261de8a0431f797637 StaticDependenciesID=a1baeb3ff805a1d29859c2575103db95 
Number of updated asset objects reloaded before import = 0
Number of asset objects unloaded after import = 0
========================================================================
Received Import Request.
  Time of request: 2026-09-20T00:01:46.3850839Z
  Time since last request: 0.0006154 seconds.
  importAddress: GUID: 0f691f67e4ca49a386e31761b0ff8238 - Path: Packages/com.unity.test-framework/UnityEditor.TestRunner/TestRun/Tasks/RestoreProjectSettingsTask.cs - Importer: ScriptedImporter/UnityEditor.QuickSearchModule:UnityEditor.Search:ASIAI0B
Importing 'GUID: 0f691f67e4ca49a386e31761b0ff8238 - Path: Packages/com.unity.test-framework/UnityEditor.TestRunner/TestRun/Tasks/RestoreProjectSettingsTask.cs - Importer: ScriptedImporter/UnityEditor.QuickSearchModule:UnityEditor.Search:ASIAI0B' with importer (ScriptedImporter : UnityEditor.QuickSearchModule:UnityEditor.Search:ASIAI0B)
Imported 'GUID: 0f691f67e4ca49a386e31761b0ff8238' -> (Import Result ID: '9a37d71cbe861df7c2080e7fe48f9e7b') in 0.003 seconds [static and dynamic dependencies]. Details - ImportResultOutputID=f184c2181d75798e41d03df735e9396a DependenciesID=c08f1e724c2231a66f4e1b9d3e764da9 StaticDependenciesID=570fee005d6ac293f9cdef0b2ec2d971 
Number of updated asset objects reloaded before import = 0
Number of asset objects unloaded after import = 0
========================================================================
Received Import Request.
  Time of request: 2026-09-20T00:01:46.3890467Z
  Time since last request: 0.000547 seconds.
  importAddress: GUID: f96d0ea807c081145a1170ed1b6d71e0 - Path: Packages/com.unity.test-framework/UnityEditor.TestRunner/TestRunner/Utils/EditorAssembliesProxy.cs - Importer: ScriptedImporter/UnityEditor.QuickSearchModule:UnityEditor.Search:ASIAI0B
Importing 'GUID: f96d0ea807c081145a1170ed1b6d71e0 - Path: Packages/com.unity.test-framework/UnityEditor.TestRunner/TestRunner/Utils/EditorAssembliesProxy.cs - Importer: ScriptedImporter/UnityEditor.QuickSearchModule:UnityEditor.Search:ASIAI0B' with importer (ScriptedImporter : UnityEditor.QuickSearchModule:UnityEditor.Search:ASIAI0B)
Imported 'GUID: f96d0ea807c081145a1170ed1b6d71e0' -> (Import Result ID: '449e17c0291aa996ac3578f8c405217a') in 0.004 seconds [static and dynamic dependencies]. Details - ImportResultOutputID=d3bd8c09f5a86a18cbc3e732bb84deae DependenciesID=7d05738500a72f5c25d4f606ecfd50e4 StaticDependenciesID=fbf1012335701e0b5d2646d46cf1d695 
Number of updated asset objects reloaded before import = 0
Number of asset objects unloaded after import = 0
========================================================================
Received Import Request.
  Time of request: 2026-09-20T00:01:46.3945068Z
  Time since last request: 0.0008808 seconds.
  importAddress: GUID: 321dc2c0720f8dd4f9396ecdc12b8746 - Path: Packages/com.unity.test-framework/UnityEditor.TestRunner/UnityTestProtocol/Messages/Message.cs - Importer: ScriptedImporter/UnityEditor.QuickSearchModule:UnityEditor.Search:ASIAI0B
Importing 'GUID: 321dc2c0720f8dd4f9396ecdc12b8746 - Path: Packages/com.unity.test-framework/UnityEditor.TestRunner/UnityTestProtocol/Messages/Message.cs - Importer: ScriptedImporter/UnityEditor.QuickSearchModule:UnityEditor.Search:ASIAI0B' with importer (ScriptedImporter : UnityEditor.QuickSearchModule:UnityEditor.Search:ASIAI0B)
Imported 'GUID: 321dc2c0720f8dd4f9396ecdc12b8746' -> (Import Result ID: '13fc8fb9312cd589dff0a7ed51fc0d5c') in 0.005 seconds [static and dynamic dependencies]. Details - ImportResultOutputID=6d9d60ff499fa137b331f0785e4939ef DependenciesID=c7e2569a11730e6af8cafa659a31a451 StaticDependenciesID=362d04efe5d6aab88efff3ff9f3c615d 
Number of updated asset objects reloaded before import = 0
Number of asset objects unloaded after import = 0
========================================================================
Received Import Request.
  Time of request: 2026-09-20T00:01:46.4010638Z
  Time since last request: 0.0009669 seconds.
  importAddress: GUID: efce3ac61ba34d3590656de761a677e3 - Path: Packages/com.unity.test-framework/UnityEditor.TestRunner/UnityTestProtocol/Data/QualitySettings.cs - Importer: ScriptedImporter/UnityEditor.QuickSearchModule:UnityEditor.Search:ASIAI0B
Importing 'GUID: efce3ac61ba34d3590656de761a677e3 - Path: Packages/com.unity.test-framework/UnityEditor.TestRunner/UnityTestProtocol/Data/QualitySettings.cs - Importer: ScriptedImporter/UnityEditor.QuickSearchModule:UnityEditor.Search:ASIAI0B' with importer (ScriptedImporter : UnityEditor.QuickSearchModule:UnityEditor.Search:ASIAI0B)
Imported 'GUID: efce3ac61ba34d3590656de761a677e3' -> (Import Result ID: '353c2d0e0bb5e5f66e3a60eb455d5924') in 0.005 seconds [static and dynamic dependencies]. Details - ImportResultOutputID=f52ffa3f8dfef0db1e2d45080dbd2d0d DependenciesID=5460503d927e14ef57035810d41155e9 StaticDependenciesID=59dd51e85697ee3d5d8af805eaba1410 
Number of updated asset objects reloaded before import = 0
Number of asset objects unloaded after import = 0
========================================================================
Received Import Request.
  Time of request: 2026-09-20T00:01:46.4069033Z
  Time since last request: 0.0007322 seconds.
  importAddress: GUID: 033c884ba52437d49bc55935939ef1c6 - Path: Packages/com.unity.test-framework/UnityEditor.TestRunner/TestRunner/Utils/EditorLoadedTestAssemblyProvider.cs - Importer: ScriptedImporter/UnityEditor.QuickSearchModule:UnityEditor.Search:ASIAI0B
Importing 'GUID: 033c884ba52437d49bc55935939ef1c6 - Path: Packages/com.unity.test-framework/UnityEditor.TestRunner/TestRunner/Utils/EditorLoadedTestAssemblyProvider.cs - Importer: ScriptedImporter/UnityEditor.QuickSearchModule:UnityEditor.Search:ASIAI0B' with importer (ScriptedImporter : UnityEditor.QuickSearchModule:UnityEditor.Search:ASIAI0B)
Imported 'GUID: 033c884ba52437d49bc55935939ef1c6' -> (Import Result ID: '4690a3710c996ce0ee547250f019e552') in 0.005 seconds [static and dynamic dependencies]. Details - ImportResultOutputID=b7ffd0c235f9b666d04027ad994c5d70 DependenciesID=281fcec894e2a6752f157b789e487caa StaticDependenciesID=aa33a1f14f0d1e9cfe9192d6629f734e 
Number of updated asset objects reloaded before import = 0
Number of asset objects unloaded after import = 0
========================================================================
Received Import Request.
  Time of request: 2026-09-20T00:01:46.4124138Z
  Time since last request: 0.0006797 seconds.
  importAddress: GUID: 64689f8b25eadac4da519e96f514b653 - Path: Packages/com.unity.test-framework/UnityEditor.TestRunner/TestRunner/Utils/ITestListProvider.cs - Importer: ScriptedImporter/UnityEditor.QuickSearchModule:UnityEditor.Search:ASIAI0B
Importing 'GUID: 64689f8b25eadac4da519e96f514b653 - Path: Packages/com.unity.test-framework/UnityEditor.TestRunner/TestRunner/Utils/ITestListProvider.cs - Importer: ScriptedImporter/UnityEditor.QuickSearchModule:UnityEditor.Search:ASIAI0B' with importer (ScriptedImporter : UnityEditor.QuickSearchModule:UnityEditor.Search:ASIAI0B)
Imported 'GUID: 64689f8b25eadac4da519e96f514b653' -> (Import Result ID: '5df8fe57c77a16934dd4ce3a5321bf28') in 0.004 seconds [static and dynamic dependencies]. Details - ImportResultOutputID=e39bb0d717060afc5c5948fa4915b6a4 DependenciesID=33d38af17df78014dae0a85280b5d448 StaticDependenciesID=a0ccf5090968b56b125f46b0f37bcb52 
Number of updated asset objects reloaded before import = 0
Number of asset objects unloaded after import = 0
========================================================================
Received Import Request.
  Time of request: 2026-09-20T00:01:46.4179405Z
  Time since last request: 0.0007603 seconds.
  importAddress: GUID: 7ee0c4baf94a41009b0f9292988a2000 - Path: Packages/com.unity.test-framework/UnityEditor.TestRunner/UnityTestProtocol/Data/PlayerSystemInfo.cs - Importer: ScriptedImporter/UnityEditor.QuickSearchModule:UnityEditor.Search:ASIAI0B
Importing 'GUID: 7ee0c4baf94a41009b0f9292988a2000 - Path: Packages/com.unity.test-framework/UnityEditor.TestRunner/UnityTestProtocol/Data/PlayerSystemInfo.cs - Importer: ScriptedImporter/UnityEditor.QuickSearchModule:UnityEditor.Search:ASIAI0B' with importer (ScriptedImporter : UnityEditor.QuickSearchModule:UnityEditor.Search:ASIAI0B)
Imported 'GUID: 7ee0c4baf94a41009b0f9292988a2000' -> (Import Result ID: 'f274606e7cfdcc48bc5a1c2414604439') in 0.005 seconds [static and dynamic dependencies]. Details - ImportResultOutputID=b1a453920a710855f1c89bde189a534a DependenciesID=e977655be11bcb664dcf778974e76b7b StaticDependenciesID=bdfe04f9322892d33bc67ae0c37e3acf 
Number of updated asset objects reloaded before import = 0
Number of asset objects unloaded after import = 0
========================================================================
Received Import Request.
  Time of request: 2026-09-20T00:01:46.4240378Z
  Time since last request: 0.0006646 seconds.
  importAddress: GUID: 64f0c7c73db2d32469a5208a3cff96de - Path: Packages/com.unity.test-framework/UnityEngine.TestRunner/NUnitExtensions/Attributes/UnityOneTimeSetUpAttribute.cs - Importer: ScriptedImporter/UnityEditor.QuickSearchModule:UnityEditor.Search:ASIAI0B
Importing 'GUID: 64f0c7c73db2d32469a5208a3cff96de - Path: Packages/com.unity.test-framework/UnityEngine.TestRunner/NUnitExtensions/Attributes/UnityOneTimeSetUpAttribute.cs - Importer: ScriptedImporter/UnityEditor.QuickSearchModule:UnityEditor.Search:ASIAI0B' with importer (ScriptedImporter : UnityEditor.QuickSearchModule:UnityEditor.Search:ASIAI0B)
Imported 'GUID: 64f0c7c73db2d32469a5208a3cff96de' -> (Import Result ID: '81799c1e19c66bc03e48aed5415170dc') in 0.005 seconds [static and dynamic dependencies]. Details - ImportResultOutputID=6bb690634b238900257e0979ab4e9747 DependenciesID=71eef2d2ef59331185ff016b902de445 StaticDependenciesID=b2c39af83d4c2abd2ca69ec313804598 
Number of updated asset objects reloaded before import = 0
Number of asset objects unloaded after import = 0
========================================================================
Received Import Request.
  Time of request: 2026-09-20T00:01:46.4295854Z
  Time since last request: 0.0007335 seconds.
  importAddress: GUID: 26f3e7301af463c4ca72fa98d59b429e - Path: Packages/com.unity.test-framework/UnityEditor.TestRunner/TestRunner/Utils/CachingTestListProvider.cs - Importer: ScriptedImporter/UnityEditor.QuickSearchModule:UnityEditor.Search:ASIAI0B
Importing 'GUID: 26f3e7301af463c4ca72fa98d59b429e - Path: Packages/com.unity.test-framework/UnityEditor.TestRunner/TestRunner/Utils/CachingTestListProvider.cs - Importer: ScriptedImporter/UnityEditor.QuickSearchModule:UnityEditor.Search:ASIAI0B' with importer (ScriptedImporter : UnityEditor.QuickSearchModule:UnityEditor.Search:ASIAI0B)
Imported 'GUID: 26f3e7301af463c4ca72fa98d59b429e' -> (Import Result ID: 'ff192c94bedb554e9a0250d5d9fb7eb1') in 0.005 seconds [static and dynamic dependencies]. Details - ImportResultOutputID=12c21f8a03e469e88f2c6adcdeeba253 DependenciesID=02ba8a673d06f58b481dd45ca1d32a93 StaticDependenciesID=b8acaa4102c7d749863d7a2c7a654672 
Number of updated asset objects reloaded before import = 0
Number of asset objects unloaded after import = 0
========================================================================
Received Import Request.
  Time of request: 2026-09-20T00:01:46.4353802Z
  Time since last request: 0.0007328 seconds.
  importAddress: GUID: 9bd5a110ed89025499ddee8c7e73778e - Path: Packages/com.unity.test-framework/UnityEditor.TestRunner/TestRunner/Messages/EnterPlayMode.cs - Importer: ScriptedImporter/UnityEditor.QuickSearchModule:UnityEditor.Search:ASIAI0B
Importing 'GUID: 9bd5a110ed89025499ddee8c7e73778e - Path: Packages/com.unity.test-framework/UnityEditor.TestRunner/TestRunner/Messages/EnterPlayMode.cs - Importer: ScriptedImporter/UnityEditor.QuickSearchModule:UnityEditor.Search:ASIAI0B' with importer (ScriptedImporter : UnityEditor.QuickSearchModule:UnityEditor.Search:ASIAI0B)
Imported 'GUID: 9bd5a110ed89025499ddee8c7e73778e' -> (Import Result ID: 'd4e04b80c5a5e1398683db8d7b9be3cc') in 0.003 seconds [static and dynamic dependencies]. Details - ImportResultOutputID=15693bf2b0fcce537647ea34ca05b6f9 DependenciesID=926c444f94364dc03eca30737626f5b4 StaticDependenciesID=f099cc23899cc7bc85240e3f956f1583 
Number of updated asset objects reloaded before import = 0
Number of asset objects unloaded after import = 0
========================================================================
Received Import Request.
  Time of request: 2026-09-20T00:01:46.4419463Z
  Time since last request: 0.0029283 seconds.
  importAddress: GUID: 58a43a62ecbe444d963930822e17d4cd - Path: Packages/com.unity.test-framework/UnityEditor.TestRunner/UnityTestProtocol/Data/ScreenSettings.cs - Importer: ScriptedImporter/UnityEditor.QuickSearchModule:UnityEditor.Search:ASIAI0B
Importing 'GUID: 58a43a62ecbe444d963930822e17d4cd - Path: Packages/com.unity.test-framework/UnityEditor.TestRunner/UnityTestProtocol/Data/ScreenSettings.cs - Importer: ScriptedImporter/UnityEditor.QuickSearchModule:UnityEditor.Search:ASIAI0B' with importer (ScriptedImporter : UnityEditor.QuickSearchModule:UnityEditor.Search:ASIAI0B)
Imported 'GUID: 58a43a62ecbe444d963930822e17d4cd' -> (Import Result ID: 'dd443feaa0807322d0cc108288f39ee7') in 0.004 seconds [static and dynamic dependencies]. Details - ImportResultOutputID=185145a2cbd0789346bdb5d298885c74 DependenciesID=f7bcb52b96b63fb899fdb0c4c55488c0 StaticDependenciesID=b7eb1ec0756a5dfff6ce5fe17373eecc 
Setting up noproxy from UNITY_NOPROXY environment variable. Setting to: localhost,127.0.0.1
Number of updated asset objects reloaded before import = 0
Number of asset objects unloaded after import = 0
========================================================================
Received Import Request.
  Time of request: 2026-09-20T00:01:46.4470505Z
  Time since last request: 0.0005407 seconds.
  importAddress: GUID: 7043e9a330ac2d84a80a965ada4589ad - Path: Packages/com.unity.test-framework/UnityEditor.TestRunner/TestRunner/Utils/ITestListCacheData.cs - Importer: ScriptedImporter/UnityEditor.QuickSearchModule:UnityEditor.Search:ASIAI0B
Importing 'GUID: 7043e9a330ac2d84a80a965ada4589ad - Path: Packages/com.unity.test-framework/UnityEditor.TestRunner/TestRunner/Utils/ITestListCacheData.cs - Importer: ScriptedImporter/UnityEditor.QuickSearchModule:UnityEditor.Search:ASIAI0B' with importer (ScriptedImporter : UnityEditor.QuickSearchModule:UnityEditor.Search:ASIAI0B)
Imported 'GUID: 7043e9a330ac2d84a80a965ada4589ad' -> (Import Result ID: '3401178f81eeed59a4df4eabcd355ac1') in 0.004 seconds [static and dynamic dependencies]. Details - ImportResultOutputID=7368888268d4d890ec4e37af14c41681 DependenciesID=cd290ff679ed2e82bfa638fe35328d79 StaticDependenciesID=9e1090f5dab2b8d97c5aa549c990f7e7 
Number of updated asset objects reloaded before import = 0
Number of asset objects unloaded after import = 0
========================================================================
Received Import Request.
  Time of request: 2026-09-20T00:01:46.4523416Z
  Time since last request: 0.0006642 seconds.
  importAddress: GUID: 6cf74526594248e88be90b91eb2dbe1c - Path: Packages/com.unity.test-framework/UnityEditor.TestRunner/UnityTestProtocol/Messages/QualitySettingsMessage.cs - Importer: ScriptedImporter/UnityEditor.QuickSearchModule:UnityEditor.Search:ASIAI0B
Importing 'GUID: 6cf74526594248e88be90b91eb2dbe1c - Path: Packages/com.unity.test-framework/UnityEditor.TestRunner/UnityTestProtocol/Messages/QualitySettingsMessage.cs - Importer: ScriptedImporter/UnityEditor.QuickSearchModule:UnityEditor.Search:ASIAI0B' with importer (ScriptedImporter : UnityEditor.QuickSearchModule:UnityEditor.Search:ASIAI0B)
Imported 'GUID: 6cf74526594248e88be90b91eb2dbe1c' -> (Import Result ID: '1a7234c22f4b9d098477061c76bc6dbb') in 0.004 seconds [static and dynamic dependencies]. Details - ImportResultOutputID=4f142bb640867a842584bdca4a73989f DependenciesID=d878952a4cf6d35fee599f4b143dc904 StaticDependenciesID=3c0301f70f398f7633b5c7c2ad468405 
Number of updated asset objects reloaded before import = 0
Number of asset objects unloaded after import = 0
========================================================================
Received Import Request.
  Time of request: 2026-09-20T00:01:46.4570439Z
  Time since last request: 0.0005395 seconds.
  importAddress: GUID: f699428dfee64165b017dced94d8ca70 - Path: Packages/com.unity.test-framework/UnityEditor.TestRunner/UnityTestProtocol/Data/BuildSettings.cs - Importer: ScriptedImporter/UnityEditor.QuickSearchModule:UnityEditor.Search:ASIAI0B
Importing 'GUID: f699428dfee64165b017dced94d8ca70 - Path: Packages/com.unity.test-framework/UnityEditor.TestRunner/UnityTestProtocol/Data/BuildSettings.cs - Importer: ScriptedImporter/UnityEditor.QuickSearchModule:UnityEditor.Search:ASIAI0B' with importer (ScriptedImporter : UnityEditor.QuickSearchModule:UnityEditor.Search:ASIAI0B)
Imported 'GUID: f699428dfee64165b017dced94d8ca70' -> (Import Result ID: '1abcc6f8dc791aee5a670ecf713e5e26') in 0.004 seconds [static and dynamic dependencies]. Details - ImportResultOutputID=0575fe09d67eeda98d09fea051cb4e42 DependenciesID=523588d5a3a14d9e73c4e77be81b4815 StaticDependenciesID=c0c30c128f32ac5e90780b4d6359f949 
Number of updated asset objects reloaded before import = 0
Number of asset objects unloaded after import = 0
========================================================================
Received Import Request.
  Time of request: 2026-09-20T00:01:46.4618119Z
  Time since last request: 0.0006145 seconds.
  importAddress: GUID: 0c56471f08a0f6846afc792f0b4205b9 - Path: Packages/com.unity.test-framework/UnityEngine.TestRunner/Assertions/LogScope/LogEvent.cs - Importer: ScriptedImporter/UnityEditor.QuickSearchModule:UnityEditor.Search:ASIAI0B
Importing 'GUID: 0c56471f08a0f6846afc792f0b4205b9 - Path: Packages/com.unity.test-framework/UnityEngine.TestRunner/Assertions/LogScope/LogEvent.cs - Importer: ScriptedImporter/UnityEditor.QuickSearchModule:UnityEditor.Search:ASIAI0B' with importer (ScriptedImporter : UnityEditor.QuickSearchModule:UnityEditor.Search:ASIAI0B)
Imported 'GUID: 0c56471f08a0f6846afc792f0b4205b9' -> (Import Result ID: '20bedee200b32508942a5cc29f345ed6') in 0.008 seconds [static and dynamic dependencies]. Details - ImportResultOutputID=a74cc7188f04346df9a38447a30b31d9 DependenciesID=ce37e0cb0efe0e08efface6e23899bfc StaticDependenciesID=f52a326db5f3252510810605c6f72179 
Number of updated asset objects reloaded before import = 0
Number of asset objects unloaded after import = 0
========================================================================
Received Import Request.
  Time of request: 2026-09-20T00:01:46.4703545Z
  Time since last request: 0.0005842 seconds.
  importAddress: GUID: a704c010bcdb1ec4a9f3417b3c393164 - Path: Packages/com.unity.test-framework/UnityEditor.TestRunner/TestRunner/Utils/ITestListCache.cs - Importer: ScriptedImporter/UnityEditor.QuickSearchModule:UnityEditor.Search:ASIAI0B
Importing 'GUID: a704c010bcdb1ec4a9f3417b3c393164 - Path: Packages/com.unity.test-framework/UnityEditor.TestRunner/TestRunner/Utils/ITestListCache.cs - Importer: ScriptedImporter/UnityEditor.QuickSearchModule:UnityEditor.Search:ASIAI0B' with importer (ScriptedImporter : UnityEditor.QuickSearchModule:UnityEditor.Search:ASIAI0B)
Imported 'GUID: a704c010bcdb1ec4a9f3417b3c393164' -> (Import Result ID: '5dee458e34604e3664319df70fd3278a') in 0.004 seconds [static and dynamic dependencies]. Details - ImportResultOutputID=cf417a48c8a3ec7a5712094bdf3c3fb1 DependenciesID=67e8423784dc36ff6eb2c88077e83372 StaticDependenciesID=fc8df97ec18d9633534efcce171812b2 
Number of updated asset objects reloaded before import = 0
Number of asset objects unloaded after import = 0
========================================================================
Received Import Request.
  Time of request: 2026-09-20T00:01:46.4757122Z
  Time since last request: 0.0007862 seconds.
  importAddress: GUID: 28f79a0d7e64c2345bc46f8c4cf788f8 - Path: Packages/com.unity.test-framework/UnityEditor.TestRunner/UnityTestProtocol/Messages/TestPlanMessage.cs - Importer: ScriptedImporter/UnityEditor.QuickSearchModule:UnityEditor.Search:ASIAI0B
Importing 'GUID: 28f79a0d7e64c2345bc46f8c4cf788f8 - Path: Packages/com.unity.test-framework/UnityEditor.TestRunner/UnityTestProtocol/Messages/TestPlanMessage.cs - Importer: ScriptedImporter/UnityEditor.QuickSearchModule:UnityEditor.Search:ASIAI0B' with importer (ScriptedImporter : UnityEditor.QuickSearchModule:UnityEditor.Search:ASIAI0B)
Imported 'GUID: 28f79a0d7e64c2345bc46f8c4cf788f8' -> (Import Result ID: '30d331ba188854a830bf4594125efae5') in 0.004 seconds [static and dynamic dependencies]. Details - ImportResultOutputID=7728f49c09164b3c7752dd38cc9e8cb7 DependenciesID=936b92bbd1e063ccbd0d56e1c5273203 StaticDependenciesID=da820d30afa8de545240c9e08b11a178 
Number of updated asset objects reloaded before import = 0
Number of asset objects unloaded after import = 0
========================================================================
Received Import Request.
  Time of request: 2026-09-20T00:01:46.4819055Z
  Time since last request: 0.0019005 seconds.
  importAddress: GUID: 936b6288befc460409cfdff3ac92fc95 - Path: Packages/com.unity.test-framework/UnityEditor.TestRunner/TestRunner/Utils/IEditorLoadedTestAssemblyProvider.cs - Importer: ScriptedImporter/UnityEditor.QuickSearchModule:UnityEditor.Search:ASIAI0B
Importing 'GUID: 936b6288befc460409cfdff3ac92fc95 - Path: Packages/com.unity.test-framework/UnityEditor.TestRunner/TestRunner/Utils/IEditorLoadedTestAssemblyProvider.cs - Importer: ScriptedImporter/UnityEditor.QuickSearchModule:UnityEditor.Search:ASIAI0B' with importer (ScriptedImporter : UnityEditor.QuickSearchModule:UnityEditor.Search:ASIAI0B)
Imported 'GUID: 936b6288befc460409cfdff3ac92fc95' -> (Import Result ID: '34a725dd8dcb4e06b3ef4c22c81752c6') in 0.005 seconds [static and dynamic dependencies]. Details - ImportResultOutputID=afd77590eb7e675625a3b33508a1c68c DependenciesID=738780ceb687afe4543cd495311b91f2 StaticDependenciesID=7d71ed5df4ed66b898306002c818f5ad 
Number of updated asset objects reloaded before import = 0
Number of asset objects unloaded after import = 0
========================================================================
Received Import Request.
  Time of request: 2026-09-20T00:01:46.4876114Z
  Time since last request: 0.0006609 seconds.
  importAddress: GUID: 9202fbba95ea8294cb5e718f028f21b0 - Path: Packages/com.unity.test-framework/UnityEditor.TestRunner/TestRunner/Messages/RecompileScripts.cs - Importer: ScriptedImporter/UnityEditor.QuickSearchModule:UnityEditor.Search:ASIAI0B
Importing 'GUID: 9202fbba95ea8294cb5e718f028f21b0 - Path: Packages/com.unity.test-framework/UnityEditor.TestRunner/TestRunner/Messages/RecompileScripts.cs - Importer: ScriptedImporter/UnityEditor.QuickSearchModule:UnityEditor.Search:ASIAI0B' with importer (ScriptedImporter : UnityEditor.QuickSearchModule:UnityEditor.Search:ASIAI0B)
Imported 'GUID: 9202fbba95ea8294cb5e718f028f21b0' -> (Import Result ID: '70eb94b7ef77183bcba9bccf535f91bb') in 0.003 seconds [static and dynamic dependencies]. Details - ImportResultOutputID=f9095eb4d7cacb79575f76dc673e9209 DependenciesID=08a5951e248babae2bbc4d8a1cd07e71 StaticDependenciesID=f61e7d57c9d5f76094ffd34ff548db0f 
Number of updated asset objects reloaded before import = 0
Number of asset objects unloaded after import = 0
========================================================================
Received Import Request.
  Time of request: 2026-09-20T00:01:46.4919597Z
  Time since last request: 0.0008419 seconds.
  importAddress: GUID: 20cdb37e6fea6d946bbb84d2c923db85 - Path: Packages/com.unity.test-framework/UnityEditor.TestRunner/TestRunner/Utils/EditorAssemblyWrapper.cs - Importer: ScriptedImporter/UnityEditor.QuickSearchModule:UnityEditor.Search:ASIAI0B
Importing 'GUID: 20cdb37e6fea6d946bbb84d2c923db85 - Path: Packages/com.unity.test-framework/UnityEditor.TestRunner/TestRunner/Utils/EditorAssemblyWrapper.cs - Importer: ScriptedImporter/UnityEditor.QuickSearchModule:UnityEditor.Search:ASIAI0B' with importer (ScriptedImporter : UnityEditor.QuickSearchModule:UnityEditor.Search:ASIAI0B)
Imported 'GUID: 20cdb37e6fea6d946bbb84d2c923db85' -> (Import Result ID: 'a11c3c8d0d9d50a84ddc6104dc529000') in 0.003 seconds [static and dynamic dependencies]. Details - ImportResultOutputID=344d26d95a9427454b8f6500419877aa DependenciesID=3bb26daba0b5c6ccc9d4b3e7ec2bb68e StaticDependenciesID=3fd86afd6c619383963c66d108a40cdd 
Number of updated asset objects reloaded before import = 0
Number of asset objects unloaded after import = 0
========================================================================
Received Import Request.
  Time of request: 2026-09-20T00:01:46.4961104Z
  Time since last request: 0.0004856 seconds.
  importAddress: GUID: 342d9ef4da0a19b49877f576c2deec14 - Path: Packages/com.unity.test-framework/UnityEditor.TestRunner/TestRun/Tasks/TestTaskBase.cs - Importer: ScriptedImporter/UnityEditor.QuickSearchModule:UnityEditor.Search:ASIAI0B
Importing 'GUID: 342d9ef4da0a19b49877f576c2deec14 - Path: Packages/com.unity.test-framework/UnityEditor.TestRunner/TestRun/Tasks/TestTaskBase.cs - Importer: ScriptedImporter/UnityEditor.QuickSearchModule:UnityEditor.Search:ASIAI0B' with importer (ScriptedImporter : UnityEditor.QuickSearchModule:UnityEditor.Search:ASIAI0B)
Imported 'GUID: 342d9ef4da0a19b49877f576c2deec14' -> (Import Result ID: '2b5ceec93b23fca0af84d46c72172a32') in 0.004 seconds [static and dynamic dependencies]. Details - ImportResultOutputID=a063fcacaea8c1ac1019b0b11ec06d8e DependenciesID=755439ccc4e63627b2240fda655057de StaticDependenciesID=d5dacf29f216c578cf3723668936f3f0 
Number of updated asset objects reloaded before import = 0
Number of asset objects unloaded after import = 0
========================================================================
Received Import Request.
  Time of request: 2026-09-20T00:01:46.5007911Z
  Time since last request: 0.0008312 seconds.
  importAddress: GUID: 5440c1153b397e14c9c7b1d6eb83b9f9 - Path: Packages/com.unity.test-framework/UnityEngine.TestRunner/NUnitExtensions/Attributes/UnityPlatformAttribute.cs - Importer: ScriptedImporter/UnityEditor.QuickSearchModule:UnityEditor.Search:ASIAI0B
Importing 'GUID: 5440c1153b397e14c9c7b1d6eb83b9f9 - Path: Packages/com.unity.test-framework/UnityEngine.TestRunner/NUnitExtensions/Attributes/UnityPlatformAttribute.cs - Importer: ScriptedImporter/UnityEditor.QuickSearchModule:UnityEditor.Search:ASIAI0B' with importer (ScriptedImporter : UnityEditor.QuickSearchModule:UnityEditor.Search:ASIAI0B)
Imported 'GUID: 5440c1153b397e14c9c7b1d6eb83b9f9' -> (Import Result ID: '2f89b86b791b1ac33aea6a0b3441792a') in 0.005 seconds [static and dynamic dependencies]. Details - ImportResultOutputID=85071afb955d8e815726438b37b71dc3 DependenciesID=c968038eba4f00ffa1164e9674bfa84a StaticDependenciesID=68a9b5bfbadd1b03b9c1ebf996aa042d 
Number of updated asset objects reloaded before import = 0
Number of asset objects unloaded after import = 0
Setting up noproxy from UNITY_NOPROXY environment variable. Setting to: localhost,127.0.0.1
========================================================================
Received Import Request.
  Time of request: 2026-09-20T00:01:46.5263217Z
  Time since last request: 0.0206289 seconds.
  importAddress: GUID: 5c15bf0966eb95847a4260d830a30d30 - Path: Packages/com.unity.test-framework/UnityEngine.TestRunner/NUnitExtensions/Runner/WorkItemFactory.cs - Importer: ScriptedImporter/UnityEditor.QuickSearchModule:UnityEditor.Search:ASIAI0B
Importing 'GUID: 5c15bf0966eb95847a4260d830a30d30 - Path: Packages/com.unity.test-framework/UnityEngine.TestRunner/NUnitExtensions/Runner/WorkItemFactory.cs - Importer: ScriptedImporter/UnityEditor.QuickSearchModule:UnityEditor.Search:ASIAI0B' with importer (ScriptedImporter : UnityEditor.QuickSearchModule:UnityEditor.Search:ASIAI0B)
Imported 'GUID: 5c15bf0966eb95847a4260d830a30d30' -> (Import Result ID: '8fd585af04857ce10452d0d993b10c95') in 0.004 seconds [static and dynamic dependencies]. Details - ImportResultOutputID=afafdcded61b9602e21f4736151d7bd5 DependenciesID=c28e18987dd35beb6307edf80039dff8 StaticDependenciesID=13e27c9233de7c18b3675f98eb9f146a 
Number of updated asset objects reloaded before import = 0
Number of asset objects unloaded after import = 0
========================================================================
Received Import Request.
  Time of request: 2026-09-20T00:01:46.5312995Z
  Time since last request: 0.000965 seconds.
  importAddress: GUID: d2ca9278c9dd49df877d622d0f657ecf - Path: Packages/com.unity.test-framework/UnityEngine.TestRunner/NUnitExtensions/Commands/UnityTestMethodCommand.cs - Importer: ScriptedImporter/UnityEditor.QuickSearchModule:UnityEditor.Search:ASIAI0B
Importing 'GUID: d2ca9278c9dd49df877d622d0f657ecf - Path: Packages/com.unity.test-framework/UnityEngine.TestRunner/NUnitExtensions/Commands/UnityTestMethodCommand.cs - Importer: ScriptedImporter/UnityEditor.QuickSearchModule:UnityEditor.Search:ASIAI0B' with importer (ScriptedImporter : UnityEditor.QuickSearchModule:UnityEditor.Search:ASIAI0B)
Imported 'GUID: d2ca9278c9dd49df877d622d0f657ecf' -> (Import Result ID: 'c846fc2bf3e7f84c63142421ce115ffa') in 0.004 seconds [static and dynamic dependencies]. Details - ImportResultOutputID=dca346fb8158da1638495e454debaef7 DependenciesID=6b68d36fac3ef01b0ad2397156aa88c7 StaticDependenciesID=fcc5851428962070275b604e3fea9238 
Number of updated asset objects reloaded before import = 0
Number of asset objects unloaded after import = 0
========================================================================
Received Import Request.
  Time of request: 2026-09-20T00:01:46.5363928Z
  Time since last request: 0.0005671 seconds.
  importAddress: GUID: f180b12c4cff494c91056caa03f9c109 - Path: Packages/com.unity.test-framework/UnityEngine.TestRunner/NUnitExtensions/Commands/RetryCommand.cs - Importer: ScriptedImporter/UnityEditor.QuickSearchModule:UnityEditor.Search:ASIAI0B
Importing 'GUID: f180b12c4cff494c91056caa03f9c109 - Path: Packages/com.unity.test-framework/UnityEngine.TestRunner/NUnitExtensions/Commands/RetryCommand.cs - Importer: ScriptedImporter/UnityEditor.QuickSearchModule:UnityEditor.Search:ASIAI0B' with importer (ScriptedImporter : UnityEditor.QuickSearchModule:UnityEditor.Search:ASIAI0B)
Imported 'GUID: f180b12c4cff494c91056caa03f9c109' -> (Import Result ID: '41e1237d1969697aee5cb14108cf1bc7') in 0.003 seconds [static and dynamic dependencies]. Details - ImportResultOutputID=a772022fcafb244f316f60d429a97de9 DependenciesID=7edefec44963fb492b93529bcda4f32e StaticDependenciesID=052f69e45c417a64d247b045357573c1 
Number of updated asset objects reloaded before import = 0
Number of asset objects unloaded after import = 0
========================================================================
Received Import Request.
  Time of request: 2026-09-20T00:01:46.5405948Z
  Time since last request: 0.0005444 seconds.
  importAddress: GUID: 110d5035a36a6a34580fb65bb40cd78f - Path: Packages/com.unity.test-framework/UnityEngine.TestRunner/NUnitExtensions/Runner/CompositeWorkItem.cs - Importer: ScriptedImporter/UnityEditor.QuickSearchModule:UnityEditor.Search:ASIAI0B
Importing 'GUID: 110d5035a36a6a34580fb65bb40cd78f - Path: Packages/com.unity.test-framework/UnityEngine.TestRunner/NUnitExtensions/Runner/CompositeWorkItem.cs - Importer: ScriptedImporter/UnityEditor.QuickSearchModule:UnityEditor.Search:ASIAI0B' with importer (ScriptedImporter : UnityEditor.QuickSearchModule:UnityEditor.Search:ASIAI0B)
Imported 'GUID: 110d5035a36a6a34580fb65bb40cd78f' -> (Import Result ID: 'f81ea33babe8be045eef4f5950f400be') in 0.004 seconds [static and dynamic dependencies]. Details - ImportResultOutputID=d9788a7c31a05d6074b5cbc99f80b27a DependenciesID=f7111c9b142f6ed1f425f5adf8a9f67b StaticDependenciesID=8db36c27c49c4ee411870354a97bcece 
Number of updated asset objects reloaded before import = 0
Number of asset objects unloaded after import = 0
========================================================================
Received Import Request.
  Time of request: 2026-09-20T00:01:46.5454179Z
  Time since last request: 0.0005252 seconds.
  importAddress: GUID: 79ced2556f0af814a840b86232613ff1 - Path: Packages/com.unity.test-framework/UnityEngine.TestRunner/NUnitExtensions/Runner/UnityWorkItem.cs - Importer: ScriptedImporter/UnityEditor.QuickSearchModule:UnityEditor.Search:ASIAI0B
Importing 'GUID: 79ced2556f0af814a840b86232613ff1 - Path: Packages/com.unity.test-framework/UnityEngine.TestRunner/NUnitExtensions/Runner/UnityWorkItem.cs - Importer: ScriptedImporter/UnityEditor.QuickSearchModule:UnityEditor.Search:ASIAI0B' with importer (ScriptedImporter : UnityEditor.QuickSearchModule:UnityEditor.Search:ASIAI0B)
Imported 'GUID: 79ced2556f0af814a840b86232613ff1' -> (Import Result ID: '98016fcc3ecb1812408b5321614e767e') in 0.003 seconds [static and dynamic dependencies]. Details - ImportResultOutputID=6105101d75a25c8375299ad16b4225ad DependenciesID=1f2a2f6b68a2a6e89d49a9e96786d1b3 StaticDependenciesID=f54a487496eddea2891c04719a28d6c4 
Number of updated asset objects reloaded before import = 0
Number of asset objects unloaded after import = 0
========================================================================
Received Import Request.
  Time of request: 2026-09-20T00:01:46.5493482Z
  Time since last request: 0.0007642 seconds.
  importAddress: GUID: 12dfd4bdbb5c8e6419432fbc54ef25d9 - Path: Packages/com.unity.test-framework/UnityEngine.TestRunner/Utils/AssemblyProvider/IAssemblyLoadProxy.cs - Importer: ScriptedImporter/UnityEditor.QuickSearchModule:UnityEditor.Search:ASIAI0B
Importing 'GUID: 12dfd4bdbb5c8e6419432fbc54ef25d9 - Path: Packages/com.unity.test-framework/UnityEngine.TestRunner/Utils/AssemblyProvider/IAssemblyLoadProxy.cs - Importer: ScriptedImporter/UnityEditor.QuickSearchModule:UnityEditor.Search:ASIAI0B' with importer (ScriptedImporter : UnityEditor.QuickSearchModule:UnityEditor.Search:ASIAI0B)
Imported 'GUID: 12dfd4bdbb5c8e6419432fbc54ef25d9' -> (Import Result ID: '4693cdcbf37361779701b50616ff197e') in 0.005 seconds [static and dynamic dependencies]. Details - ImportResultOutputID=9856fe94410e2364720ae747a34e0e7e DependenciesID=13628c83208dc6896e6641c162f52bbc StaticDependenciesID=55a864c92352fd09a9795105193adc4a 
Number of updated asset objects reloaded before import = 0
Number of asset objects unloaded after import = 0
========================================================================
Received Import Request.
  Time of request: 2026-09-20T00:01:46.5549661Z
  Time since last request: 0.0007388 seconds.
  importAddress: GUID: 203984dce16ec4246a37d5b4f555c858 - Path: Packages/com.unity.test-framework/UnityEngine.TestRunner/NUnitExtensions/Runner/TestCommandWrapperRegistry.cs - Importer: ScriptedImporter/UnityEditor.QuickSearchModule:UnityEditor.Search:ASIAI0B
Importing 'GUID: 203984dce16ec4246a37d5b4f555c858 - Path: Packages/com.unity.test-framework/UnityEngine.TestRunner/NUnitExtensions/Runner/TestCommandWrapperRegistry.cs - Importer: ScriptedImporter/UnityEditor.QuickSearchModule:UnityEditor.Search:ASIAI0B' with importer (ScriptedImporter : UnityEditor.QuickSearchModule:UnityEditor.Search:ASIAI0B)
Imported 'GUID: 203984dce16ec4246a37d5b4f555c858' -> (Import Result ID: 'c9e15c2d4ed76c3dfdfed67cc198ffe1') in 0.004 seconds [static and dynamic dependencies]. Details - ImportResultOutputID=c54b2dca91725fd64509d2a3fdb64129 DependenciesID=e646eaafa17c56492e0914c270804058 StaticDependenciesID=0c9b14a25c1fa07ae2403f6925518a59 
Number of updated asset objects reloaded before import = 0
Number of asset objects unloaded after import = 0
========================================================================
Received Import Request.
  Time of request: 2026-09-20T00:01:46.5596003Z
  Time since last request: 0.000709 seconds.
  importAddress: GUID: 41d60936b62cc6d4ca7fe628b22b0e40 - Path: Packages/com.unity.test-framework/UnityEngine.TestRunner/TestRunner/RemoteHelpers/PlayerConnectionMessageIds.cs - Importer: ScriptedImporter/UnityEditor.QuickSearchModule:UnityEditor.Search:ASIAI0B
Importing 'GUID: 41d60936b62cc6d4ca7fe628b22b0e40 - Path: Packages/com.unity.test-framework/UnityEngine.TestRunner/TestRunner/RemoteHelpers/PlayerConnectionMessageIds.cs - Importer: ScriptedImporter/UnityEditor.QuickSearchModule:UnityEditor.Search:ASIAI0B' with importer (ScriptedImporter : UnityEditor.QuickSearchModule:UnityEditor.Search:ASIAI0B)
Imported 'GUID: 41d60936b62cc6d4ca7fe628b22b0e40' -> (Import Result ID: '4c5a0faacf656b5f17b96ae3e97a81d0') in 0.004 seconds [static and dynamic dependencies]. Details - ImportResultOutputID=129c9778ffe05d112dde5b263fdab7a5 DependenciesID=27ef1670c337324edce39bb170d92000 StaticDependenciesID=c7e8a7f364845a827f43ea575116d6dd 
Number of updated asset objects reloaded before import = 0
Number of asset objects unloaded after import = 0
========================================================================
Received Import Request.
  Time of request: 2026-09-20T00:01:46.5646326Z
  Time since last request: 0.0006855 seconds.
  importAddress: GUID: 2de8ba3b840049641897e0da7ce1d5cd - Path: Packages/com.unity.test-framework/UnityEngine.TestRunner/NUnitExtensions/Commands/TestActionCommand.cs - Importer: ScriptedImporter/UnityEditor.QuickSearchModule:UnityEditor.Search:ASIAI0B
Importing 'GUID: 2de8ba3b840049641897e0da7ce1d5cd - Path: Packages/com.unity.test-framework/UnityEngine.TestRunner/NUnitExtensions/Commands/TestActionCommand.cs - Importer: ScriptedImporter/UnityEditor.QuickSearchModule:UnityEditor.Search:ASIAI0B' with importer (ScriptedImporter : UnityEditor.QuickSearchModule:UnityEditor.Search:ASIAI0B)
Imported 'GUID: 2de8ba3b840049641897e0da7ce1d5cd' -> (Import Result ID: 'ca11157b259deb052439bdfb4386508b') in 0.004 seconds [static and dynamic dependencies]. Details - ImportResultOutputID=4b31227e139e5f5ea8af42a4f7a1b3b5 DependenciesID=07ccdde3b8447d5d9db2f0e616f6edcf StaticDependenciesID=902dd7ceaa21f94e405b308c396366ae 
Number of updated asset objects reloaded before import = 0
Number of asset objects unloaded after import = 0
========================================================================
Received Import Request.
  Time of request: 2026-09-20T00:01:46.5728635Z
  Time since last request: 0.0006029 seconds.
  importAddress: GUID: 68e5dc8bfd5d72647a93b7f2e1da831a - Path: Packages/com.unity.test-framework/UnityEngine.TestRunner/NUnitExtensions/Runner/FailCommand.cs - Importer: ScriptedImporter/UnityEditor.QuickSearchModule:UnityEditor.Search:ASIAI0B
Importing 'GUID: 68e5dc8bfd5d72647a93b7f2e1da831a - Path: Packages/com.unity.test-framework/UnityEngine.TestRunner/NUnitExtensions/Runner/FailCommand.cs - Importer: ScriptedImporter/UnityEditor.QuickSearchModule:UnityEditor.Search:ASIAI0B' with importer (ScriptedImporter : UnityEditor.QuickSearchModule:UnityEditor.Search:ASIAI0B)
Imported 'GUID: 68e5dc8bfd5d72647a93b7f2e1da831a' -> (Import Result ID: '346fab804abf8f8a2c651254644d41e4') in 0.005 seconds [static and dynamic dependencies]. Details - ImportResultOutputID=9c9440efe02c812d4d7b6fcf0ac83c80 DependenciesID=a90ce7c6da0aec589fd53c1a26bcd999 StaticDependenciesID=bfe6caf1c6cdf8685b86c86595ad362f 
Number of updated asset objects reloaded before import = 0
Number of asset objects unloaded after import = 0
========================================================================
Received Import Request.
  Time of request: 2026-09-20T00:01:46.5784507Z
  Time since last request: 0.0007064 seconds.
  importAddress: GUID: df537bdce04d7964193fffe1cc99a343 - Path: Packages/com.unity.test-framework/UnityEngine.TestRunner/NUnitExtensions/Commands/EnumerableOneTimeSetUpTearDownCommand.cs - Importer: ScriptedImporter/UnityEditor.QuickSearchModule:UnityEditor.Search:ASIAI0B
Importing 'GUID: df537bdce04d7964193fffe1cc99a343 - Path: Packages/com.unity.test-framework/UnityEngine.TestRunner/NUnitExtensions/Commands/EnumerableOneTimeSetUpTearDownCommand.cs - Importer: ScriptedImporter/UnityEditor.QuickSearchModule:UnityEditor.Search:ASIAI0B' with importer (ScriptedImporter : UnityEditor.QuickSearchModule:UnityEditor.Search:ASIAI0B)
Imported 'GUID: df537bdce04d7964193fffe1cc99a343' -> (Import Result ID: 'fb15441474edb348c2d4966226cfef0e') in 0.005 seconds [static and dynamic dependencies]. Details - ImportResultOutputID=ad57dfb36ecb43bcd883ba3edae3d84f DependenciesID=47932d34a77e601e535f0be1a2d1143e StaticDependenciesID=76082ddde07a5b0334010c77ca407c65 
Number of updated asset objects reloaded before import = 0
Number of asset objects unloaded after import = 0
========================================================================
Received Import Request.
  Time of request: 2026-09-20T00:01:46.584467Z
  Time since last request: 0.0006527 seconds.
  importAddress: GUID: ebeedaa04bb53e24ba2e7fb6745e3fd3 - Path: Packages/com.unity.test-framework/UnityEngine.TestRunner/NUnitExtensions/Filters/CategoryFilterExtended.cs - Importer: ScriptedImporter/UnityEditor.QuickSearchModule:UnityEditor.Search:ASIAI0B
Importing 'GUID: ebeedaa04bb53e24ba2e7fb6745e3fd3 - Path: Packages/com.unity.test-framework/UnityEngine.TestRunner/NUnitExtensions/Filters/CategoryFilterExtended.cs - Importer: ScriptedImporter/UnityEditor.QuickSearchModule:UnityEditor.Search:ASIAI0B' with importer (ScriptedImporter : UnityEditor.QuickSearchModule:UnityEditor.Search:ASIAI0B)
Imported 'GUID: ebeedaa04bb53e24ba2e7fb6745e3fd3' -> (Import Result ID: '4cfc681a69ddcd6cb95af7964fe62add') in 0.004 seconds [static and dynamic dependencies]. Details - ImportResultOutputID=da30cbb8eb613e6388ade96a1f3bd5ed DependenciesID=4a6c0bf15805ad175f578bca0bc4529f StaticDependenciesID=1797b8be295a422d522046765fa0dd98 
Number of updated asset objects reloaded before import = 0
Number of asset objects unloaded after import = 0
========================================================================
Received Import Request.
  Time of request: 2026-09-20T00:01:46.5894479Z
  Time since last request: 0.0005311 seconds.
  importAddress: GUID: e273462feb9a65948826739f683cc9a9 - Path: Packages/com.unity.test-framework/UnityEngine.TestRunner/NUnitExtensions/Commands/EnumerableRepeatedTestCommand.cs - Importer: ScriptedImporter/UnityEditor.QuickSearchModule:UnityEditor.Search:ASIAI0B
Importing 'GUID: e273462feb9a65948826739f683cc9a9 - Path: Packages/com.unity.test-framework/UnityEngine.TestRunner/NUnitExtensions/Commands/EnumerableRepeatedTestCommand.cs - Importer: ScriptedImporter/UnityEditor.QuickSearchModule:UnityEditor.Search:ASIAI0B' with importer (ScriptedImporter : UnityEditor.QuickSearchModule:UnityEditor.Search:ASIAI0B)
Imported 'GUID: e273462feb9a65948826739f683cc9a9' -> (Import Result ID: '67cdf91562227b851f50908bd1b39c31') in 0.005 seconds [static and dynamic dependencies]. Details - ImportResultOutputID=b116205e59fe597c629d8da4fad82ea2 DependenciesID=85fd526ab31e39e81c0a7943b88ceea8 StaticDependenciesID=9c6b46cd864e619cd600c0286f4ded47 
Number of updated asset objects reloaded before import = 0
Number of asset objects unloaded after import = 0
========================================================================
Received Import Request.
  Time of request: 2026-09-20T00:01:46.5952251Z
  Time since last request: 0.0007215 seconds.
  importAddress: GUID: e0db3f3921670cd4ca2e925737c3fba4 - Path: Packages/com.unity.test-framework/UnityEngine.TestRunner/NUnitExtensions/Commands/SetUpTearDownCommand.cs - Importer: ScriptedImporter/UnityEditor.QuickSearchModule:UnityEditor.Search:ASIAI0B
Importing 'GUID: e0db3f3921670cd4ca2e925737c3fba4 - Path: Packages/com.unity.test-framework/UnityEngine.TestRunner/NUnitExtensions/Commands/SetUpTearDownCommand.cs - Importer: ScriptedImporter/UnityEditor.QuickSearchModule:UnityEditor.Search:ASIAI0B' with importer (ScriptedImporter : UnityEditor.QuickSearchModule:UnityEditor.Search:ASIAI0B)
Imported 'GUID: e0db3f3921670cd4ca2e925737c3fba4' -> (Import Result ID: '94504c0fb36d7925b5994c88835c51c6') in 0.004 seconds [static and dynamic dependencies]. Details - ImportResultOutputID=19afa4511d7548252dd8fc0fa51d3cff DependenciesID=500529d76ca59ac1cad3a3f0f6017fdd StaticDependenciesID=0b15dd397f92bc04e8d39db552b35e99 
Number of updated asset objects reloaded before import = 0
Number of asset objects unloaded after import = 0
========================================================================
Received Import Request.
  Time of request: 2026-09-20T00:01:46.6000767Z
  Time since last request: 0.0009031 seconds.
  importAddress: GUID: 59ff995fabb3bac45afa0f96f333e5dc - Path: Packages/com.unity.test-framework/UnityEngine.TestRunner/NUnitExtensions/Runner/UnityTestExecutionContext.cs - Importer: ScriptedImporter/UnityEditor.QuickSearchModule:UnityEditor.Search:ASIAI0B
Importing 'GUID: 59ff995fabb3bac45afa0f96f333e5dc - Path: Packages/com.unity.test-framework/UnityEngine.TestRunner/NUnitExtensions/Runner/UnityTestExecutionContext.cs - Importer: ScriptedImporter/UnityEditor.QuickSearchModule:UnityEditor.Search:ASIAI0B' with importer (ScriptedImporter : UnityEditor.QuickSearchModule:UnityEditor.Search:ASIAI0B)
Imported 'GUID: 59ff995fabb3bac45afa0f96f333e5dc' -> (Import Result ID: '45458d84ac9b17c9a698147f2fab4f5e') in 0.007 seconds [static and dynamic dependencies]. Details - ImportResultOutputID=40b0457c246bb5d5f67ec63dc3c35f4a DependenciesID=7989b2160f2a0e7fb8a438d4a21210fe StaticDependenciesID=c2782b078e943466fe3cb9399b3a3311 
Number of updated asset objects reloaded before import = 0
Number of asset objects unloaded after import = 0
========================================================================
Received Import Request.
  Time of request: 2026-09-20T00:01:46.6080057Z
  Time since last request: 0.0008661 seconds.
  importAddress: GUID: 5ebb87899ca30b743bb4274bc00c02b4 - Path: Packages/com.unity.test-framework/UnityEngine.TestRunner/TestRunner/Callbacks/TestResultRenderer.cs - Importer: ScriptedImporter/UnityEditor.QuickSearchModule:UnityEditor.Search:ASIAI0B
Importing 'GUID: 5ebb87899ca30b743bb4274bc00c02b4 - Path: Packages/com.unity.test-framework/UnityEngine.TestRunner/TestRunner/Callbacks/TestResultRenderer.cs - Importer: ScriptedImporter/UnityEditor.QuickSearchModule:UnityEditor.Search:ASIAI0B' with importer (ScriptedImporter : UnityEditor.QuickSearchModule:UnityEditor.Search:ASIAI0B)
Imported 'GUID: 5ebb87899ca30b743bb4274bc00c02b4' -> (Import Result ID: '5b69d00cd342032c8c467fa833c9cf3b') in 0.003 seconds [static and dynamic dependencies]. Details - ImportResultOutputID=1a17206247b9067efac4c719e90381fa DependenciesID=747b5a5d96a8995a2d0300705dc1d9b3 StaticDependenciesID=0161df3d76cf012ae910433bee0377f3 
Number of updated asset objects reloaded before import = 0
Number of asset objects unloaded after import = 0
========================================================================
Received Import Request.
  Time of request: 2026-09-20T00:01:46.6119695Z
  Time since last request: 0.0005689 seconds.
  importAddress: GUID: 874c0713cdc44f549b0161750b48d2c2 - Path: Packages/com.unity.test-framework/UnityEngine.TestRunner/TestRunner/RemoteHelpers/IRemoteTestResultDataFactory.cs - Importer: ScriptedImporter/UnityEditor.QuickSearchModule:UnityEditor.Search:ASIAI0B
Importing 'GUID: 874c0713cdc44f549b0161750b48d2c2 - Path: Packages/com.unity.test-framework/UnityEngine.TestRunner/TestRunner/RemoteHelpers/IRemoteTestResultDataFactory.cs - Importer: ScriptedImporter/UnityEditor.QuickSearchModule:UnityEditor.Search:ASIAI0B' with importer (ScriptedImporter : UnityEditor.QuickSearchModule:UnityEditor.Search:ASIAI0B)
Imported 'GUID: 874c0713cdc44f549b0161750b48d2c2' -> (Import Result ID: '103bc55d6dda07fa86ade0e9210b6aef') in 0.005 seconds [static and dynamic dependencies]. Details - ImportResultOutputID=c7d11b4e11ebeff4cae1c3e1769c5ffa DependenciesID=02c00de3148253b3fc8999afe5844d9c StaticDependenciesID=296b502fde373f0a36f3eea3908185e4 
Number of updated asset objects reloaded before import = 0
Number of asset objects unloaded after import = 0
========================================================================
Received Import Request.
  Time of request: 2026-09-20T00:01:46.6187131Z
  Time since last request: 0.0012058 seconds.
  importAddress: GUID: 851f94140ec64b7db846948429a87f01 - Path: Packages/com.unity.test-framework/UnityEngine.TestRunner/NUnitExtensions/Commands/RepeatCommand.cs - Importer: ScriptedImporter/UnityEditor.QuickSearchModule:UnityEditor.Search:ASIAI0B
Importing 'GUID: 851f94140ec64b7db846948429a87f01 - Path: Packages/com.unity.test-framework/UnityEngine.TestRunner/NUnitExtensions/Commands/RepeatCommand.cs - Importer: ScriptedImporter/UnityEditor.QuickSearchModule:UnityEditor.Search:ASIAI0B' with importer (ScriptedImporter : UnityEditor.QuickSearchModule:UnityEditor.Search:ASIAI0B)
Imported 'GUID: 851f94140ec64b7db846948429a87f01' -> (Import Result ID: '3b9d4cf9da7a17bec0cf7a14078b544d') in 0.005 seconds [static and dynamic dependencies]. Details - ImportResultOutputID=ce1e2484026a01f8006d2153f12797f5 DependenciesID=d70866ff52c8763aa59627878ecd94fe StaticDependenciesID=2b4871ea0dbd5f04ffe4c4370f2a7997 
Number of updated asset objects reloaded before import = 0
Number of asset objects unloaded after import = 0
========================================================================
Received Import Request.
  Time of request: 2026-09-20T00:01:46.6245308Z
  Time since last request: 0.0007799 seconds.
  importAddress: GUID: 48230e4e90fb4d14a9d56bddea898413 - Path: Packages/com.unity.test-framework/UnityEngine.TestRunner/NUnitExtensions/Runner/UnityLogCheckDelegatingCommand.cs - Importer: ScriptedImporter/UnityEditor.QuickSearchModule:UnityEditor.Search:ASIAI0B
Importing 'GUID: 48230e4e90fb4d14a9d56bddea898413 - Path: Packages/com.unity.test-framework/UnityEngine.TestRunner/NUnitExtensions/Runner/UnityLogCheckDelegatingCommand.cs - Importer: ScriptedImporter/UnityEditor.QuickSearchModule:UnityEditor.Search:ASIAI0B' with importer (ScriptedImporter : UnityEditor.QuickSearchModule:UnityEditor.Search:ASIAI0B)
Imported 'GUID: 48230e4e90fb4d14a9d56bddea898413' -> (Import Result ID: 'dccb38a681fe5a7b8e58fb8f468bbab2') in 0.005 seconds [static and dynamic dependencies]. Details - ImportResultOutputID=d8bffddc061ac0524d8cc43fbf9aa08a DependenciesID=39477475be0630dbc61f4a60ee403a6a StaticDependenciesID=7cede50efa3b68bbfae67c0036108e83 
Number of updated asset objects reloaded before import = 0
Number of asset objects unloaded after import = 0
========================================================================
Received Import Request.
  Time of request: 2026-09-20T00:01:46.630908Z
  Time since last request: 0.0007626 seconds.
  importAddress: GUID: b135ec222fdcd11468014c90d11d6821 - Path: Packages/com.unity.test-framework/UnityEngine.TestRunner/TestRunner/RemoteHelpers/RemoteTestData.cs - Importer: ScriptedImporter/UnityEditor.QuickSearchModule:UnityEditor.Search:ASIAI0B
Importing 'GUID: b135ec222fdcd11468014c90d11d6821 - Path: Packages/com.unity.test-framework/UnityEngine.TestRunner/TestRunner/RemoteHelpers/RemoteTestData.cs - Importer: ScriptedImporter/UnityEditor.QuickSearchModule:UnityEditor.Search:ASIAI0B' with importer (ScriptedImporter : UnityEditor.QuickSearchModule:UnityEditor.Search:ASIAI0B)
Imported 'GUID: b135ec222fdcd11468014c90d11d6821' -> (Import Result ID: '71a149d8bca0d21f383820e036bd22a0') in 0.005 seconds [static and dynamic dependencies]. Details - ImportResultOutputID=f76aea084bad9a5ca325f70ec56206c5 DependenciesID=f9c3b73c99edd00b700cd797e077e612 StaticDependenciesID=9e79480d0de2b3cc34136f3e9e3f4e5c 
Number of updated asset objects reloaded before import = 0
Number of asset objects unloaded after import = 0
========================================================================
Received Import Request.
  Time of request: 2026-09-20T00:01:46.6371303Z
  Time since last request: 0.0005239 seconds.
  importAddress: GUID: aa5dd1a9432747fd89501213ba621de6 - Path: Packages/com.unity.test-framework/UnityEngine.TestRunner/NUnitExtensions/Commands/EnumerableMaxTimeCommand.cs - Importer: ScriptedImporter/UnityEditor.QuickSearchModule:UnityEditor.Search:ASIAI0B
Importing 'GUID: aa5dd1a9432747fd89501213ba621de6 - Path: Packages/com.unity.test-framework/UnityEngine.TestRunner/NUnitExtensions/Commands/EnumerableMaxTimeCommand.cs - Importer: ScriptedImporter/UnityEditor.QuickSearchModule:UnityEditor.Search:ASIAI0B' with importer (ScriptedImporter : UnityEditor.QuickSearchModule:UnityEditor.Search:ASIAI0B)
Imported 'GUID: aa5dd1a9432747fd89501213ba621de6' -> (Import Result ID: '2b4c8ef58832b24628cefcc55a7a693c') in 0.004 seconds [static and dynamic dependencies]. Details - ImportResultOutputID=c49a5af70fba401b514426d69c0d8ebc DependenciesID=c34b8970ed8f1990a8fa03090299428a StaticDependenciesID=137f6bfc5df1e7dcb754fe4a16a24823 
Number of updated asset objects reloaded before import = 0
Number of asset objects unloaded after import = 0
========================================================================
Received Import Request.
  Time of request: 2026-09-20T00:01:46.6426704Z
  Time since last request: 0.0008401 seconds.
  importAddress: GUID: 7d2d4145ec6c42dabb2d7af8e58224db - Path: Packages/com.unity.test-framework/UnityEngine.TestRunner/NUnitExtensions/Commands/TimeoutCommand.cs - Importer: ScriptedImporter/UnityEditor.QuickSearchModule:UnityEditor.Search:ASIAI0B
Importing 'GUID: 7d2d4145ec6c42dabb2d7af8e58224db - Path: Packages/com.unity.test-framework/UnityEngine.TestRunner/NUnitExtensions/Commands/TimeoutCommand.cs - Importer: ScriptedImporter/UnityEditor.QuickSearchModule:UnityEditor.Search:ASIAI0B' with importer (ScriptedImporter : UnityEditor.QuickSearchModule:UnityEditor.Search:ASIAI0B)
Imported 'GUID: 7d2d4145ec6c42dabb2d7af8e58224db' -> (Import Result ID: 'a2177da63f41ec034457367c1001e55e') in 0.005 seconds [static and dynamic dependencies]. Details - ImportResultOutputID=fb78889544e727c445de4462b21016f3 DependenciesID=8184dda1a191ddd45ccfdab1237976c7 StaticDependenciesID=81e30e6bb42fd888efac2eeb3ef7a497 
Number of updated asset objects reloaded before import = 0
Number of asset objects unloaded after import = 0
========================================================================
Received Import Request.
  Time of request: 2026-09-20T00:01:46.6485105Z
  Time since last request: 0.0009039 seconds.
  importAddress: GUID: dfc336f10b83bd74eaded16a658275c7 - Path: Packages/com.unity.test-framework/UnityEngine.TestRunner/TestRunner/Callbacks/TestResultRendererCallback.cs - Importer: ScriptedImporter/UnityEditor.QuickSearchModule:UnityEditor.Search:ASIAI0B
Importing 'GUID: dfc336f10b83bd74eaded16a658275c7 - Path: Packages/com.unity.test-framework/UnityEngine.TestRunner/TestRunner/Callbacks/TestResultRendererCallback.cs - Importer: ScriptedImporter/UnityEditor.QuickSearchModule:UnityEditor.Search:ASIAI0B' with importer (ScriptedImporter : UnityEditor.QuickSearchModule:UnityEditor.Search:ASIAI0B)
Imported 'GUID: dfc336f10b83bd74eaded16a658275c7' -> (Import Result ID: '02d54212c723b88359bfae632e9ad6d1') in 0.005 seconds [static and dynamic dependencies]. Details - ImportResultOutputID=4922a63f1903c12bb81a6eccf458e9bf DependenciesID=f3f50c2ebbf7b04c9dc7bcf085c9e56e StaticDependenciesID=90b703d00b06d7684d49dce20ddd0a13 
Number of updated asset objects reloaded before import = 0
Number of asset objects unloaded after import = 0
========================================================================
Received Import Request.
  Time of request: 2026-09-20T00:01:46.6540535Z
  Time since last request: 0.0007095 seconds.
  importAddress: GUID: 826b6becaef90fb458eedebe4c2f3664 - Path: Packages/com.unity.test-framework/UnityEngine.TestRunner/TestRunner/RemoteHelpers/RemoteTestResultDataFactory.cs - Importer: ScriptedImporter/UnityEditor.QuickSearchModule:UnityEditor.Search:ASIAI0B
Importing 'GUID: 826b6becaef90fb458eedebe4c2f3664 - Path: Packages/com.unity.test-framework/UnityEngine.TestRunner/TestRunner/RemoteHelpers/RemoteTestResultDataFactory.cs - Importer: ScriptedImporter/UnityEditor.QuickSearchModule:UnityEditor.Search:ASIAI0B' with importer (ScriptedImporter : UnityEditor.QuickSearchModule:UnityEditor.Search:ASIAI0B)
Imported 'GUID: 826b6becaef90fb458eedebe4c2f3664' -> (Import Result ID: '9a80705b736f639aebd8c76bf9dfbd1b') in 0.004 seconds [static and dynamic dependencies]. Details - ImportResultOutputID=6e9fcbee93531861da50e9a6eed7bb37 DependenciesID=cb8aa430a1959f01e62cb257d43ed9ff StaticDependenciesID=fee554e0965373012db909c393b2fe99 
Number of updated asset objects reloaded before import = 0
Number of asset objects unloaded after import = 0
========================================================================
Received Import Request.
  Time of request: 2026-09-20T00:01:46.6589211Z
  Time since last request: 0.0003771 seconds.
  importAddress: GUID: cbbca1d8a0434be4bbc7f165523763ac - Path: Packages/com.unity.test-framework/UnityEngine.TestRunner/NUnitExtensions/Commands/BeforeAfterTestCommandBase.cs - Importer: ScriptedImporter/UnityEditor.QuickSearchModule:UnityEditor.Search:ASIAI0B
Importing 'GUID: cbbca1d8a0434be4bbc7f165523763ac - Path: Packages/com.unity.test-framework/UnityEngine.TestRunner/NUnitExtensions/Commands/BeforeAfterTestCommandBase.cs - Importer: ScriptedImporter/UnityEditor.QuickSearchModule:UnityEditor.Search:ASIAI0B' with importer (ScriptedImporter : UnityEditor.QuickSearchModule:UnityEditor.Search:ASIAI0B)
Imported 'GUID: cbbca1d8a0434be4bbc7f165523763ac' -> (Import Result ID: 'ad2caff76215ca9d92c21b7511bb4700') in 0.004 seconds [static and dynamic dependencies]. Details - ImportResultOutputID=1188e9ba07042e151c8007220fd8bfbc DependenciesID=0e6067eceaf18b2738554506b7616535 StaticDependenciesID=056d5dce28f6060dbf7ea3832fb293de 
Number of updated asset objects reloaded before import = 0
Number of asset objects unloaded after import = 0
========================================================================
Received Import Request.
  Time of request: 2026-09-20T00:01:46.664218Z
  Time since last request: 0.0008056 seconds.
  importAddress: GUID: 8349e42a2b30c7a4abd8678c203428ba - Path: Packages/com.unity.test-framework/UnityEngine.TestRunner/NUnitExtensions/Commands/ImmediateEnumerableCommand.cs - Importer: ScriptedImporter/UnityEditor.QuickSearchModule:UnityEditor.Search:ASIAI0B
Importing 'GUID: 8349e42a2b30c7a4abd8678c203428ba - Path: Packages/com.unity.test-framework/UnityEngine.TestRunner/NUnitExtensions/Commands/ImmediateEnumerableCommand.cs - Importer: ScriptedImporter/UnityEditor.QuickSearchModule:UnityEditor.Search:ASIAI0B' with importer (ScriptedImporter : UnityEditor.QuickSearchModule:UnityEditor.Search:ASIAI0B)
Imported 'GUID: 8349e42a2b30c7a4abd8678c203428ba' -> (Import Result ID: 'df5e996b56db365c1c1a6d40a014824a') in 0.005 seconds [static and dynamic dependencies]. Details - ImportResultOutputID=cf1fa9f72438454eb5365c144215914c DependenciesID=747b583bd4d4d1efd235d35cb78766ac StaticDependenciesID=279a90378cbda995e750e5ed382cb1fe 
Number of updated asset objects reloaded before import = 0
Number of asset objects unloaded after import = 0
========================================================================
Received Import Request.
  Time of request: 2026-09-20T00:01:46.6696435Z
  Time since last request: 0.0005999 seconds.
  importAddress: GUID: 91319408591cec1478efd3c62f9f418a - Path: Packages/com.unity.test-framework/UnityEngine.TestRunner/NUnitExtensions/Filters/AssemblyNameFilter.cs - Importer: ScriptedImporter/UnityEditor.QuickSearchModule:UnityEditor.Search:ASIAI0B
Importing 'GUID: 91319408591cec1478efd3c62f9f418a - Path: Packages/com.unity.test-framework/UnityEngine.TestRunner/NUnitExtensions/Filters/AssemblyNameFilter.cs - Importer: ScriptedImporter/UnityEditor.QuickSearchModule:UnityEditor.Search:ASIAI0B' with importer (ScriptedImporter : UnityEditor.QuickSearchModule:UnityEditor.Search:ASIAI0B)
Imported 'GUID: 91319408591cec1478efd3c62f9f418a' -> (Import Result ID: '9eb6dcfedacae258a908df455f16615f') in 0.003 seconds [static and dynamic dependencies]. Details - ImportResultOutputID=52c14dacd8df4935a32171367c6f833d DependenciesID=0040d59f85913787fa2efa6395140bdc StaticDependenciesID=88e8d2766457858c90a5f51fc9491261 
Number of updated asset objects reloaded before import = 0
Number of asset objects unloaded after import = 0
========================================================================
Received Import Request.
  Time of request: 2026-09-20T00:01:46.6738473Z
  Time since last request: 0.000663 seconds.
  importAddress: GUID: 475e3699f219c854f8581a9838135002 - Path: Packages/com.unity.test-framework/UnityEngine.TestRunner/TestRunner/RemoteHelpers/RemoteTestResultDataWithTestData.cs - Importer: ScriptedImporter/UnityEditor.QuickSearchModule:UnityEditor.Search:ASIAI0B
Importing 'GUID: 475e3699f219c854f8581a9838135002 - Path: Packages/com.unity.test-framework/UnityEngine.TestRunner/TestRunner/RemoteHelpers/RemoteTestResultDataWithTestData.cs - Importer: ScriptedImporter/UnityEditor.QuickSearchModule:UnityEditor.Search:ASIAI0B' with importer (ScriptedImporter : UnityEditor.QuickSearchModule:UnityEditor.Search:ASIAI0B)
Imported 'GUID: 475e3699f219c854f8581a9838135002' -> (Import Result ID: '211607ff33f809a2ea0e921538c54582') in 0.004 seconds [static and dynamic dependencies]. Details - ImportResultOutputID=beaec4715fad943b38825aa6c39f1d6d DependenciesID=a7d1edcdf4130c1a71d1e6b9171167c4 StaticDependenciesID=0e29c57748bbf0f2ab736426b394aa7f 
Number of updated asset objects reloaded before import = 0
Number of asset objects unloaded after import = 0
========================================================================
Received Import Request.
  Time of request: 2026-09-20T00:01:46.6791771Z
  Time since last request: 0.0005679 seconds.
  importAddress: GUID: f40df9c8cf926b241b093a37028d8815 - Path: Packages/com.unity.test-framework/UnityEngine.TestRunner/NUnitExtensions/Runner/TestCommandBuilder.cs - Importer: ScriptedImporter/UnityEditor.QuickSearchModule:UnityEditor.Search:ASIAI0B
Importing 'GUID: f40df9c8cf926b241b093a37028d8815 - Path: Packages/com.unity.test-framework/UnityEngine.TestRunner/NUnitExtensions/Runner/TestCommandBuilder.cs - Importer: ScriptedImporter/UnityEditor.QuickSearchModule:UnityEditor.Search:ASIAI0B' with importer (ScriptedImporter : UnityEditor.QuickSearchModule:UnityEditor.Search:ASIAI0B)
Imported 'GUID: f40df9c8cf926b241b093a37028d8815' -> (Import Result ID: '3bceb88fad37ca86122935527b5b891b') in 0.004 seconds [static and dynamic dependencies]. Details - ImportResultOutputID=b5720c3e7b9eba47a7264f6befbfbdc6 DependenciesID=21e5231417e6f65134848679ae3ea215 StaticDependenciesID=2b930c53df68e74969125ea6a36b7e74 
Number of updated asset objects reloaded before import = 0
Number of asset objects unloaded after import = 0
========================================================================
Received Import Request.
  Time of request: 2026-09-20T00:01:46.6843611Z
  Time since last request: 0.0007039 seconds.
  importAddress: GUID: fedb0f9e5006b1943abae52f52f08a1a - Path: Packages/com.unity.test-framework/UnityEngine.TestRunner/NUnitExtensions/Attributes/UnityTestAttribute.cs - Importer: ScriptedImporter/UnityEditor.QuickSearchModule:UnityEditor.Search:ASIAI0B
Importing 'GUID: fedb0f9e5006b1943abae52f52f08a1a - Path: Packages/com.unity.test-framework/UnityEngine.TestRunner/NUnitExtensions/Attributes/UnityTestAttribute.cs - Importer: ScriptedImporter/UnityEditor.QuickSearchModule:UnityEditor.Search:ASIAI0B' with importer (ScriptedImporter : UnityEditor.QuickSearchModule:UnityEditor.Search:ASIAI0B)
Imported 'GUID: fedb0f9e5006b1943abae52f52f08a1a' -> (Import Result ID: '13415e353702bec3e7f993d6ea479703') in 0.003 seconds [static and dynamic dependencies]. Details - ImportResultOutputID=71f230e7e9c1f41c29119ba2de845e5f DependenciesID=cfa8a6a9e466057322852a9e05a8933a StaticDependenciesID=dcc13fb7a3e18ad0c369293188ae5208 
Number of updated asset objects reloaded before import = 0
Number of asset objects unloaded after import = 0
========================================================================
Received Import Request.
  Time of request: 2026-09-20T00:01:46.6884751Z
  Time since last request: 0.0005563 seconds.
  importAddress: GUID: 26721f9940339264fb14bdbfe1290e21 - Path: Packages/com.unity.test-framework/UnityEngine.TestRunner/NUnitExtensions/Runner/RestoreTestContextAfterDomainReload.cs - Importer: ScriptedImporter/UnityEditor.QuickSearchModule:UnityEditor.Search:ASIAI0B
Importing 'GUID: 26721f9940339264fb14bdbfe1290e21 - Path: Packages/com.unity.test-framework/UnityEngine.TestRunner/NUnitExtensions/Runner/RestoreTestContextAfterDomainReload.cs - Importer: ScriptedImporter/UnityEditor.QuickSearchModule:UnityEditor.Search:ASIAI0B' with importer (ScriptedImporter : UnityEditor.QuickSearchModule:UnityEditor.Search:ASIAI0B)
Imported 'GUID: 26721f9940339264fb14bdbfe1290e21' -> (Import Result ID: 'c03906e3571c51e4f56a05ef861dfbe8') in 0.003 seconds [static and dynamic dependencies]. Details - ImportResultOutputID=d1664ed5cc2ad3b348331bf2e309fa7c DependenciesID=1c8b802b4bc6a08aa31ec447e20de4d9 StaticDependenciesID=141b51ccd567cf1857e1d04b6b7546e2 
Number of updated asset objects reloaded before import = 0
Number of asset objects unloaded after import = 0
========================================================================
Received Import Request.
  Time of request: 2026-09-20T00:01:46.6926355Z
  Time since last request: 0.0005991 seconds.
  importAddress: GUID: 600f4b74746dbf944901257f81a8af6d - Path: Packages/com.unity.test-framework/UnityEngine.TestRunner/NUnitExtensions/Attributes/UnityTearDownAttribute.cs - Importer: ScriptedImporter/UnityEditor.QuickSearchModule:UnityEditor.Search:ASIAI0B
Importing 'GUID: 600f4b74746dbf944901257f81a8af6d - Path: Packages/com.unity.test-framework/UnityEngine.TestRunner/NUnitExtensions/Attributes/UnityTearDownAttribute.cs - Importer: ScriptedImporter/UnityEditor.QuickSearchModule:UnityEditor.Search:ASIAI0B' with importer (ScriptedImporter : UnityEditor.QuickSearchModule:UnityEditor.Search:ASIAI0B)
Imported 'GUID: 600f4b74746dbf944901257f81a8af6d' -> (Import Result ID: '798860cf3790824fc80836482f6c63c7') in 0.003 seconds [static and dynamic dependencies]. Details - ImportResultOutputID=27ad67c654fe0a83013e56163570ae50 DependenciesID=7532964a2077fb7b2984b939b6140a44 StaticDependenciesID=74403af18c16830231b78c956d3c09b7 
Number of updated asset objects reloaded before import = 0
Number of asset objects unloaded after import = 0
========================================================================
Received Import Request.
  Time of request: 2026-09-20T00:01:46.6964519Z
  Time since last request: 0.0005867 seconds.
  importAddress: GUID: 898bc38486fc899428fbe5bd6adfe473 - Path: Packages/com.unity.test-framework/UnityEngine.TestRunner/TestRunner/Messages/IEditModeTestYieldInstruction.cs - Importer: ScriptedImporter/UnityEditor.QuickSearchModule:UnityEditor.Search:ASIAI0B
Importing 'GUID: 898bc38486fc899428fbe5bd6adfe473 - Path: Packages/com.unity.test-framework/UnityEngine.TestRunner/TestRunner/Messages/IEditModeTestYieldInstruction.cs - Importer: ScriptedImporter/UnityEditor.QuickSearchModule:UnityEditor.Search:ASIAI0B' with importer (ScriptedImporter : UnityEditor.QuickSearchModule:UnityEditor.Search:ASIAI0B)
Imported 'GUID: 898bc38486fc899428fbe5bd6adfe473' -> (Import Result ID: 'dce256f1656211204a1e2707c08fd2bc') in 0.005 seconds [static and dynamic dependencies]. Details - ImportResultOutputID=1222cb3f9836732388e70ea658d11ecc DependenciesID=1ce14d454ea176e60c5ae7aa4f9e78ff StaticDependenciesID=4e8fcfc996fce6618e029abc504a3b2b 
Number of updated asset objects reloaded before import = 0
Number of asset objects unloaded after import = 0
========================================================================
Received Import Request.
  Time of request: 2026-09-20T00:01:46.7022416Z
  Time since last request: 0.0008244 seconds.
  importAddress: GUID: b557515fff172984e8c4400b43f1c631 - Path: Packages/com.unity.test-framework/UnityEngine.TestRunner/NUnitExtensions/Runner/CoroutineTestWorkItem.cs - Importer: ScriptedImporter/UnityEditor.QuickSearchModule:UnityEditor.Search:ASIAI0B
Importing 'GUID: b557515fff172984e8c4400b43f1c631 - Path: Packages/com.unity.test-framework/UnityEngine.TestRunner/NUnitExtensions/Runner/CoroutineTestWorkItem.cs - Importer: ScriptedImporter/UnityEditor.QuickSearchModule:UnityEditor.Search:ASIAI0B' with importer (ScriptedImporter : UnityEditor.QuickSearchModule:UnityEditor.Search:ASIAI0B)
Imported 'GUID: b557515fff172984e8c4400b43f1c631' -> (Import Result ID: 'fcdfef1bf1a1a4563080de209d5fdb97') in 0.003 seconds [static and dynamic dependencies]. Details - ImportResultOutputID=842b125ad6cc92ed4de22d45eb7ed4bd DependenciesID=6d028adced1d6581ecb02eec3e3930cd StaticDependenciesID=b6d36f12d892565c3087049d9f04dd7c 
Number of updated asset objects reloaded before import = 0
Number of asset objects unloaded after import = 0
========================================================================
Received Import Request.
  Time of request: 2026-09-20T00:01:46.7063864Z
  Time since last request: 0.0006193 seconds.
  importAddress: GUID: e55eddf2afda488db58fb17f985fee99 - Path: Packages/com.unity.test-framework/UnityEngine.TestRunner/NUnitExtensions/Commands/IgnoreTestCommand.cs - Importer: ScriptedImporter/UnityEditor.QuickSearchModule:UnityEditor.Search:ASIAI0B
Importing 'GUID: e55eddf2afda488db58fb17f985fee99 - Path: Packages/com.unity.test-framework/UnityEngine.TestRunner/NUnitExtensions/Commands/IgnoreTestCommand.cs - Importer: ScriptedImporter/UnityEditor.QuickSearchModule:UnityEditor.Search:ASIAI0B' with importer (ScriptedImporter : UnityEditor.QuickSearchModule:UnityEditor.Search:ASIAI0B)
Imported 'GUID: e55eddf2afda488db58fb17f985fee99' -> (Import Result ID: '362d071da330db2a1474c4f2ed16d9e1') in 0.005 seconds [static and dynamic dependencies]. Details - ImportResultOutputID=c0664befabf2d71edfd8da93028c4ebb DependenciesID=0d6ca487d61c47c3fd0be38d9782bc61 StaticDependenciesID=2bf587589d68a59271abcdb8ddea7bcf 
Number of updated asset objects reloaded before import = 0
Number of asset objects unloaded after import = 0
========================================================================
Received Import Request.
  Time of request: 2026-09-20T00:01:46.7117654Z
  Time since last request: 0.0005243 seconds.
  importAddress: GUID: 2e3b9bbf2c1a3cd4f88883ca32882ec6 - Path: Packages/com.unity.test-framework/UnityEngine.TestRunner/Utils/AssemblyProvider/AssemblyWrapper.cs - Importer: ScriptedImporter/UnityEditor.QuickSearchModule:UnityEditor.Search:ASIAI0B
Importing 'GUID: 2e3b9bbf2c1a3cd4f88883ca32882ec6 - Path: Packages/com.unity.test-framework/UnityEngine.TestRunner/Utils/AssemblyProvider/AssemblyWrapper.cs - Importer: ScriptedImporter/UnityEditor.QuickSearchModule:UnityEditor.Search:ASIAI0B' with importer (ScriptedImporter : UnityEditor.QuickSearchModule:UnityEditor.Search:ASIAI0B)
Imported 'GUID: 2e3b9bbf2c1a3cd4f88883ca32882ec6' -> (Import Result ID: '12bb96e7b8068d8934758baeb7d06618') in 0.005 seconds [static and dynamic dependencies]. Details - ImportResultOutputID=7404dd60d74da1a0a2d07b3e49f9de6e DependenciesID=c03c297de097dfcf597106131d247de5 StaticDependenciesID=958d389438650d7d95ccedcfa93e79d0 
Number of updated asset objects reloaded before import = 0
Number of asset objects unloaded after import = 0
========================================================================
Received Import Request.
  Time of request: 2026-09-20T00:01:46.7178719Z
  Time since last request: 0.0006349 seconds.
  importAddress: GUID: dd85a35169d313840a0874aea1a28629 - Path: Packages/com.unity.test-framework/UnityEngine.TestRunner/NUnitExtensions/Commands/EnumerableSetUpTearDownCommand.cs - Importer: ScriptedImporter/UnityEditor.QuickSearchModule:UnityEditor.Search:ASIAI0B
Importing 'GUID: dd85a35169d313840a0874aea1a28629 - Path: Packages/com.unity.test-framework/UnityEngine.TestRunner/NUnitExtensions/Commands/EnumerableSetUpTearDownCommand.cs - Importer: ScriptedImporter/UnityEditor.QuickSearchModule:UnityEditor.Search:ASIAI0B' with importer (ScriptedImporter : UnityEditor.QuickSearchModule:UnityEditor.Search:ASIAI0B)
Imported 'GUID: dd85a35169d313840a0874aea1a28629' -> (Import Result ID: '9104f35dd717c713d5ce0c06dab69620') in 0.003 seconds [static and dynamic dependencies]. Details - ImportResultOutputID=dac1e8f0a2a26c021bcdd000534da679 DependenciesID=043c3e7377b31a20bf4eb40aecd9dc1b StaticDependenciesID=cc0116c3c1ae2a7aebf77bd0cd9f4d26 
Number of updated asset objects reloaded before import = 0
Number of asset objects unloaded after import = 0
========================================================================
Received Import Request.
  Time of request: 2026-09-20T00:01:46.7220654Z
  Time since last request: 0.0005426 seconds.
  importAddress: GUID: 7ef6801a8b664544aa9f2ab1bc1f8b60 - Path: Packages/com.unity.test-framework/UnityEngine.TestRunner/NUnitExtensions/Runner/PlaymodeWorkItemFactory.cs - Importer: ScriptedImporter/UnityEditor.QuickSearchModule:UnityEditor.Search:ASIAI0B
Importing 'GUID: 7ef6801a8b664544aa9f2ab1bc1f8b60 - Path: Packages/com.unity.test-framework/UnityEngine.TestRunner/NUnitExtensions/Runner/PlaymodeWorkItemFactory.cs - Importer: ScriptedImporter/UnityEditor.QuickSearchModule:UnityEditor.Search:ASIAI0B' with importer (ScriptedImporter : UnityEditor.QuickSearchModule:UnityEditor.Search:ASIAI0B)
Imported 'GUID: 7ef6801a8b664544aa9f2ab1bc1f8b60' -> (Import Result ID: '62c02bc30be92a8e8c2b5d4ac3979f98') in 0.003 seconds [static and dynamic dependencies]. Details - ImportResultOutputID=a0862db26c5a2a7b4443de68b525f296 DependenciesID=8dd859beff034ac6d7468bbe8a409247 StaticDependenciesID=d5cb2151a9abc241d1a2dc3eddaf1f48 
Number of updated asset objects reloaded before import = 0
Number of asset objects unloaded after import = 0
========================================================================
Received Import Request.
  Time of request: 2026-09-20T00:01:46.7261125Z
  Time since last request: 0.0007948 seconds.
  importAddress: GUID: 0d4fc309a0784294c8ab658b53b12320 - Path: Packages/com.unity.test-framework/UnityEngine.TestRunner/NUnitExtensions/Commands/OuterUnityTestActionCommand.cs - Importer: ScriptedImporter/UnityEditor.QuickSearchModule:UnityEditor.Search:ASIAI0B
Importing 'GUID: 0d4fc309a0784294c8ab658b53b12320 - Path: Packages/com.unity.test-framework/UnityEngine.TestRunner/NUnitExtensions/Commands/OuterUnityTestActionCommand.cs - Importer: ScriptedImporter/UnityEditor.QuickSearchModule:UnityEditor.Search:ASIAI0B' with importer (ScriptedImporter : UnityEditor.QuickSearchModule:UnityEditor.Search:ASIAI0B)
Imported 'GUID: 0d4fc309a0784294c8ab658b53b12320' -> (Import Result ID: 'd4b0c312abc00198c70724c415caba6b') in 0.003 seconds [static and dynamic dependencies]. Details - ImportResultOutputID=a39afd0edb1b90b20a1679e2ccb05ac2 DependenciesID=2c5ca3178e7a24ae28c6e66a5591a6e0 StaticDependenciesID=ec8acc57a7467246f91654c75fbc05a6 
Number of updated asset objects reloaded before import = 0
Number of asset objects unloaded after import = 0
========================================================================
Received Import Request.
  Time of request: 2026-09-20T00:01:46.7298518Z
  Time since last request: 0.0005249 seconds.
  importAddress: GUID: 3cf5cb9e1ef590c48b1f919f2a7bd895 - Path: Packages/com.unity.test-framework/UnityEngine.TestRunner/TestRunner/Callbacks/PlayModeRunnerCallback.cs - Importer: ScriptedImporter/UnityEditor.QuickSearchModule:UnityEditor.Search:ASIAI0B
Importing 'GUID: 3cf5cb9e1ef590c48b1f919f2a7bd895 - Path: Packages/com.unity.test-framework/UnityEngine.TestRunner/TestRunner/Callbacks/PlayModeRunnerCallback.cs - Importer: ScriptedImporter/UnityEditor.QuickSearchModule:UnityEditor.Search:ASIAI0B' with importer (ScriptedImporter : UnityEditor.QuickSearchModule:UnityEditor.Search:ASIAI0B)
Imported 'GUID: 3cf5cb9e1ef590c48b1f919f2a7bd895' -> (Import Result ID: '699432ae33142e8f603d369a94a17ee3') in 0.005 seconds [static and dynamic dependencies]. Details - ImportResultOutputID=c04425ee87d361f4bf42dd9091756412 DependenciesID=470f435b8c32af90e829d0f3c010b35e StaticDependenciesID=cd77976ac6054ca2409bb13dc427508f 
Number of updated asset objects reloaded before import = 0
Number of asset objects unloaded after import = 0
========================================================================
Received Import Request.
  Time of request: 2026-09-20T00:01:46.7358891Z
  Time since last request: 0.0006026 seconds.
  importAddress: GUID: 33e6b78c96bb0694e96383e3c56b7b54 - Path: Packages/com.unity.test-framework/UnityEngine.TestRunner/NUnitExtensions/Commands/TestCommandPcHelper.cs - Importer: ScriptedImporter/UnityEditor.QuickSearchModule:UnityEditor.Search:ASIAI0B
Importing 'GUID: 33e6b78c96bb0694e96383e3c56b7b54 - Path: Packages/com.unity.test-framework/UnityEngine.TestRunner/NUnitExtensions/Commands/TestCommandPcHelper.cs - Importer: ScriptedImporter/UnityEditor.QuickSearchModule:UnityEditor.Search:ASIAI0B' with importer (ScriptedImporter : UnityEditor.QuickSearchModule:UnityEditor.Search:ASIAI0B)
Imported 'GUID: 33e6b78c96bb0694e96383e3c56b7b54' -> (Import Result ID: '033cb4786fc4f31b2dc1cc33b5208178') in 0.003 seconds [static and dynamic dependencies]. Details - ImportResultOutputID=d46b9f4de63bfd3cf03a53bcf05589e2 DependenciesID=8ecae49279611028ed8526b73602d843 StaticDependenciesID=e315c9c1c6bae81ede88fe6072cb5b8f 
Number of updated asset objects reloaded before import = 0
Number of asset objects unloaded after import = 0
========================================================================
Received Import Request.
  Time of request: 2026-09-20T00:01:46.740101Z
  Time since last request: 0.0005657 seconds.
  importAddress: GUID: 5b3e90046c38f1d4dad2e0d5a79e871c - Path: Packages/com.unity.test-framework/UnityEngine.TestRunner/NUnitExtensions/Runner/UnityWorkItemDataHolder.cs - Importer: ScriptedImporter/UnityEditor.QuickSearchModule:UnityEditor.Search:ASIAI0B
Importing 'GUID: 5b3e90046c38f1d4dad2e0d5a79e871c - Path: Packages/com.unity.test-framework/UnityEngine.TestRunner/NUnitExtensions/Runner/UnityWorkItemDataHolder.cs - Importer: ScriptedImporter/UnityEditor.QuickSearchModule:UnityEditor.Search:ASIAI0B' with importer (ScriptedImporter : UnityEditor.QuickSearchModule:UnityEditor.Search:ASIAI0B)
Imported 'GUID: 5b3e90046c38f1d4dad2e0d5a79e871c' -> (Import Result ID: 'c21edaea5474339fd8a831c25c4260a4') in 0.004 seconds [static and dynamic dependencies]. Details - ImportResultOutputID=0de2dfb87a2aef8de40f7cd98d03f489 DependenciesID=cb2f2ce44254a8092690122fe365090e StaticDependenciesID=c9f096df6bd457106d2b920236d4938c 
Number of updated asset objects reloaded before import = 0
Number of asset objects unloaded after import = 0
========================================================================
Received Import Request.
  Time of request: 2026-09-20T00:01:46.744491Z
  Time since last request: 0.0005597 seconds.
  importAddress: GUID: 1e42d5fdba604f0786aac7fcaaa84cf7 - Path: Packages/com.unity.test-framework/UnityEngine.TestRunner/NUnitExtensions/Filters/EditorOnlyFilter.cs - Importer: ScriptedImporter/UnityEditor.QuickSearchModule:UnityEditor.Search:ASIAI0B
Importing 'GUID: 1e42d5fdba604f0786aac7fcaaa84cf7 - Path: Packages/com.unity.test-framework/UnityEngine.TestRunner/NUnitExtensions/Filters/EditorOnlyFilter.cs - Importer: ScriptedImporter/UnityEditor.QuickSearchModule:UnityEditor.Search:ASIAI0B' with importer (ScriptedImporter : UnityEditor.QuickSearchModule:UnityEditor.Search:ASIAI0B)
Imported 'GUID: 1e42d5fdba604f0786aac7fcaaa84cf7' -> (Import Result ID: 'b47524cd8c45169f6e602ea3ce41a651') in 0.004 seconds [static and dynamic dependencies]. Details - ImportResultOutputID=a689b4262d01b995c131742ac15722bb DependenciesID=a0b913e8581ac4a9126fac2af77f6f18 StaticDependenciesID=76e983072e0d67fb550b43e7d8dcbde2 
Number of updated asset objects reloaded before import = 0
Number of asset objects unloaded after import = 0
========================================================================
Received Import Request.
  Time of request: 2026-09-20T00:01:46.7495026Z
  Time since last request: 0.0006025 seconds.
  importAddress: GUID: c7cfda246e604b945b12b7afedb094ce - Path: Packages/com.unity.test-framework/UnityEngine.TestRunner/NUnitExtensions/Runner/DefaultTestWorkItem.cs - Importer: ScriptedImporter/UnityEditor.QuickSearchModule:UnityEditor.Search:ASIAI0B
Importing 'GUID: c7cfda246e604b945b12b7afedb094ce - Path: Packages/com.unity.test-framework/UnityEngine.TestRunner/NUnitExtensions/Runner/DefaultTestWorkItem.cs - Importer: ScriptedImporter/UnityEditor.QuickSearchModule:UnityEditor.Search:ASIAI0B' with importer (ScriptedImporter : UnityEditor.QuickSearchModule:UnityEditor.Search:ASIAI0B)
Imported 'GUID: c7cfda246e604b945b12b7afedb094ce' -> (Import Result ID: '4e334c614e57802ffd9a5796fbef15dd') in 0.004 seconds [static and dynamic dependencies]. Details - ImportResultOutputID=9826194254e37a469e67c22e5f157867 DependenciesID=27661c929224c785450c6fc6e4aa4671 StaticDependenciesID=3b89ff4687da7b0f3f6afd860a283730 
Number of updated asset objects reloaded before import = 0
Number of asset objects unloaded after import = 0
========================================================================
Received Import Request.
  Time of request: 2026-09-20T00:01:46.7538268Z
  Time since last request: 0.0005524 seconds.
  importAddress: GUID: 19a6f000f81e24c4a826c1abd43e77c7 - Path: Packages/com.unity.test-framework/UnityEngine.TestRunner/NUnitExtensions/Commands/EnumerableTestMethodCommand.cs - Importer: ScriptedImporter/UnityEditor.QuickSearchModule:UnityEditor.Search:ASIAI0B
Importing 'GUID: 19a6f000f81e24c4a826c1abd43e77c7 - Path: Packages/com.unity.test-framework/UnityEngine.TestRunner/NUnitExtensions/Commands/EnumerableTestMethodCommand.cs - Importer: ScriptedImporter/UnityEditor.QuickSearchModule:UnityEditor.Search:ASIAI0B' with importer (ScriptedImporter : UnityEditor.QuickSearchModule:UnityEditor.Search:ASIAI0B)
Imported 'GUID: 19a6f000f81e24c4a826c1abd43e77c7' -> (Import Result ID: 'ee0961cba5cc07295264c6b9c04f2b39') in 0.003 seconds [static and dynamic dependencies]. Details - ImportResultOutputID=aa02087d45650aa350c7f9bf535f22be DependenciesID=7f091a1980f80b324432b02a26e98654 StaticDependenciesID=627c9bf9788badd579acda7a0613bfe1 
Number of updated asset objects reloaded before import = 0
Number of asset objects unloaded after import = 0
========================================================================
Received Import Request.
  Time of request: 2026-09-20T00:01:46.7576274Z
  Time since last request: 0.0006039 seconds.
  importAddress: GUID: fb593906b7b6d824087dcaebf6c082e0 - Path: Packages/com.unity.test-framework/UnityEngine.TestRunner/Utils/AssemblyProvider/AssemblyLoadProxy.cs - Importer: ScriptedImporter/UnityEditor.QuickSearchModule:UnityEditor.Search:ASIAI0B
Importing 'GUID: fb593906b7b6d824087dcaebf6c082e0 - Path: Packages/com.unity.test-framework/UnityEngine.TestRunner/Utils/AssemblyProvider/AssemblyLoadProxy.cs - Importer: ScriptedImporter/UnityEditor.QuickSearchModule:UnityEditor.Search:ASIAI0B' with importer (ScriptedImporter : UnityEditor.QuickSearchModule:UnityEditor.Search:ASIAI0B)
Imported 'GUID: fb593906b7b6d824087dcaebf6c082e0' -> (Import Result ID: '6b8d79cbfa41f76203d043ac2026f1c0') in 0.003 seconds [static and dynamic dependencies]. Details - ImportResultOutputID=d61490a32f65e80b00cd15f494f49643 DependenciesID=fde6c105f3cc5b67aec57a7a75d89177 StaticDependenciesID=79eba47e674f4c2be7e45eed385be47d 
Number of updated asset objects reloaded before import = 0
Number of asset objects unloaded after import = 0
========================================================================
Received Import Request.
  Time of request: 2026-09-20T00:01:46.7612807Z
  Time since last request: 0.0005067 seconds.
  importAddress: GUID: 8c20c76a75f088a46933d6a707744be4 - Path: Packages/com.unity.test-framework/UnityEngine.TestRunner/NUnitExtensions/Runner/ITestCommandWrapper.cs - Importer: ScriptedImporter/UnityEditor.QuickSearchModule:UnityEditor.Search:ASIAI0B
Importing 'GUID: 8c20c76a75f088a46933d6a707744be4 - Path: Packages/com.unity.test-framework/UnityEngine.TestRunner/NUnitExtensions/Runner/ITestCommandWrapper.cs - Importer: ScriptedImporter/UnityEditor.QuickSearchModule:UnityEditor.Search:ASIAI0B' with importer (ScriptedImporter : UnityEditor.QuickSearchModule:UnityEditor.Search:ASIAI0B)
Imported 'GUID: 8c20c76a75f088a46933d6a707744be4' -> (Import Result ID: '922ddc46cac369ebcb3d564ef222f429') in 0.003 seconds [static and dynamic dependencies]. Details - ImportResultOutputID=a43b39476491ac878bb52ba4babe1b9f DependenciesID=3d246516539e29222b38cffb456af2b3 StaticDependenciesID=42f8633c60821568119105302c7188a2 
Number of updated asset objects reloaded before import = 0
Number of asset objects unloaded after import = 0
========================================================================
Received Import Request.
  Time of request: 2026-09-20T00:01:46.7650674Z
  Time since last request: 0.0007785 seconds.
  importAddress: GUID: e948790d8b7e42e2abef6c45c5bc4c76 - Path: Packages/com.unity.test-framework/UnityEngine.TestRunner/NUnitExtensions/Filters/NonExplicitFilter.cs - Importer: ScriptedImporter/UnityEditor.QuickSearchModule:UnityEditor.Search:ASIAI0B
Importing 'GUID: e948790d8b7e42e2abef6c45c5bc4c76 - Path: Packages/com.unity.test-framework/UnityEngine.TestRunner/NUnitExtensions/Filters/NonExplicitFilter.cs - Importer: ScriptedImporter/UnityEditor.QuickSearchModule:UnityEditor.Search:ASIAI0B' with importer (ScriptedImporter : UnityEditor.QuickSearchModule:UnityEditor.Search:ASIAI0B)
Imported 'GUID: e948790d8b7e42e2abef6c45c5bc4c76' -> (Import Result ID: 'e4f6259f1feeb802fb81c52bf2b2113c') in 0.005 seconds [static and dynamic dependencies]. Details - ImportResultOutputID=29f6eba67b8e48ec635e6feb8ea3a90b DependenciesID=bdf27658d57b86cb062b0da7c7dbf16e StaticDependenciesID=8aa3ddb3263b4a31d1778ba00bc366fd 
Number of updated asset objects reloaded before import = 0
Number of asset objects unloaded after import = 0
========================================================================
Received Import Request.
  Time of request: 2026-09-20T00:01:46.7708462Z
  Time since last request: 0.0007555 seconds.
  importAddress: GUID: 03e4d63665d06f04c8a6cf68133c1592 - Path: Packages/com.unity.test-framework/UnityEngine.TestRunner/TestRunner/RemoteHelpers/RemoteTestResultData.cs - Importer: ScriptedImporter/UnityEditor.QuickSearchModule:UnityEditor.Search:ASIAI0B
Importing 'GUID: 03e4d63665d06f04c8a6cf68133c1592 - Path: Packages/com.unity.test-framework/UnityEngine.TestRunner/TestRunner/RemoteHelpers/RemoteTestResultData.cs - Importer: ScriptedImporter/UnityEditor.QuickSearchModule:UnityEditor.Search:ASIAI0B' with importer (ScriptedImporter : UnityEditor.QuickSearchModule:UnityEditor.Search:ASIAI0B)
Imported 'GUID: 03e4d63665d06f04c8a6cf68133c1592' -> (Import Result ID: '5d4adc91addc3f7f02c121690fc26732') in 0.005 seconds [static and dynamic dependencies]. Details - ImportResultOutputID=b77d36746c0236c2fa4b36bb213a55f5 DependenciesID=9ec0e4677ff3927047cbcea46db4b1fa StaticDependenciesID=323c40c026c112d405250f2951fcb706 
Number of updated asset objects reloaded before import = 0
Number of asset objects unloaded after import = 0
========================================================================
Received Import Request.
  Time of request: 2026-09-20T00:01:46.7764891Z
  Time since last request: 0.0007852 seconds.
  importAddress: GUID: 3b4429eff9fcffb48b006e8edcc90338 - Path: Packages/com.unity.test-framework/UnityEngine.TestRunner/NUnitExtensions/Commands/EnumerableApplyChangesToContextCommand.cs - Importer: ScriptedImporter/UnityEditor.QuickSearchModule:UnityEditor.Search:ASIAI0B
Importing 'GUID: 3b4429eff9fcffb48b006e8edcc90338 - Path: Packages/com.unity.test-framework/UnityEngine.TestRunner/NUnitExtensions/Commands/EnumerableApplyChangesToContextCommand.cs - Importer: ScriptedImporter/UnityEditor.QuickSearchModule:UnityEditor.Search:ASIAI0B' with importer (ScriptedImporter : UnityEditor.QuickSearchModule:UnityEditor.Search:ASIAI0B)
Imported 'GUID: 3b4429eff9fcffb48b006e8edcc90338' -> (Import Result ID: '2affa863dcad4fd904ff59b733dfee9b') in 0.004 seconds [static and dynamic dependencies]. Details - ImportResultOutputID=8ae6d2b765bae4f5e5f12208ace319fa DependenciesID=cf62df2dcef8ba008416725ef3456f2c StaticDependenciesID=c04268c26c7607793574ddec26260957 
Number of updated asset objects reloaded before import = 0
Number of asset objects unloaded after import = 0
========================================================================
Received Import Request.
  Time of request: 2026-09-20T00:01:46.7810021Z
  Time since last request: 0.0006594 seconds.
  importAddress: GUID: 9bbdc426fc0a48e1b66deaac7ea8f64c - Path: Packages/com.unity.test-framework/UnityEngine.TestRunner/NUnitExtensions/Commands/IgnoreTest.cs - Importer: ScriptedImporter/UnityEditor.QuickSearchModule:UnityEditor.Search:ASIAI0B
Importing 'GUID: 9bbdc426fc0a48e1b66deaac7ea8f64c - Path: Packages/com.unity.test-framework/UnityEngine.TestRunner/NUnitExtensions/Commands/IgnoreTest.cs - Importer: ScriptedImporter/UnityEditor.QuickSearchModule:UnityEditor.Search:ASIAI0B' with importer (ScriptedImporter : UnityEditor.QuickSearchModule:UnityEditor.Search:ASIAI0B)
Imported 'GUID: 9bbdc426fc0a48e1b66deaac7ea8f64c' -> (Import Result ID: '9a1c1288e5c280434806136a76a256e3') in 0.005 seconds [static and dynamic dependencies]. Details - ImportResultOutputID=ac46d513571f3c476b7a815bcd5586b7 DependenciesID=e4021ba4eae9e29e004b3b8f4d8b15ba StaticDependenciesID=22284f608ef963745d250e488a139a3b 
Number of updated asset objects reloaded before import = 0
Number of asset objects unloaded after import = 0
========================================================================
Received Import Request.
  Time of request: 2026-09-20T00:01:46.7874008Z
  Time since last request: 0.0006536 seconds.
  importAddress: GUID: 874e40a588dbb1e48bc128d686337d4e - Path: Packages/com.unity.test-framework/UnityEngine.TestRunner/NUnitExtensions/Runner/UnityTestAssemblyRunner.cs - Importer: ScriptedImporter/UnityEditor.QuickSearchModule:UnityEditor.Search:ASIAI0B
Importing 'GUID: 874e40a588dbb1e48bc128d686337d4e - Path: Packages/com.unity.test-framework/UnityEngine.TestRunner/NUnitExtensions/Runner/UnityTestAssemblyRunner.cs - Importer: ScriptedImporter/UnityEditor.QuickSearchModule:UnityEditor.Search:ASIAI0B' with importer (ScriptedImporter : UnityEditor.QuickSearchModule:UnityEditor.Search:ASIAI0B)
Imported 'GUID: 874e40a588dbb1e48bc128d686337d4e' -> (Import Result ID: '4085f3796662f306eff7c4eeba168e7a') in 0.004 seconds [static and dynamic dependencies]. Details - ImportResultOutputID=784a2e7f54fff60f1ceae04f691f2814 DependenciesID=b4e916759666190cb6de782254b0e415 StaticDependenciesID=d0254a64b5fed7f0032b7e3658ce799b 
Number of updated asset objects reloaded before import = 0
Number of asset objects unloaded after import = 0
========================================================================
Received Import Request.
  Time of request: 2026-09-20T00:01:46.7918942Z
  Time since last request: 0.0006266 seconds.
  importAddress: GUID: dbd43d8a3b8122d4e89b055f53382b11 - Path: Packages/com.unity.test-framework/UnityEngine.TestRunner/NUnitExtensions/Runner/IEnumerableTestMethodCommand.cs - Importer: ScriptedImporter/UnityEditor.QuickSearchModule:UnityEditor.Search:ASIAI0B
Importing 'GUID: dbd43d8a3b8122d4e89b055f53382b11 - Path: Packages/com.unity.test-framework/UnityEngine.TestRunner/NUnitExtensions/Runner/IEnumerableTestMethodCommand.cs - Importer: ScriptedImporter/UnityEditor.QuickSearchModule:UnityEditor.Search:ASIAI0B' with importer (ScriptedImporter : UnityEditor.QuickSearchModule:UnityEditor.Search:ASIAI0B)
Imported 'GUID: dbd43d8a3b8122d4e89b055f53382b11' -> (Import Result ID: 'fd2e5d3155fdc234a057f0253d2e888f') in 0.004 seconds [static and dynamic dependencies]. Details - ImportResultOutputID=a087a2cff80da3eafb0d3d832aafb07d DependenciesID=d6c3e515defca1fda6666b76c7d6f79d StaticDependenciesID=638fc1c5ac3ee9dba3cd64f36a74afce 
Number of updated asset objects reloaded before import = 0
Number of asset objects unloaded after import = 0
========================================================================
Received Import Request.
  Time of request: 2026-09-20T00:01:46.797212Z
  Time since last request: 0.0006941 seconds.
  importAddress: GUID: cc294d4e597b4ba5acf52ad834cce210 - Path: Packages/com.unity.test-framework/UnityEngine.TestRunner/NUnitExtensions/Commands/StrictCheckCommand.cs - Importer: ScriptedImporter/UnityEditor.QuickSearchModule:UnityEditor.Search:ASIAI0B
Importing 'GUID: cc294d4e597b4ba5acf52ad834cce210 - Path: Packages/com.unity.test-framework/UnityEngine.TestRunner/NUnitExtensions/Commands/StrictCheckCommand.cs - Importer: ScriptedImporter/UnityEditor.QuickSearchModule:UnityEditor.Search:ASIAI0B' with importer (ScriptedImporter : UnityEditor.QuickSearchModule:UnityEditor.Search:ASIAI0B)
Imported 'GUID: cc294d4e597b4ba5acf52ad834cce210' -> (Import Result ID: '34a0b77ace1b37a0d832154c6506eed6') in 0.004 seconds [static and dynamic dependencies]. Details - ImportResultOutputID=f156865a4304b99c7f0a78b74eca46b8 DependenciesID=dc091954e7ffd3d4f97a502c56dd9479 StaticDependenciesID=516a42e4eb9b50f857964b546f634783 
Number of updated asset objects reloaded before import = 0
Number of asset objects unloaded after import = 0
========================================================================
Received Import Request.
  Time of request: 2026-09-20T00:01:46.8024509Z
  Time since last request: 0.0005719 seconds.
  importAddress: GUID: 356852e4738840b4b1ab533d3a66f0e1 - Path: Packages/com.unity.test-framework/UnityEngine.TestRunner/NUnitExtensions/Commands/EnumerableTestState.cs - Importer: ScriptedImporter/UnityEditor.QuickSearchModule:UnityEditor.Search:ASIAI0B
Importing 'GUID: 356852e4738840b4b1ab533d3a66f0e1 - Path: Packages/com.unity.test-framework/UnityEngine.TestRunner/NUnitExtensions/Commands/EnumerableTestState.cs - Importer: ScriptedImporter/UnityEditor.QuickSearchModule:UnityEditor.Search:ASIAI0B' with importer (ScriptedImporter : UnityEditor.QuickSearchModule:UnityEditor.Search:ASIAI0B)
Imported 'GUID: 356852e4738840b4b1ab533d3a66f0e1' -> (Import Result ID: '0a0eccb1287d7b2bde12928f444c6296') in 0.003 seconds [static and dynamic dependencies]. Details - ImportResultOutputID=8673c279938565220750affb838113fb DependenciesID=e0b1591c9104da9b4281890ba04cb4e3 StaticDependenciesID=f6acb28ab29eefe617a331521bf15e0c 
Number of updated asset objects reloaded before import = 0
Number of asset objects unloaded after import = 0
========================================================================
Received Import Request.
  Time of request: 2026-09-20T00:01:46.8066863Z
  Time since last request: 0.0006438 seconds.
  importAddress: GUID: 6de2f178a24cd2e48a0816cacd9a0583 - Path: Packages/com.unity.test-framework/UnityEngine.TestRunner/NUnitExtensions/Commands/EnumerableRetryTestCommand.cs - Importer: ScriptedImporter/UnityEditor.QuickSearchModule:UnityEditor.Search:ASIAI0B
Importing 'GUID: 6de2f178a24cd2e48a0816cacd9a0583 - Path: Packages/com.unity.test-framework/UnityEngine.TestRunner/NUnitExtensions/Commands/EnumerableRetryTestCommand.cs - Importer: ScriptedImporter/UnityEditor.QuickSearchModule:UnityEditor.Search:ASIAI0B' with importer (ScriptedImporter : UnityEditor.QuickSearchModule:UnityEditor.Search:ASIAI0B)
Imported 'GUID: 6de2f178a24cd2e48a0816cacd9a0583' -> (Import Result ID: '52fdc928552c43881bf85931363fd584') in 0.004 seconds [static and dynamic dependencies]. Details - ImportResultOutputID=511e37726b95fd95821a4e131c015142 DependenciesID=023e83dbd0f63050a6dd9490d19384cb StaticDependenciesID=c93bec72693988473ae53f401f44f831 
Number of updated asset objects reloaded before import = 0
Number of asset objects unloaded after import = 0
========================================================================
Received Import Request.
  Time of request: 2026-09-20T00:01:46.8123008Z
  Time since last request: 0.0008127 seconds.
  importAddress: GUID: 94cf1990d9304aff8063ceaa4bc68f6d - Path: Packages/com.unity.test-framework/UnityEngine.TestRunner/NUnitExtensions/Filters/AndFilterExtended.cs - Importer: ScriptedImporter/UnityEditor.QuickSearchModule:UnityEditor.Search:ASIAI0B
Importing 'GUID: 94cf1990d9304aff8063ceaa4bc68f6d - Path: Packages/com.unity.test-framework/UnityEngine.TestRunner/NUnitExtensions/Filters/AndFilterExtended.cs - Importer: ScriptedImporter/UnityEditor.QuickSearchModule:UnityEditor.Search:ASIAI0B' with importer (ScriptedImporter : UnityEditor.QuickSearchModule:UnityEditor.Search:ASIAI0B)
Imported 'GUID: 94cf1990d9304aff8063ceaa4bc68f6d' -> (Import Result ID: '5f62d29c05c73336e81da03ca9bbf364') in 0.005 seconds [static and dynamic dependencies]. Details - ImportResultOutputID=81124d4297ab4ce0e0945d1d37f69cb1 DependenciesID=b3c97ea277031f4bf1af36e60e4cd868 StaticDependenciesID=81f618c8db506149c2a21ff90ffa52b6 
Number of updated asset objects reloaded before import = 0
Number of asset objects unloaded after import = 0
========================================================================
Received Import Request.
  Time of request: 2026-09-20T00:01:46.8183909Z
  Time since last request: 0.0009553 seconds.
  importAddress: GUID: 20793418366caf14293b29c55df5e9ec - Path: Packages/com.unity.test-framework/UnityEngine.TestRunner/TestRunner/Callbacks/RemoteTestResultSender.cs - Importer: ScriptedImporter/UnityEditor.QuickSearchModule:UnityEditor.Search:ASIAI0B
Importing 'GUID: 20793418366caf14293b29c55df5e9ec - Path: Packages/com.unity.test-framework/UnityEngine.TestRunner/TestRunner/Callbacks/RemoteTestResultSender.cs - Importer: ScriptedImporter/UnityEditor.QuickSearchModule:UnityEditor.Search:ASIAI0B' with importer (ScriptedImporter : UnityEditor.QuickSearchModule:UnityEditor.Search:ASIAI0B)
Imported 'GUID: 20793418366caf14293b29c55df5e9ec' -> (Import Result ID: '8cd4cda39fb96bde2b04a91abd020170') in 0.003 seconds [static and dynamic dependencies]. Details - ImportResultOutputID=c2f2e185e1c2abd5357a6842db056d52 DependenciesID=e8b876173cb3945043162be64910f92d StaticDependenciesID=cc58c09c5cd80339bc01d901604dbdbf 
Number of updated asset objects reloaded before import = 0
Number of asset objects unloaded after import = 0
========================================================================
Received Import Request.
  Time of request: 2026-09-20T00:01:46.8223578Z
  Time since last request: 0.0005813 seconds.
  importAddress: GUID: 74987b94d22047d8b286a727906b7019 - Path: Packages/com.unity.test-framework/UnityEngine.TestRunner/NUnitExtensions/Commands/ParametrizedIgnoreCommand.cs - Importer: ScriptedImporter/UnityEditor.QuickSearchModule:UnityEditor.Search:ASIAI0B
Importing 'GUID: 74987b94d22047d8b286a727906b7019 - Path: Packages/com.unity.test-framework/UnityEngine.TestRunner/NUnitExtensions/Commands/ParametrizedIgnoreCommand.cs - Importer: ScriptedImporter/UnityEditor.QuickSearchModule:UnityEditor.Search:ASIAI0B' with importer (ScriptedImporter : UnityEditor.QuickSearchModule:UnityEditor.Search:ASIAI0B)
Imported 'GUID: 74987b94d22047d8b286a727906b7019' -> (Import Result ID: 'fc5d61e59aa78c37fd1e978a868636a6') in 0.004 seconds [static and dynamic dependencies]. Details - ImportResultOutputID=46634e7850fced3383e3013d0f581f9f DependenciesID=8dbf406fd566fafddb53f1fdfb74ca17 StaticDependenciesID=ce51284a6962105976eca4a3e2064011 
Number of updated asset objects reloaded before import = 0
Number of asset objects unloaded after import = 0
========================================================================
Received Import Request.
  Time of request: 2026-09-20T00:01:46.82776Z
  Time since last request: 0.0005512 seconds.
  importAddress: GUID: ad85854b14d4140d88447bdce2fac91f - Path: Packages/com.unity.test-framework/UnityEngine.TestRunner/NUnitExtensions/Commands/TaskTestMethodCommand.cs - Importer: ScriptedImporter/UnityEditor.QuickSearchModule:UnityEditor.Search:ASIAI0B
Importing 'GUID: ad85854b14d4140d88447bdce2fac91f - Path: Packages/com.unity.test-framework/UnityEngine.TestRunner/NUnitExtensions/Commands/TaskTestMethodCommand.cs - Importer: ScriptedImporter/UnityEditor.QuickSearchModule:UnityEditor.Search:ASIAI0B' with importer (ScriptedImporter : UnityEditor.QuickSearchModule:UnityEditor.Search:ASIAI0B)
Imported 'GUID: ad85854b14d4140d88447bdce2fac91f' -> (Import Result ID: '1a42b484ebe19c453b1d0b6a74f9a865') in 0.005 seconds [static and dynamic dependencies]. Details - ImportResultOutputID=dedbb67599988b45e2424ad2564b803d DependenciesID=085e62c2e926d87c5f63560c128fafa1 StaticDependenciesID=4d8a22228baaf84adce720c7e332d702 
Number of updated asset objects reloaded before import = 0
Number of asset objects unloaded after import = 0
========================================================================
Received Import Request.
  Time of request: 2026-09-20T00:01:46.8340917Z
  Time since last request: 0.0006638 seconds.
  importAddress: GUID: f07fb40f4e944ebeb84eb8f8a6bb5b13 - Path: Packages/com.unity.test-framework/UnityEngine.TestRunner/NUnitExtensions/Filters/FullNameFilter.cs - Importer: ScriptedImporter/UnityEditor.QuickSearchModule:UnityEditor.Search:ASIAI0B
Importing 'GUID: f07fb40f4e944ebeb84eb8f8a6bb5b13 - Path: Packages/com.unity.test-framework/UnityEngine.TestRunner/NUnitExtensions/Filters/FullNameFilter.cs - Importer: ScriptedImporter/UnityEditor.QuickSearchModule:UnityEditor.Search:ASIAI0B' with importer (ScriptedImporter : UnityEditor.QuickSearchModule:UnityEditor.Search:ASIAI0B)
Imported 'GUID: f07fb40f4e944ebeb84eb8f8a6bb5b13' -> (Import Result ID: '9a05eacb615fb4d12e3506e21fecc718') in 0.003 seconds [static and dynamic dependencies]. Details - ImportResultOutputID=35ae3e9f0e18e0f5d5143d7ef5d3dcf7 DependenciesID=0df37e496958f5eaf2db9d17a0f86334 StaticDependenciesID=e4c4272aa9300163fc41d6d60991ecf7 
Number of updated asset objects reloaded before import = 0
Number of asset objects unloaded after import = 0
========================================================================
Received Import Request.
  Time of request: 2026-09-20T00:01:46.8382382Z
  Time since last request: 0.0006419 seconds.
  importAddress: GUID: f8ed0b11850145c4995dd76170bb2500 - Path: Packages/com.unity.test-framework/UnityEngine.TestRunner/TestRunner/Callbacks/PlayerQuitHandler.cs - Importer: ScriptedImporter/UnityEditor.QuickSearchModule:UnityEditor.Search:ASIAI0B
Importing 'GUID: f8ed0b11850145c4995dd76170bb2500 - Path: Packages/com.unity.test-framework/UnityEngine.TestRunner/TestRunner/Callbacks/PlayerQuitHandler.cs - Importer: ScriptedImporter/UnityEditor.QuickSearchModule:UnityEditor.Search:ASIAI0B' with importer (ScriptedImporter : UnityEditor.QuickSearchModule:UnityEditor.Search:ASIAI0B)
Imported 'GUID: f8ed0b11850145c4995dd76170bb2500' -> (Import Result ID: 'e21b7f652d372f3c1a6370c93aed423b') in 0.003 seconds [static and dynamic dependencies]. Details - ImportResultOutputID=1dd65516fbaf17960fb312af2c5b3e53 DependenciesID=d5338a76ee60c5ca43fb4de38da7a738 StaticDependenciesID=6c509234e509721936e9babd64945b29 
Number of updated asset objects reloaded before import = 0
Number of asset objects unloaded after import = 0
========================================================================
Received Import Request.
  Time of request: 2026-09-20T00:01:46.8422328Z
  Time since last request: 0.0005136 seconds.
  importAddress: GUID: b97961a82e5e4e66b8f6fa0ce8b5b9e2 - Path: Packages/com.unity.test-framework/UnityEngine.TestRunner/NUnitExtensions/Runner/FeatureFlags.cs - Importer: ScriptedImporter/UnityEditor.QuickSearchModule:UnityEditor.Search:ASIAI0B
Importing 'GUID: b97961a82e5e4e66b8f6fa0ce8b5b9e2 - Path: Packages/com.unity.test-framework/UnityEngine.TestRunner/NUnitExtensions/Runner/FeatureFlags.cs - Importer: ScriptedImporter/UnityEditor.QuickSearchModule:UnityEditor.Search:ASIAI0B' with importer (ScriptedImporter : UnityEditor.QuickSearchModule:UnityEditor.Search:ASIAI0B)
Imported 'GUID: b97961a82e5e4e66b8f6fa0ce8b5b9e2' -> (Import Result ID: '3ab1e24e4c9d17c22f0b7d9daa981103') in 0.003 seconds [static and dynamic dependencies]. Details - ImportResultOutputID=eda4367a7e880ad339bf3c07fccd5ba8 DependenciesID=4f754f56001dbf8465ad744ca138b8dc StaticDependenciesID=57ba9c59543ee7448815c32c34c06052 
Number of updated asset objects reloaded before import = 0
Number of asset objects unloaded after import = 0
========================================================================
Received Import Request.
  Time of request: 2026-09-20T00:01:46.8461458Z
  Time since last request: 0.0007177 seconds.
  importAddress: GUID: 7f65567c9026afb4db5de3355accc636 - Path: Packages/com.unity.test-framework/UnityEngine.TestRunner/NUnitExtensions/Commands/BeforeAfterTestCommandState.cs - Importer: ScriptedImporter/UnityEditor.QuickSearchModule:UnityEditor.Search:ASIAI0B
Importing 'GUID: 7f65567c9026afb4db5de3355accc636 - Path: Packages/com.unity.test-framework/UnityEngine.TestRunner/NUnitExtensions/Commands/BeforeAfterTestCommandState.cs - Importer: ScriptedImporter/UnityEditor.QuickSearchModule:UnityEditor.Search:ASIAI0B' with importer (ScriptedImporter : UnityEditor.QuickSearchModule:UnityEditor.Search:ASIAI0B)
Imported 'GUID: 7f65567c9026afb4db5de3355accc636' -> (Import Result ID: '19036132b4897f516c658cdd923ec6c8') in 0.006 seconds [static and dynamic dependencies]. Details - ImportResultOutputID=12c99282ff00ca8a571dcfa2382b3985 DependenciesID=7fbfb03a178c7a6d00b469d9fb187a5e StaticDependenciesID=136a74137b078c2c87dce5204c9d5723 
Number of updated asset objects reloaded before import = 0
Number of asset objects unloaded after import = 0
========================================================================
Received Import Request.
  Time of request: 2026-09-20T00:01:46.8915896Z
  Time since last request: 0.0393639 seconds.
  importAddress: GUID: 43a3aec217baa9644a7cf34b5f93fed9 - Path: Packages/com.unity.test-framework/UnityEngine.TestRunner/Utils/AssemblyProvider/PlayerTestAssemblyProvider.cs - Importer: ScriptedImporter/UnityEditor.QuickSearchModule:UnityEditor.Search:ASIAI0B
Importing 'GUID: 43a3aec217baa9644a7cf34b5f93fed9 - Path: Packages/com.unity.test-framework/UnityEngine.TestRunner/Utils/AssemblyProvider/PlayerTestAssemblyProvider.cs - Importer: ScriptedImporter/UnityEditor.QuickSearchModule:UnityEditor.Search:ASIAI0B' with importer (ScriptedImporter : UnityEditor.QuickSearchModule:UnityEditor.Search:ASIAI0B)
Imported 'GUID: 43a3aec217baa9644a7cf34b5f93fed9' -> (Import Result ID: '2746404a970b5ab3b12611e017e0fc01') in 0.004 seconds [static and dynamic dependencies]. Details - ImportResultOutputID=2537884ace22ff6d06f5f160a0e9ffd9 DependenciesID=423878ba06221b938a608f6965df8fbb StaticDependenciesID=91fa45d0852be063f79ebdf65f09b697 
Number of updated asset objects reloaded before import = 0
Number of asset objects unloaded after import = 0
========================================================================
Received Import Request.
  Time of request: 2026-09-20T00:01:46.8961881Z
  Time since last request: 0.0006728 seconds.
  importAddress: GUID: 881143a1a3652e343bdcc07166d6f6f6 - Path: Packages/com.unity.test-framework/UnityEditor.TestRunner/TestRun/Tasks/Scene/SaveModifiedSceneTask.cs - Importer: ScriptedImporter/UnityEditor.QuickSearchModule:UnityEditor.Search:ASIAI0B
Importing 'GUID: 881143a1a3652e343bdcc07166d6f6f6 - Path: Packages/com.unity.test-framework/UnityEditor.TestRunner/TestRun/Tasks/Scene/SaveModifiedSceneTask.cs - Importer: ScriptedImporter/UnityEditor.QuickSearchModule:UnityEditor.Search:ASIAI0B' with importer (ScriptedImporter : UnityEditor.QuickSearchModule:UnityEditor.Search:ASIAI0B)
Imported 'GUID: 881143a1a3652e343bdcc07166d6f6f6' -> (Import Result ID: 'a378329e62fc54b0f00ad5890558f160') in 0.004 seconds [static and dynamic dependencies]. Details - ImportResultOutputID=b52d34b3fca839e47bae54927af64e77 DependenciesID=9372ee14671fdcf293a63a56ef190bce StaticDependenciesID=7621de63596c64e45bde438e67ff1fb0 
Number of updated asset objects reloaded before import = 0
Number of asset objects unloaded after import = 0
========================================================================
Received Import Request.
  Time of request: 2026-09-20T00:01:46.900901Z
  Time since last request: 0.0007569 seconds.
  importAddress: GUID: ab19dca503e90904e95faefddb68150d - Path: Packages/com.unity.test-framework/UnityEditor.TestRunner/TestRun/Tasks/Scene/ReloadModifiedScenesTask.cs - Importer: ScriptedImporter/UnityEditor.QuickSearchModule:UnityEditor.Search:ASIAI0B
Importing 'GUID: ab19dca503e90904e95faefddb68150d - Path: Packages/com.unity.test-framework/UnityEditor.TestRunner/TestRun/Tasks/Scene/ReloadModifiedScenesTask.cs - Importer: ScriptedImporter/UnityEditor.QuickSearchModule:UnityEditor.Search:ASIAI0B' with importer (ScriptedImporter : UnityEditor.QuickSearchModule:UnityEditor.Search:ASIAI0B)
Imported 'GUID: ab19dca503e90904e95faefddb68150d' -> (Import Result ID: 'e5bdf699e3c790b4521110f5c6371224') in 0.005 seconds [static and dynamic dependencies]. Details - ImportResultOutputID=34de8c6c27fb2fbd903af8e2cfc97ab1 DependenciesID=566a5c6c5281a9ec46e1add8c5fc85c8 StaticDependenciesID=84eb3541732278573ef4d48679d15514 
Number of updated asset objects reloaded before import = 0
Number of asset objects unloaded after import = 0
========================================================================
Received Import Request.
  Time of request: 2026-09-20T00:01:46.9063126Z
  Time since last request: 0.0006144 seconds.
  importAddress: GUID: f3a361a6ad1aff14ba8f48976e94ad76 - Path: Packages/com.unity.test-framework/UnityEngine.TestRunner/Utils/AssemblyProvider/ScriptingRuntimeProxy.cs - Importer: ScriptedImporter/UnityEditor.QuickSearchModule:UnityEditor.Search:ASIAI0B
Importing 'GUID: f3a361a6ad1aff14ba8f48976e94ad76 - Path: Packages/com.unity.test-framework/UnityEngine.TestRunner/Utils/AssemblyProvider/ScriptingRuntimeProxy.cs - Importer: ScriptedImporter/UnityEditor.QuickSearchModule:UnityEditor.Search:ASIAI0B' with importer (ScriptedImporter : UnityEditor.QuickSearchModule:UnityEditor.Search:ASIAI0B)
Imported 'GUID: f3a361a6ad1aff14ba8f48976e94ad76' -> (Import Result ID: '03ee033329769505a95f5db9e9a577ad') in 0.005 seconds [static and dynamic dependencies]. Details - ImportResultOutputID=2227d4735d7e1762a6a75b8bdd5e0d13 DependenciesID=4ed590e08dee738cd753379bbf432344 StaticDependenciesID=04d46227cb14dfc5a91c6b85c9cdb165 
Number of updated asset objects reloaded before import = 0
Number of asset objects unloaded after import = 0
========================================================================
Received Import Request.
  Time of request: 2026-09-20T00:01:46.9121348Z
  Time since last request: 0.0006509 seconds.
  importAddress: GUID: 4f0f9b9f3ed97ad2b9ba8f1a8e4666c2 - Path: Packages/com.unity.modules.uielements/package.json - Importer: ScriptedImporter/UnityEditor.QuickSearchModule:UnityEditor.Search:ASIAI0B
Importing 'GUID: 4f0f9b9f3ed97ad2b9ba8f1a8e4666c2 - Path: Packages/com.unity.modules.uielements/package.json - Importer: ScriptedImporter/UnityEditor.QuickSearchModule:UnityEditor.Search:ASIAI0B' with importer (ScriptedImporter : UnityEditor.QuickSearchModule:UnityEditor.Search:ASIAI0B)
Imported 'GUID: 4f0f9b9f3ed97ad2b9ba8f1a8e4666c2' -> (Import Result ID: 'cd1fe113317d22af1efb319aeff7cb42') in 0.004 seconds [static and dynamic dependencies]. Details - ImportResultOutputID=7c0585c2249a11289f823c1bd57c9bb7 DependenciesID=a5fa7606d4a60e019453b2f3ab3bf818 StaticDependenciesID=1905cbaf7ef401ab3499b66cdb98768f 
Number of updated asset objects reloaded before import = 0
Number of asset objects unloaded after import = 1
========================================================================
Received Import Request.
  Time of request: 2026-09-20T00:01:46.9174939Z
  Time since last request: 0.0006854 seconds.
  importAddress: GUID: 31d26a10516a4ac7a9bfdcac13a6386e - Path: Packages/com.unity.test-framework/UnityEditor.TestRunner/TestRun/Tasks/Platform/PlatformSpecificSuccessfulLaunchTask.cs - Importer: ScriptedImporter/UnityEditor.QuickSearchModule:UnityEditor.Search:ASIAI0B
Importing 'GUID: 31d26a10516a4ac7a9bfdcac13a6386e - Path: Packages/com.unity.test-framework/UnityEditor.TestRunner/TestRun/Tasks/Platform/PlatformSpecificSuccessfulLaunchTask.cs - Importer: ScriptedImporter/UnityEditor.QuickSearchModule:UnityEditor.Search:ASIAI0B' with importer (ScriptedImporter : UnityEditor.QuickSearchModule:UnityEditor.Search:ASIAI0B)
Imported 'GUID: 31d26a10516a4ac7a9bfdcac13a6386e' -> (Import Result ID: '61495e8dd2476f5db6b0e54bdc4382bc') in 0.004 seconds [static and dynamic dependencies]. Details - ImportResultOutputID=34273c11de9965eedcfd7b9c554f8aa0 DependenciesID=1b801184ff80ec789689eaad7a264f51 StaticDependenciesID=c8535b57b10e2d27a57b533886ae49c1 
Number of updated asset objects reloaded before import = 0
Number of asset objects unloaded after import = 0
========================================================================
Received Import Request.
  Time of request: 2026-09-20T00:01:46.9226568Z
  Time since last request: 0.0007253 seconds.
  importAddress: GUID: 96d14b71b907bb52333b2886e665aba6 - Path: Packages/com.unity.modules.video/package.json - Importer: ScriptedImporter/UnityEditor.QuickSearchModule:UnityEditor.Search:ASIAI0B
Importing 'GUID: 96d14b71b907bb52333b2886e665aba6 - Path: Packages/com.unity.modules.video/package.json - Importer: ScriptedImporter/UnityEditor.QuickSearchModule:UnityEditor.Search:ASIAI0B' with importer (ScriptedImporter : UnityEditor.QuickSearchModule:UnityEditor.Search:ASIAI0B)
Imported 'GUID: 96d14b71b907bb52333b2886e665aba6' -> (Import Result ID: '65c13d304de92d774362d0c4e8401cc0') in 0.004 seconds [static and dynamic dependencies]. Details - ImportResultOutputID=ded38c9fd9d08567582cf719876b2f32 DependenciesID=ba91999edbff5b07419db76f706e0b4a StaticDependenciesID=93b0d17197d7c373427690e1070b3a02 
Number of updated asset objects reloaded before import = 0
Number of asset objects unloaded after import = 1
========================================================================
Received Import Request.
  Time of request: 2026-09-20T00:01:46.9273161Z
  Time since last request: 0.000569 seconds.
  importAddress: GUID: 1c5afe945b715e149a70113a4be7b32a - Path: Packages/com.unity.test-framework/UnityEngine.TestRunner/Utils/AssemblyProvider/IAssemblyWrapper.cs - Importer: ScriptedImporter/UnityEditor.QuickSearchModule:UnityEditor.Search:ASIAI0B
Importing 'GUID: 1c5afe945b715e149a70113a4be7b32a - Path: Packages/com.unity.test-framework/UnityEngine.TestRunner/Utils/AssemblyProvider/IAssemblyWrapper.cs - Importer: ScriptedImporter/UnityEditor.QuickSearchModule:UnityEditor.Search:ASIAI0B' with importer (ScriptedImporter : UnityEditor.QuickSearchModule:UnityEditor.Search:ASIAI0B)
Imported 'GUID: 1c5afe945b715e149a70113a4be7b32a' -> (Import Result ID: '8f8ad06a42032ee4ef83006931eec303') in 0.007 seconds [static and dynamic dependencies]. Details - ImportResultOutputID=d57aa0b57593c4cf92cec10ebbd4b4e7 DependenciesID=3cea006e5019e258041e269bd413e2ae StaticDependenciesID=7aca9e1c81c06f0eb41f3e8f5d295ff2 
Number of updated asset objects reloaded before import = 0
Number of asset objects unloaded after import = 0
========================================================================
Received Import Request.
  Time of request: 2026-09-20T00:01:46.9355972Z
  Time since last request: 0.0010899 seconds.
  importAddress: GUID: 337f28535644395459f6de8c60d9db37 - Path: Packages/com.unity.test-framework/UnityEditor.TestRunner/TestRun/Tasks/Scene/RestoreSceneSetupTask.cs - Importer: ScriptedImporter/UnityEditor.QuickSearchModule:UnityEditor.Search:ASIAI0B
Importing 'GUID: 337f28535644395459f6de8c60d9db37 - Path: Packages/com.unity.test-framework/UnityEditor.TestRunner/TestRun/Tasks/Scene/RestoreSceneSetupTask.cs - Importer: ScriptedImporter/UnityEditor.QuickSearchModule:UnityEditor.Search:ASIAI0B' with importer (ScriptedImporter : UnityEditor.QuickSearchModule:UnityEditor.Search:ASIAI0B)
Imported 'GUID: 337f28535644395459f6de8c60d9db37' -> (Import Result ID: 'f4c3eaa5db71744c18a31b885a4a0052') in 0.005 seconds [static and dynamic dependencies]. Details - ImportResultOutputID=324c60c34c04bf17e2883379f8220ef4 DependenciesID=de1ad893fabd6e4383b972c430387f43 StaticDependenciesID=ab2a38d9016aeeaa63599fa850202401 
Number of updated asset objects reloaded before import = 0
Number of asset objects unloaded after import = 0
========================================================================
Received Import Request.
  Time of request: 2026-09-20T00:01:46.9414247Z
  Time since last request: 0.0006302 seconds.
  importAddress: GUID: f2675f346a0926b4aa7928805fd8bc9c - Path: Packages/com.unity.test-framework/UnityEditor.TestRunner/TestRun/Tasks/Events/CreateEventsTask.cs - Importer: ScriptedImporter/UnityEditor.QuickSearchModule:UnityEditor.Search:ASIAI0B
Importing 'GUID: f2675f346a0926b4aa7928805fd8bc9c - Path: Packages/com.unity.test-framework/UnityEditor.TestRunner/TestRun/Tasks/Events/CreateEventsTask.cs - Importer: ScriptedImporter/UnityEditor.QuickSearchModule:UnityEditor.Search:ASIAI0B' with importer (ScriptedImporter : UnityEditor.QuickSearchModule:UnityEditor.Search:ASIAI0B)
Imported 'GUID: f2675f346a0926b4aa7928805fd8bc9c' -> (Import Result ID: '6c2a0d9bb9130ea54ec83495b04bc3c9') in 0.004 seconds [static and dynamic dependencies]. Details - ImportResultOutputID=d9078423cbd034752caa2201d21a4bbf DependenciesID=d63ada377de32883dcd597c11712d140 StaticDependenciesID=70cd7ed27533f0d01ccef2c4a307cbe5 
Number of updated asset objects reloaded before import = 0
Number of asset objects unloaded after import = 0
========================================================================
Received Import Request.
  Time of request: 2026-09-20T00:01:46.9461578Z
  Time since last request: 0.0005341 seconds.
  importAddress: GUID: 9b1a5759726ef9d39a0ab82047b615f1 - Path: Packages/com.unity.modules.hierarchycore/package.json - Importer: ScriptedImporter/UnityEditor.QuickSearchModule:UnityEditor.Search:ASIAI0B
Importing 'GUID: 9b1a5759726ef9d39a0ab82047b615f1 - Path: Packages/com.unity.modules.hierarchycore/package.json - Importer: ScriptedImporter/UnityEditor.QuickSearchModule:UnityEditor.Search:ASIAI0B' with importer (ScriptedImporter : UnityEditor.QuickSearchModule:UnityEditor.Search:ASIAI0B)
Imported 'GUID: 9b1a5759726ef9d39a0ab82047b615f1' -> (Import Result ID: '8a1363c8a1c28c824c418ad4eaf817d3') in 0.004 seconds [static and dynamic dependencies]. Details - ImportResultOutputID=080e93ffb8fa68eb3ccd455ea5feb563 DependenciesID=ede26acc0478db6c435a44e16a8cf3b7 StaticDependenciesID=fce92ec5282ed28456140216b3db54f3 
Number of updated asset objects reloaded before import = 0
Number of asset objects unloaded after import = 1
========================================================================
Received Import Request.
  Time of request: 2026-09-20T00:01:46.9513065Z
  Time since last request: 0.0007612 seconds.
  importAddress: GUID: 5598b14661b5f4c43bed757f34b6d172 - Path: Packages/com.unity.ide.rider/LICENSE.md - Importer: ScriptedImporter/UnityEditor.QuickSearchModule:UnityEditor.Search:ASIAI0B
Importing 'GUID: 5598b14661b5f4c43bed757f34b6d172 - Path: Packages/com.unity.ide.rider/LICENSE.md - Importer: ScriptedImporter/UnityEditor.QuickSearchModule:UnityEditor.Search:ASIAI0B' with importer (ScriptedImporter : UnityEditor.QuickSearchModule:UnityEditor.Search:ASIAI0B)
Imported 'GUID: 5598b14661b5f4c43bed757f34b6d172' -> (Import Result ID: '675e91b0be877ff23c3efe8755b17bbb') in 0.006 seconds [static and dynamic dependencies]. Details - ImportResultOutputID=6506f2261c8a1b4bb435451f22775d29 DependenciesID=fc23b3c858b8981ec34b52231dcbf353 StaticDependenciesID=777dab8928612016158205f9c43e2537 
Number of updated asset objects reloaded before import = 0
Number of asset objects unloaded after import = 1
========================================================================
Received Import Request.
  Time of request: 2026-09-20T00:01:46.9578596Z
  Time since last request: 0.0005699 seconds.
  importAddress: GUID: 49284fdc918b491aa9f4439e6cc59c9c - Path: Packages/com.unity.test-framework/UnityEditor.TestRunner/TestRun/Tasks/Platform/PlatformSpecificSetupTask.cs - Importer: ScriptedImporter/UnityEditor.QuickSearchModule:UnityEditor.Search:ASIAI0B
Importing 'GUID: 49284fdc918b491aa9f4439e6cc59c9c - Path: Packages/com.unity.test-framework/UnityEditor.TestRunner/TestRun/Tasks/Platform/PlatformSpecificSetupTask.cs - Importer: ScriptedImporter/UnityEditor.QuickSearchModule:UnityEditor.Search:ASIAI0B' with importer (ScriptedImporter : UnityEditor.QuickSearchModule:UnityEditor.Search:ASIAI0B)
Imported 'GUID: 49284fdc918b491aa9f4439e6cc59c9c' -> (Import Result ID: 'dd557386fdd453a0b41e2d08fd8656c1') in 0.005 seconds [static and dynamic dependencies]. Details - ImportResultOutputID=43f2a22b45e2e8290df5e2c4842b9c9b DependenciesID=8caf925e8e9200b5996019588c5d4816 StaticDependenciesID=8da7b7df587e5e5658ac1e6e5ee3eb06 
Number of updated asset objects reloaded before import = 0
Number of asset objects unloaded after import = 0
========================================================================
Received Import Request.
  Time of request: 2026-09-20T00:01:46.9634882Z
  Time since last request: 0.000518 seconds.
  importAddress: GUID: ae87256f29d9c8b50490f4caf75b2c41 - Path: Packages/com.unity.modules.unitywebrequestwww/package.ModuleCompilationTrigger - Importer: ScriptedImporter/UnityEditor.QuickSearchModule:UnityEditor.Search:ASIAI0B
Importing 'GUID: ae87256f29d9c8b50490f4caf75b2c41 - Path: Packages/com.unity.modules.unitywebrequestwww/package.ModuleCompilationTrigger - Importer: ScriptedImporter/UnityEditor.QuickSearchModule:UnityEditor.Search:ASIAI0B' with importer (ScriptedImporter : UnityEditor.QuickSearchModule:UnityEditor.Search:ASIAI0B)
Imported 'GUID: ae87256f29d9c8b50490f4caf75b2c41' -> (Import Result ID: '00e1e719ed619a742ff7109e3d9e3343') in 0.004 seconds [static and dynamic dependencies]. Details - ImportResultOutputID=48dbb73a40d1b22b20d390b07aa6458d DependenciesID=425cc14ee84f82a99a269933cfa03b06 StaticDependenciesID=d34b249b73710101e6e4599ae98075a9 
Number of updated asset objects reloaded before import = 0
Number of asset objects unloaded after import = 1
========================================================================
Received Import Request.
  Time of request: 2026-09-20T00:01:46.9679999Z
  Time since last request: 0.0005675 seconds.
  importAddress: GUID: 6dff66623000ef448ab68db41d803d95 - Path: Packages/com.unity.test-framework/UnityEditor.TestRunner/TestRun/Tasks/Scene/CreateNewSceneTask.cs - Importer: ScriptedImporter/UnityEditor.QuickSearchModule:UnityEditor.Search:ASIAI0B
Importing 'GUID: 6dff66623000ef448ab68db41d803d95 - Path: Packages/com.unity.test-framework/UnityEditor.TestRunner/TestRun/Tasks/Scene/CreateNewSceneTask.cs - Importer: ScriptedImporter/UnityEditor.QuickSearchModule:UnityEditor.Search:ASIAI0B' with importer (ScriptedImporter : UnityEditor.QuickSearchModule:UnityEditor.Search:ASIAI0B)
Imported 'GUID: 6dff66623000ef448ab68db41d803d95' -> (Import Result ID: 'cb26617ff111a0a9881e526cbd7f587f') in 0.003 seconds [static and dynamic dependencies]. Details - ImportResultOutputID=d4498ce191ec7080a94ce3318a75f79d DependenciesID=789bfc6b5ce3ee72a2091865b2aefa77 StaticDependenciesID=a9084289c41b9e5cd3e90de77cbdb60f 
Number of updated asset objects reloaded before import = 0
Number of asset objects unloaded after import = 0
========================================================================
Received Import Request.
  Time of request: 2026-09-20T00:01:46.9719242Z
  Time since last request: 0.0005925 seconds.
  importAddress: GUID: c5c78f2ef0d32a948bbb93266ef69a6a - Path: Packages/com.unity.test-framework/UnityEditor.TestRunner/TestRun/Tasks/Events/UpdateTestProgressTask.cs - Importer: ScriptedImporter/UnityEditor.QuickSearchModule:UnityEditor.Search:ASIAI0B
Importing 'GUID: c5c78f2ef0d32a948bbb93266ef69a6a - Path: Packages/com.unity.test-framework/UnityEditor.TestRunner/TestRun/Tasks/Events/UpdateTestProgressTask.cs - Importer: ScriptedImporter/UnityEditor.QuickSearchModule:UnityEditor.Search:ASIAI0B' with importer (ScriptedImporter : UnityEditor.QuickSearchModule:UnityEditor.Search:ASIAI0B)
Imported 'GUID: c5c78f2ef0d32a948bbb93266ef69a6a' -> (Import Result ID: '39d80d0704d8e178113c5ae8045457c8') in 0.004 seconds [static and dynamic dependencies]. Details - ImportResultOutputID=cb726dff9f089c3a7f2f893d67957374 DependenciesID=52751b0504879cd9046612ea8e44d6d6 StaticDependenciesID=2b58d3c76858851a44bbc20e4c606e17 
Number of updated asset objects reloaded before import = 0
Number of asset objects unloaded after import = 0
========================================================================
Received Import Request.
  Time of request: 2026-09-20T00:01:46.9765767Z
  Time since last request: 0.0005397 seconds.
  importAddress: GUID: 5da62a0c1c5218c4aa16b74546a7822d - Path: Packages/com.unity.ext.nunit/README.md - Importer: ScriptedImporter/UnityEditor.QuickSearchModule:UnityEditor.Search:ASIAI0B
Importing 'GUID: 5da62a0c1c5218c4aa16b74546a7822d - Path: Packages/com.unity.ext.nunit/README.md - Importer: ScriptedImporter/UnityEditor.QuickSearchModule:UnityEditor.Search:ASIAI0B' with importer (ScriptedImporter : UnityEditor.QuickSearchModule:UnityEditor.Search:ASIAI0B)
Imported 'GUID: 5da62a0c1c5218c4aa16b74546a7822d' -> (Import Result ID: '5ce18fd2fee77f2ca9547aae91987f49') in 0.004 seconds [static and dynamic dependencies]. Details - ImportResultOutputID=7b491c8b73131e58f767b463bc28a97b DependenciesID=c4dfb201f9b9d6e95e4024b370004931 StaticDependenciesID=70f515c16df8b113445062cc9dfa40cb 
Number of updated asset objects reloaded before import = 0
Number of asset objects unloaded after import = 1
========================================================================
Received Import Request.
  Time of request: 2026-09-20T00:01:46.9812624Z
  Time since last request: 0.0007696 seconds.
  importAddress: GUID: 8d4bc6bfa28760b29f13174d6b6ea710 - Path: Packages/com.unity.modules.subsystems/package.ModuleCompilationTrigger - Importer: ScriptedImporter/UnityEditor.QuickSearchModule:UnityEditor.Search:ASIAI0B
Importing 'GUID: 8d4bc6bfa28760b29f13174d6b6ea710 - Path: Packages/com.unity.modules.subsystems/package.ModuleCompilationTrigger - Importer: ScriptedImporter/UnityEditor.QuickSearchModule:UnityEditor.Search:ASIAI0B' with importer (ScriptedImporter : UnityEditor.QuickSearchModule:UnityEditor.Search:ASIAI0B)
Imported 'GUID: 8d4bc6bfa28760b29f13174d6b6ea710' -> (Import Result ID: '50f6f37a25746ae9b38a8cf341a99da7') in 0.004 seconds [static and dynamic dependencies]. Details - ImportResultOutputID=86dfa8878f3c3f94f8f38b897433dd90 DependenciesID=20d3e0228ec116a991158da2a82e3184 StaticDependenciesID=f6d7b18d27e2b345b1f7e91985f40ff2 
Number of updated asset objects reloaded before import = 0
Number of asset objects unloaded after import = 1
========================================================================
Received Import Request.
  Time of request: 2026-09-20T00:01:46.9865269Z
  Time since last request: 0.0005145 seconds.
  importAddress: GUID: 66c95bb3c74257f41bae2622511dc02d - Path: Packages/com.unity.ide.rider/package.json - Importer: ScriptedImporter/UnityEditor.QuickSearchModule:UnityEditor.Search:ASIAI0B
Importing 'GUID: 66c95bb3c74257f41bae2622511dc02d - Path: Packages/com.unity.ide.rider/package.json - Importer: ScriptedImporter/UnityEditor.QuickSearchModule:UnityEditor.Search:ASIAI0B' with importer (ScriptedImporter : UnityEditor.QuickSearchModule:UnityEditor.Search:ASIAI0B)
Imported 'GUID: 66c95bb3c74257f41bae2622511dc02d' -> (Import Result ID: '120da9594b066edbf1dbc238e466105b') in 0.002 seconds [static and dynamic dependencies]. Details - ImportResultOutputID=bc582d0f378370204e5a5e7f46361451 DependenciesID=40188b5b2970bff30fb0dfcc798c8e60 StaticDependenciesID=920e359ae3e0b298b84c063b1aa83ce8 
Number of updated asset objects reloaded before import = 0
Number of asset objects unloaded after import = 1
========================================================================
Received Import Request.
  Time of request: 2026-09-20T00:01:46.9896288Z
  Time since last request: 0.0004677 seconds.
  importAddress: GUID: 311d065aced2092409deadf0c0934f61 - Path: Packages/com.unity.test-framework/UnityEditor.TestRunner/TestRun/Tasks/Events/RegisterCallbackDelegatorEventsTask.cs - Importer: ScriptedImporter/UnityEditor.QuickSearchModule:UnityEditor.Search:ASIAI0B
Importing 'GUID: 311d065aced2092409deadf0c0934f61 - Path: Packages/com.unity.test-framework/UnityEditor.TestRunner/TestRun/Tasks/Events/RegisterCallbackDelegatorEventsTask.cs - Importer: ScriptedImporter/UnityEditor.QuickSearchModule:UnityEditor.Search:ASIAI0B' with importer (ScriptedImporter : UnityEditor.QuickSearchModule:UnityEditor.Search:ASIAI0B)
Imported 'GUID: 311d065aced2092409deadf0c0934f61' -> (Import Result ID: 'ce1a67896ce4ba2a25de81ea68be7325') in 0.004 seconds [static and dynamic dependencies]. Details - ImportResultOutputID=317c26a712e15474249bb804352d030a DependenciesID=7df77f6c03a95651c5c64a1ed1bcbb65 StaticDependenciesID=fd5f51e2405d011f9d0bb2e3454782f2 
Number of updated asset objects reloaded before import = 0
Number of asset objects unloaded after import = 0
========================================================================
Received Import Request.
  Time of request: 2026-09-20T00:01:46.9940438Z
  Time since last request: 0.0004579 seconds.
  importAddress: GUID: 5e83f8baac96eaa47bdd9ca781cd2002 - Path: Packages/com.unity.ide.rider/CONTRIBUTING.md - Importer: ScriptedImporter/UnityEditor.QuickSearchModule:UnityEditor.Search:ASIAI0B
Importing 'GUID: 5e83f8baac96eaa47bdd9ca781cd2002 - Path: Packages/com.unity.ide.rider/CONTRIBUTING.md - Importer: ScriptedImporter/UnityEditor.QuickSearchModule:UnityEditor.Search:ASIAI0B' with importer (ScriptedImporter : UnityEditor.QuickSearchModule:UnityEditor.Search:ASIAI0B)
Imported 'GUID: 5e83f8baac96eaa47bdd9ca781cd2002' -> (Import Result ID: '349c97e58da72688809852de5364dc3d') in 0.003 seconds [static and dynamic dependencies]. Details - ImportResultOutputID=8ad54b7c5f33585750ee97b739272299 DependenciesID=f7647d2985bd9a5eab78d9b668d8319d StaticDependenciesID=eb3f9965fca74c3b8788bb63b0e9ee11 
Number of updated asset objects reloaded before import = 0
Number of asset objects unloaded after import = 1
========================================================================
Received Import Request.
  Time of request: 2026-09-20T00:01:46.9974041Z
  Time since last request: 0.0004467 seconds.
  importAddress: GUID: c24a1e88fc49dce47930834ff9997443 - Path: Packages/com.unity.test-framework/UnityEditor.TestRunner/TestRun/Tasks/Scene/ISceneWrapper.cs - Importer: ScriptedImporter/UnityEditor.QuickSearchModule:UnityEditor.Search:ASIAI0B
Importing 'GUID: c24a1e88fc49dce47930834ff9997443 - Path: Packages/com.unity.test-framework/UnityEditor.TestRunner/TestRun/Tasks/Scene/ISceneWrapper.cs - Importer: ScriptedImporter/UnityEditor.QuickSearchModule:UnityEditor.Search:ASIAI0B' with importer (ScriptedImporter : UnityEditor.QuickSearchModule:UnityEditor.Search:ASIAI0B)
Imported 'GUID: c24a1e88fc49dce47930834ff9997443' -> (Import Result ID: '7fea5e62f2d7b2ed8ea19e0311c533ee') in 0.005 seconds [static and dynamic dependencies]. Details - ImportResultOutputID=9201d3262a896a1bf913174a7f0f09f3 DependenciesID=9119383480db66efc68eff7b05e6d255 StaticDependenciesID=183cb89e0d5ccb608d4957b678694490 
Number of updated asset objects reloaded before import = 0
Number of asset objects unloaded after import = 0
========================================================================
Received Import Request.
  Time of request: 2026-09-20T00:01:47.0026876Z
  Time since last request: 0.0005226 seconds.
  importAddress: GUID: 8645aa9c3c74fb34ba9499e14fb332b5 - Path: Packages/com.unity.ide.rider/CHANGELOG.md - Importer: ScriptedImporter/UnityEditor.QuickSearchModule:UnityEditor.Search:ASIAI0B
Importing 'GUID: 8645aa9c3c74fb34ba9499e14fb332b5 - Path: Packages/com.unity.ide.rider/CHANGELOG.md - Importer: ScriptedImporter/UnityEditor.QuickSearchModule:UnityEditor.Search:ASIAI0B' with importer (ScriptedImporter : UnityEditor.QuickSearchModule:UnityEditor.Search:ASIAI0B)
Imported 'GUID: 8645aa9c3c74fb34ba9499e14fb332b5' -> (Import Result ID: '04f4e09a798159237835e110991c1bb3') in 0.003 seconds [static and dynamic dependencies]. Details - ImportResultOutputID=cf222087a09a5ed322b6077b99b1bec7 DependenciesID=307349553ecb62b6d0ff94cd8127d73f StaticDependenciesID=d74259226170dd72a145a4397da2ee1a 
Number of updated asset objects reloaded before import = 0
Number of asset objects unloaded after import = 1
========================================================================
Received Import Request.
  Time of request: 2026-09-20T00:01:47.00622Z
  Time since last request: 0.0004858 seconds.
  importAddress: GUID: 17f093324b67f5bd57e55b546736750e - Path: Packages/com.unity.modules.particlesystem/package.ModuleCompilationTrigger - Importer: ScriptedImporter/UnityEditor.QuickSearchModule:UnityEditor.Search:ASIAI0B
Importing 'GUID: 17f093324b67f5bd57e55b546736750e - Path: Packages/com.unity.modules.particlesystem/package.ModuleCompilationTrigger - Importer: ScriptedImporter/UnityEditor.QuickSearchModule:UnityEditor.Search:ASIAI0B' with importer (ScriptedImporter : UnityEditor.QuickSearchModule:UnityEditor.Search:ASIAI0B)
Imported 'GUID: 17f093324b67f5bd57e55b546736750e' -> (Import Result ID: '1e18125dd9684d1261cc5d741a6df650') in 0.004 seconds [static and dynamic dependencies]. Details - ImportResultOutputID=06f024a658ed376a4af3608fcb89fc1a DependenciesID=c1b3658cbfc760858fcb4c49f50c787d StaticDependenciesID=41b46886aed079ac71cc088b84c00ed7 
Number of updated asset objects reloaded before import = 0
Number of asset objects unloaded after import = 1
========================================================================
Received Import Request.
  Time of request: 2026-09-20T00:01:47.0111432Z
  Time since last request: 0.0005637 seconds.
  importAddress: GUID: 87d720faa37005c08600090e04d8c739 - Path: Packages/com.unity.modules.particlesystem/package.json - Importer: ScriptedImporter/UnityEditor.QuickSearchModule:UnityEditor.Search:ASIAI0B
Importing 'GUID: 87d720faa37005c08600090e04d8c739 - Path: Packages/com.unity.modules.particlesystem/package.json - Importer: ScriptedImporter/UnityEditor.QuickSearchModule:UnityEditor.Search:ASIAI0B' with importer (ScriptedImporter : UnityEditor.QuickSearchModule:UnityEditor.Search:ASIAI0B)
Imported 'GUID: 87d720faa37005c08600090e04d8c739' -> (Import Result ID: 'a0da74b53e4bf04efdff46f7c2eb7398') in 0.003 seconds [static and dynamic dependencies]. Details - ImportResultOutputID=9b24e58b1b0329637b1623d99eb8fcdc DependenciesID=f0bf63d216d4b4b672143471f37fdc26 StaticDependenciesID=7fe37d95eb4424dccaf9253b907ab74c 
Number of updated asset objects reloaded before import = 0
Number of asset objects unloaded after import = 1
========================================================================
Received Import Request.
  Time of request: 2026-09-20T00:01:47.014747Z
  Time since last request: 0.0006729 seconds.
  importAddress: GUID: fe4aef60e4ace544c8430da8ef8acba2 - Path: Packages/com.unity.test-framework/UnityEngine.TestRunner/Utils/AssemblyProvider/IScriptingRuntimeProxy.cs - Importer: ScriptedImporter/UnityEditor.QuickSearchModule:UnityEditor.Search:ASIAI0B
Importing 'GUID: fe4aef60e4ace544c8430da8ef8acba2 - Path: Packages/com.unity.test-framework/UnityEngine.TestRunner/Utils/AssemblyProvider/IScriptingRuntimeProxy.cs - Importer: ScriptedImporter/UnityEditor.QuickSearchModule:UnityEditor.Search:ASIAI0B' with importer (ScriptedImporter : UnityEditor.QuickSearchModule:UnityEditor.Search:ASIAI0B)
Imported 'GUID: fe4aef60e4ace544c8430da8ef8acba2' -> (Import Result ID: '8578dda574276395d89951e03fa567bb') in 0.004 seconds [static and dynamic dependencies]. Details - ImportResultOutputID=7b429ae45355d7c52ba50d59dc1973d8 DependenciesID=2bedbde3e82b0c539073917de1e927ff StaticDependenciesID=310b39d90921691806777654e76c2524 
Number of updated asset objects reloaded before import = 0
Number of asset objects unloaded after import = 0
========================================================================
Received Import Request.
  Time of request: 2026-09-20T00:01:47.0193726Z
  Time since last request: 0.0005485 seconds.
  importAddress: GUID: e2d09a26ce46dc617b54e49a534ace20 - Path: Packages/com.unity.modules.ai/package.ModuleCompilationTrigger - Importer: ScriptedImporter/UnityEditor.QuickSearchModule:UnityEditor.Search:ASIAI0B
Importing 'GUID: e2d09a26ce46dc617b54e49a534ace20 - Path: Packages/com.unity.modules.ai/package.ModuleCompilationTrigger - Importer: ScriptedImporter/UnityEditor.QuickSearchModule:UnityEditor.Search:ASIAI0B' with importer (ScriptedImporter : UnityEditor.QuickSearchModule:UnityEditor.Search:ASIAI0B)
Imported 'GUID: e2d09a26ce46dc617b54e49a534ace20' -> (Import Result ID: '3fcb230ff7e489b57e15fa5b777d8096') in 0.003 seconds [static and dynamic dependencies]. Details - ImportResultOutputID=dafce0de49b977e5d6325bd71bb153ef DependenciesID=2e7f0bee6dd4ca5c3ddc63a81919a2ef StaticDependenciesID=7c16edf7291df62f1be250db19e93daf 
Number of updated asset objects reloaded before import = 0
Number of asset objects unloaded after import = 1
========================================================================
Received Import Request.
  Time of request: 2026-09-20T00:01:47.0231445Z
  Time since last request: 0.0005706 seconds.
  importAddress: GUID: e59094b434ebb46e6844f02ec9c4dc42 - Path: Packages/com.unity.ext.nunit/net472/unity-custom/nunit.framework.dll - Importer: ScriptedImporter/UnityEditor.QuickSearchModule:UnityEditor.Search:ASIAI0B
Importing 'GUID: e59094b434ebb46e6844f02ec9c4dc42 - Path: Packages/com.unity.ext.nunit/net472/unity-custom/nunit.framework.dll - Importer: ScriptedImporter/UnityEditor.QuickSearchModule:UnityEditor.Search:ASIAI0B' with importer (ScriptedImporter : UnityEditor.QuickSearchModule:UnityEditor.Search:ASIAI0B)
Imported 'GUID: e59094b434ebb46e6844f02ec9c4dc42' -> (Import Result ID: 'd2ea330751e318167f98a94671ef471f') in 0.030 seconds [static and dynamic dependencies]. Details - ImportResultOutputID=d5e25d01f962ccb90f1aa715ac3488ef DependenciesID=f4c828f509f1e60e17f34fbfdc9476e5 StaticDependenciesID=00bbcb250c516b7a78ffa74c22935044 
Number of updated asset objects reloaded before import = 0
Number of asset objects unloaded after import = 0
========================================================================
Received Import Request.
  Time of request: 2026-09-20T00:01:47.0543961Z
  Time since last request: 0.0005842 seconds.
  importAddress: GUID: a8ea9765889ae054c9b32cce583af855 - Path: Packages/com.unity.test-framework/UnityEditor.TestRunner/TestRun/Tasks/Events/RunFinishedInvocationEvent.cs - Importer: ScriptedImporter/UnityEditor.QuickSearchModule:UnityEditor.Search:ASIAI0B
Importing 'GUID: a8ea9765889ae054c9b32cce583af855 - Path: Packages/com.unity.test-framework/UnityEditor.TestRunner/TestRun/Tasks/Events/RunFinishedInvocationEvent.cs - Importer: ScriptedImporter/UnityEditor.QuickSearchModule:UnityEditor.Search:ASIAI0B' with importer (ScriptedImporter : UnityEditor.QuickSearchModule:UnityEditor.Search:ASIAI0B)
Imported 'GUID: a8ea9765889ae054c9b32cce583af855' -> (Import Result ID: '916051ffb18227badd55dca7c9c5196c') in 0.003 seconds [static and dynamic dependencies]. Details - ImportResultOutputID=c3930e0143956537bdc5deca8dfa1f04 DependenciesID=7e23e66d6876ecac7cb0d794a82014cf StaticDependenciesID=3389b79840b52904a0b5e405b5365441 
Number of updated asset objects reloaded before import = 0
Number of asset objects unloaded after import = 0
========================================================================
Received Import Request.
  Time of request: 2026-09-20T00:01:47.0579681Z
  Time since last request: 0.0004775 seconds.
  importAddress: GUID: 57e7d752d8e6494b9aca2f2724b98761 - Path: Packages/com.unity.test-framework/UnityEditor.TestRunner/TestRun/Tasks/Platform/PlatformSpecificSuccessfulBuildTask.cs - Importer: ScriptedImporter/UnityEditor.QuickSearchModule:UnityEditor.Search:ASIAI0B
Importing 'GUID: 57e7d752d8e6494b9aca2f2724b98761 - Path: Packages/com.unity.test-framework/UnityEditor.TestRunner/TestRun/Tasks/Platform/PlatformSpecificSuccessfulBuildTask.cs - Importer: ScriptedImporter/UnityEditor.QuickSearchModule:UnityEditor.Search:ASIAI0B' with importer (ScriptedImporter : UnityEditor.QuickSearchModule:UnityEditor.Search:ASIAI0B)
Imported 'GUID: 57e7d752d8e6494b9aca2f2724b98761' -> (Import Result ID: '2c67e880ef1521543dfb544da3e7dbb3') in 0.003 seconds [static and dynamic dependencies]. Details - ImportResultOutputID=e3ec9756cf61c55dd939db6c4df5b165 DependenciesID=a3b30c36f192d2db87457154bc7f7916 StaticDependenciesID=4dc58ce3fe06bb96749095d949a37e34 
Number of updated asset objects reloaded before import = 0
Number of asset objects unloaded after import = 0
========================================================================
Received Import Request.
  Time of request: 2026-09-20T00:01:47.0619443Z
  Time since last request: 0.0008199 seconds.
  importAddress: GUID: 006c3457e983424bbdead50009cd0e00 - Path: Packages/com.unity.test-framework/UnityEditor.TestRunner/TestRun/Tasks/Player/DetermineRuntimePlatformTask.cs - Importer: ScriptedImporter/UnityEditor.QuickSearchModule:UnityEditor.Search:ASIAI0B
Importing 'GUID: 006c3457e983424bbdead50009cd0e00 - Path: Packages/com.unity.test-framework/UnityEditor.TestRunner/TestRun/Tasks/Player/DetermineRuntimePlatformTask.cs - Importer: ScriptedImporter/UnityEditor.QuickSearchModule:UnityEditor.Search:ASIAI0B' with importer (ScriptedImporter : UnityEditor.QuickSearchModule:UnityEditor.Search:ASIAI0B)
Imported 'GUID: 006c3457e983424bbdead50009cd0e00' -> (Import Result ID: '28d2d245d490a0c240bdf9df1746f97c') in 0.003 seconds [static and dynamic dependencies]. Details - ImportResultOutputID=743ad191deaead190407b3461569d954 DependenciesID=ce38d3906effeaeb3110f87db46fe3ac StaticDependenciesID=02d9769d3e4344d6f9f77d1c40c8fc88 
Number of updated asset objects reloaded before import = 0
Number of asset objects unloaded after import = 0
========================================================================
Received Import Request.
  Time of request: 2026-09-20T00:01:47.0663957Z
  Time since last request: 0.0010887 seconds.
  importAddress: GUID: d104359075a97392b803d3d5aebc77f7 - Path: Packages/com.unity.modules.hierarchycore/package.ModuleCompilationTrigger - Importer: ScriptedImporter/UnityEditor.QuickSearchModule:UnityEditor.Search:ASIAI0B
Importing 'GUID: d104359075a97392b803d3d5aebc77f7 - Path: Packages/com.unity.modules.hierarchycore/package.ModuleCompilationTrigger - Importer: ScriptedImporter/UnityEditor.QuickSearchModule:UnityEditor.Search:ASIAI0B' with importer (ScriptedImporter : UnityEditor.QuickSearchModule:UnityEditor.Search:ASIAI0B)
Imported 'GUID: d104359075a97392b803d3d5aebc77f7' -> (Import Result ID: 'ef6752d691c614279874b433e2a51432') in 0.004 seconds [static and dynamic dependencies]. Details - ImportResultOutputID=903f5fe93fdb13cdf08b3ac09d820240 DependenciesID=3f2b9aa28b22592b405c20d02bf3121f StaticDependenciesID=20ec31f47fa34b227910388c00f85f09 
Number of updated asset objects reloaded before import = 0
Number of asset objects unloaded after import = 1
========================================================================
Received Import Request.
  Time of request: 2026-09-20T00:01:47.0714386Z
  Time since last request: 0.0007499 seconds.
  importAddress: GUID: d528c8c98d269ca44a06cd9624a03945 - Path: Packages/com.unity.ide.rider/Rider/Editor/com.unity.ide.rider.asmdef - Importer: ScriptedImporter/UnityEditor.QuickSearchModule:UnityEditor.Search:ASIAI0B
Importing 'GUID: d528c8c98d269ca44a06cd9624a03945 - Path: Packages/com.unity.ide.rider/Rider/Editor/com.unity.ide.rider.asmdef - Importer: ScriptedImporter/UnityEditor.QuickSearchModule:UnityEditor.Search:ASIAI0B' with importer (ScriptedImporter : UnityEditor.QuickSearchModule:UnityEditor.Search:ASIAI0B)
Imported 'GUID: d528c8c98d269ca44a06cd9624a03945' -> (Import Result ID: 'cad4f96e0a912340e5f92c4a57a55b3d') in 0.004 seconds [static and dynamic dependencies]. Details - ImportResultOutputID=e479081f3a0213ac44ec01cf60619775 DependenciesID=26d1fbb3ee7b183e3cddbda89e1ed867 StaticDependenciesID=12d1da68e12b98df41d44b59a7f4681d 
Number of updated asset objects reloaded before import = 0
Number of asset objects unloaded after import = 1
========================================================================
Received Import Request.
  Time of request: 2026-09-20T00:01:47.0763071Z
  Time since last request: 0.0008679 seconds.
  importAddress: GUID: f62135e79edb837b2d2ee3c524da864c - Path: Packages/com.unity.modules.video/package.ModuleCompilationTrigger - Importer: ScriptedImporter/UnityEditor.QuickSearchModule:UnityEditor.Search:ASIAI0B
Importing 'GUID: f62135e79edb837b2d2ee3c524da864c - Path: Packages/com.unity.modules.video/package.ModuleCompilationTrigger - Importer: ScriptedImporter/UnityEditor.QuickSearchModule:UnityEditor.Search:ASIAI0B' with importer (ScriptedImporter : UnityEditor.QuickSearchModule:UnityEditor.Search:ASIAI0B)
Imported 'GUID: f62135e79edb837b2d2ee3c524da864c' -> (Import Result ID: 'dd707d11a58b93ffa1ddda8ad19417d0') in 0.004 seconds [static and dynamic dependencies]. Details - ImportResultOutputID=a374efb91d66d2103bf4834a7426dc78 DependenciesID=70392509994ea38eff8be2c0a2506972 StaticDependenciesID=2bd4b4d39ca5d893fcd2ff2a54f828e1 
Number of updated asset objects reloaded before import = 0
Number of asset objects unloaded after import = 1
========================================================================
Received Import Request.
  Time of request: 2026-09-20T00:01:47.0808859Z
  Time since last request: 0.0006122 seconds.
  importAddress: GUID: 8a752aaaadd2410dd9a84e01c1bace9f - Path: Packages/com.unity.modules.uielements/package.ModuleCompilationTrigger - Importer: ScriptedImporter/UnityEditor.QuickSearchModule:UnityEditor.Search:ASIAI0B
Importing 'GUID: 8a752aaaadd2410dd9a84e01c1bace9f - Path: Packages/com.unity.modules.uielements/package.ModuleCompilationTrigger - Importer: ScriptedImporter/UnityEditor.QuickSearchModule:UnityEditor.Search:ASIAI0B' with importer (ScriptedImporter : UnityEditor.QuickSearchModule:UnityEditor.Search:ASIAI0B)
Imported 'GUID: 8a752aaaadd2410dd9a84e01c1bace9f' -> (Import Result ID: '07c6f7bd42fb9268dcfce2d8b867101d') in 0.005 seconds [static and dynamic dependencies]. Details - ImportResultOutputID=6f08d3b76bbb5a6c63bd7432bf3df71c DependenciesID=c5bf2a38557f036046dbce675d82ed87 StaticDependenciesID=35dfe791e53225291e18c695a538c073 
Number of updated asset objects reloaded before import = 0
Number of asset objects unloaded after import = 1
========================================================================
Received Import Request.
  Time of request: 2026-09-20T00:01:47.0864149Z
  Time since last request: 0.0006129 seconds.
  importAddress: GUID: 8143d3a8390f2c64685e3bc272bd9e90 - Path: Packages/com.unity.ext.nunit/package.json - Importer: ScriptedImporter/UnityEditor.QuickSearchModule:UnityEditor.Search:ASIAI0B
Importing 'GUID: 8143d3a8390f2c64685e3bc272bd9e90 - Path: Packages/com.unity.ext.nunit/package.json - Importer: ScriptedImporter/UnityEditor.QuickSearchModule:UnityEditor.Search:ASIAI0B' with importer (ScriptedImporter : UnityEditor.QuickSearchModule:UnityEditor.Search:ASIAI0B)
Imported 'GUID: 8143d3a8390f2c64685e3bc272bd9e90' -> (Import Result ID: '054c310bf6c2924aa6b78a1cdeefcc12') in 0.003 seconds [static and dynamic dependencies]. Details - ImportResultOutputID=94803a6a142da9729db4120242bc980f DependenciesID=e34ae562cbcb6239c6c5965f0db2a8c9 StaticDependenciesID=b4ad7680d937e97da45ce88468861aea 
Number of updated asset objects reloaded before import = 0
Number of asset objects unloaded after import = 1
========================================================================
Received Import Request.
  Time of request: 2026-09-20T00:01:47.0899442Z
  Time since last request: 0.0005178 seconds.
  importAddress: GUID: 59267e29055f657429098a57e13debe1 - Path: Packages/com.unity.test-framework/UnityEditor.TestRunner/TestRun/Tasks/Events/RunStartedInvocationEvent.cs - Importer: ScriptedImporter/UnityEditor.QuickSearchModule:UnityEditor.Search:ASIAI0B
Importing 'GUID: 59267e29055f657429098a57e13debe1 - Path: Packages/com.unity.test-framework/UnityEditor.TestRunner/TestRun/Tasks/Events/RunStartedInvocationEvent.cs - Importer: ScriptedImporter/UnityEditor.QuickSearchModule:UnityEditor.Search:ASIAI0B' with importer (ScriptedImporter : UnityEditor.QuickSearchModule:UnityEditor.Search:ASIAI0B)
Imported 'GUID: 59267e29055f657429098a57e13debe1' -> (Import Result ID: '404db581af4a3b11143b7baaa7443dd0') in 0.005 seconds [static and dynamic dependencies]. Details - ImportResultOutputID=a2d3fce35c01a37c6f5e18900906a9f5 DependenciesID=39c06a16330a31c51fa527ba2b65f389 StaticDependenciesID=1ba57ae204fbd41c175b4bb8458dce8c 
Number of updated asset objects reloaded before import = 0
Number of asset objects unloaded after import = 0
========================================================================
Received Import Request.
  Time of request: 2026-09-20T00:01:47.0954888Z
  Time since last request: 0.0005461 seconds.
  importAddress: GUID: e9df95f53f1c1d0c9199e235d6c42b50 - Path: Packages/com.unity.modules.audio/package.json - Importer: ScriptedImporter/UnityEditor.QuickSearchModule:UnityEditor.Search:ASIAI0B
Importing 'GUID: e9df95f53f1c1d0c9199e235d6c42b50 - Path: Packages/com.unity.modules.audio/package.json - Importer: ScriptedImporter/UnityEditor.QuickSearchModule:UnityEditor.Search:ASIAI0B' with importer (ScriptedImporter : UnityEditor.QuickSearchModule:UnityEditor.Search:ASIAI0B)
Imported 'GUID: e9df95f53f1c1d0c9199e235d6c42b50' -> (Import Result ID: '53c7c0662d778d4c67c890c75086a15d') in 0.004 seconds [static and dynamic dependencies]. Details - ImportResultOutputID=e13a2cdb97432a4f0a7e83f5346d4056 DependenciesID=aaf399446e13d4edcd5eabfe2655facf StaticDependenciesID=21c4a12975874c6dbbcc48b32662e0cb 
Number of updated asset objects reloaded before import = 0
Number of asset objects unloaded after import = 1
========================================================================
Received Import Request.
  Time of request: 2026-09-20T00:01:47.1005923Z
  Time since last request: 0.0005958 seconds.
  importAddress: GUID: 2c814623cb42764d304be0c5ddd03ceb - Path: Packages/com.unity.modules.xr/package.json - Importer: ScriptedImporter/UnityEditor.QuickSearchModule:UnityEditor.Search:ASIAI0B
Importing 'GUID: 2c814623cb42764d304be0c5ddd03ceb - Path: Packages/com.unity.modules.xr/package.json - Importer: ScriptedImporter/UnityEditor.QuickSearchModule:UnityEditor.Search:ASIAI0B' with importer (ScriptedImporter : UnityEditor.QuickSearchModule:UnityEditor.Search:ASIAI0B)
Imported 'GUID: 2c814623cb42764d304be0c5ddd03ceb' -> (Import Result ID: '12e3107132cfc545e705f838fb1dd4a5') in 0.004 seconds [static and dynamic dependencies]. Details - ImportResultOutputID=3acedfaf0a59ff57c4135d284347d491 DependenciesID=e86becab272ed2c1a7e766b8c5b67c38 StaticDependenciesID=f1a93d6735979a143829cf2ff7442362 
Number of updated asset objects reloaded before import = 0
Number of asset objects unloaded after import = 1
========================================================================
Received Import Request.
  Time of request: 2026-09-20T00:01:47.1053532Z
  Time since last request: 0.0005167 seconds.
  importAddress: GUID: 164c9b1458eaab743a4b45c37a4d720d - Path: Packages/com.unity.test-framework/UnityEngine.TestRunner/Utils/MonoBehaviourTest/MonoBehaviourTest.cs - Importer: ScriptedImporter/UnityEditor.QuickSearchModule:UnityEditor.Search:ASIAI0B
Importing 'GUID: 164c9b1458eaab743a4b45c37a4d720d - Path: Packages/com.unity.test-framework/UnityEngine.TestRunner/Utils/MonoBehaviourTest/MonoBehaviourTest.cs - Importer: ScriptedImporter/UnityEditor.QuickSearchModule:UnityEditor.Search:ASIAI0B' with importer (ScriptedImporter : UnityEditor.QuickSearchModule:UnityEditor.Search:ASIAI0B)
Imported 'GUID: 164c9b1458eaab743a4b45c37a4d720d' -> (Import Result ID: '3ecf05322307393ee036ca77aeadc5d5') in 0.003 seconds [static and dynamic dependencies]. Details - ImportResultOutputID=90537528dbb8ab7aad54c7b583b2a3fc DependenciesID=a0996205246a894dc15a52ea0278abfc StaticDependenciesID=7b8bdeb4a900f90671dedab796ee69f8 
Number of updated asset objects reloaded before import = 0
Number of asset objects unloaded after import = 0
========================================================================
Received Import Request.
  Time of request: 2026-09-20T00:01:47.1094928Z
  Time since last request: 0.0006898 seconds.
  importAddress: GUID: e5c46c19ce0ce2e0103aa6f82df1043a - Path: Packages/com.unity.modules.vehicles/package.ModuleCompilationTrigger - Importer: ScriptedImporter/UnityEditor.QuickSearchModule:UnityEditor.Search:ASIAI0B
Importing 'GUID: e5c46c19ce0ce2e0103aa6f82df1043a - Path: Packages/com.unity.modules.vehicles/package.ModuleCompilationTrigger - Importer: ScriptedImporter/UnityEditor.QuickSearchModule:UnityEditor.Search:ASIAI0B' with importer (ScriptedImporter : UnityEditor.QuickSearchModule:UnityEditor.Search:ASIAI0B)
Imported 'GUID: e5c46c19ce0ce2e0103aa6f82df1043a' -> (Import Result ID: '4a30fbc19392fa2de34282a9b696e39f') in 0.004 seconds [static and dynamic dependencies]. Details - ImportResultOutputID=aa23d06fa7b90770a4c05f879615a44a DependenciesID=bf13ec170d1a52751f508ba9488e0ab3 StaticDependenciesID=86a804281c97643fb9b80f9cc4bb216b 
Number of updated asset objects reloaded before import = 0
Number of asset objects unloaded after import = 1
========================================================================
Received Import Request.
  Time of request: 2026-09-20T00:01:47.1137876Z
  Time since last request: 0.0004954 seconds.
  importAddress: GUID: c7a8b0317f4e68556d7509828e9e211e - Path: Packages/com.unity.modules.xr/package.ModuleCompilationTrigger - Importer: ScriptedImporter/UnityEditor.QuickSearchModule:UnityEditor.Search:ASIAI0B
Importing 'GUID: c7a8b0317f4e68556d7509828e9e211e - Path: Packages/com.unity.modules.xr/package.ModuleCompilationTrigger - Importer: ScriptedImporter/UnityEditor.QuickSearchModule:UnityEditor.Search:ASIAI0B' with importer (ScriptedImporter : UnityEditor.QuickSearchModule:UnityEditor.Search:ASIAI0B)
Imported 'GUID: c7a8b0317f4e68556d7509828e9e211e' -> (Import Result ID: 'd3af167baab3b483d9e858657425b290') in 0.005 seconds [static and dynamic dependencies]. Details - ImportResultOutputID=7cb7307344b413467f44969f54547612 DependenciesID=3cdcd736590ffe737f6b00b0f71e603d StaticDependenciesID=d18fd096906ccce9975fb264d4f80a5b 
Number of updated asset objects reloaded before import = 0
Number of asset objects unloaded after import = 1
========================================================================
Received Import Request.
  Time of request: 2026-09-20T00:01:47.1192712Z
  Time since last request: 0.0005412 seconds.
  importAddress: GUID: 830a36a23cf3ab1e61fa47940a6dc35e - Path: Packages/com.unity.modules.imageconversion/package.ModuleCompilationTrigger - Importer: ScriptedImporter/UnityEditor.QuickSearchModule:UnityEditor.Search:ASIAI0B
Importing 'GUID: 830a36a23cf3ab1e61fa47940a6dc35e - Path: Packages/com.unity.modules.imageconversion/package.ModuleCompilationTrigger - Importer: ScriptedImporter/UnityEditor.QuickSearchModule:UnityEditor.Search:ASIAI0B' with importer (ScriptedImporter : UnityEditor.QuickSearchModule:UnityEditor.Search:ASIAI0B)
Imported 'GUID: 830a36a23cf3ab1e61fa47940a6dc35e' -> (Import Result ID: '64314e175fb8d862bdd37ab49037abc4') in 0.003 seconds [static and dynamic dependencies]. Details - ImportResultOutputID=018c1c2b2ded073318a24a16b9d4ea11 DependenciesID=6fae22eba22b00371dc2926a1d07d59d StaticDependenciesID=d0d047621dc2bb37a1f20367f5d1810c 
Number of updated asset objects reloaded before import = 0
Number of asset objects unloaded after import = 1
========================================================================
Received Import Request.
  Time of request: 2026-09-20T00:01:47.1231623Z
  Time since last request: 0.0005056 seconds.
  importAddress: GUID: f49bbe06ffa5ae24abe32abdab430c24 - Path: Packages/com.unity.ext.nunit/CHANGELOG.md - Importer: ScriptedImporter/UnityEditor.QuickSearchModule:UnityEditor.Search:ASIAI0B
Importing 'GUID: f49bbe06ffa5ae24abe32abdab430c24 - Path: Packages/com.unity.ext.nunit/CHANGELOG.md - Importer: ScriptedImporter/UnityEditor.QuickSearchModule:UnityEditor.Search:ASIAI0B' with importer (ScriptedImporter : UnityEditor.QuickSearchModule:UnityEditor.Search:ASIAI0B)
Imported 'GUID: f49bbe06ffa5ae24abe32abdab430c24' -> (Import Result ID: 'a88c52deaae98607c4f595c09f59807c') in 0.003 seconds [static and dynamic dependencies]. Details - ImportResultOutputID=32080efbe0e9b8d1e9385acefaea90c4 DependenciesID=170b4e7996bc776faec2245b0bd063ab StaticDependenciesID=07e5c26ac9cae2d9016c460f4c9ad330 
Number of updated asset objects reloaded before import = 0
Number of asset objects unloaded after import = 1
========================================================================
Received Import Request.
  Time of request: 2026-09-20T00:01:47.1264484Z
  Time since last request: 0.0005003 seconds.
  importAddress: GUID: 953fab16d15d5885b3600fcd6388b2ad - Path: Packages/com.unity.modules.imageconversion/package.json - Importer: ScriptedImporter/UnityEditor.QuickSearchModule:UnityEditor.Search:ASIAI0B
Importing 'GUID: 953fab16d15d5885b3600fcd6388b2ad - Path: Packages/com.unity.modules.imageconversion/package.json - Importer: ScriptedImporter/UnityEditor.QuickSearchModule:UnityEditor.Search:ASIAI0B' with importer (ScriptedImporter : UnityEditor.QuickSearchModule:UnityEditor.Search:ASIAI0B)
Imported 'GUID: 953fab16d15d5885b3600fcd6388b2ad' -> (Import Result ID: 'b3461699cd56c0ad3ea3c27f983db2bc') in 0.003 seconds [static and dynamic dependencies]. Details - ImportResultOutputID=3b4c5fb95995f5732b239e742029fb3d DependenciesID=6f07701b4557a3eec7f38014e0653f46 StaticDependenciesID=77b77da71dcbb1496dbb36b8f9eee917 
Number of updated asset objects reloaded before import = 0
Number of asset objects unloaded after import = 1
========================================================================
Received Import Request.
  Time of request: 2026-09-20T00:01:47.130026Z
  Time since last request: 0.0005192 seconds.
  importAddress: GUID: 6afb166a156df2d20433d981f4bb2832 - Path: Packages/com.unity.modules.vehicles/package.json - Importer: ScriptedImporter/UnityEditor.QuickSearchModule:UnityEditor.Search:ASIAI0B
Importing 'GUID: 6afb166a156df2d20433d981f4bb2832 - Path: Packages/com.unity.modules.vehicles/package.json - Importer: ScriptedImporter/UnityEditor.QuickSearchModule:UnityEditor.Search:ASIAI0B' with importer (ScriptedImporter : UnityEditor.QuickSearchModule:UnityEditor.Search:ASIAI0B)
Imported 'GUID: 6afb166a156df2d20433d981f4bb2832' -> (Import Result ID: 'f761e41a2ac30982fc3152686e6938e5') in 0.003 seconds [static and dynamic dependencies]. Details - ImportResultOutputID=51efe01c3f8fd5c9985f46a9ea405937 DependenciesID=0fe2c9c4459f68c16494f1a843a6517c StaticDependenciesID=09dbcb230f0fc22607a65261943872e8 
Number of updated asset objects reloaded before import = 0
Number of asset objects unloaded after import = 1
========================================================================
Received Import Request.
  Time of request: 2026-09-20T00:01:47.1339176Z
  Time since last request: 0.0007497 seconds.
  importAddress: GUID: 646cce3bdb8d461d980d11d729ab3312 - Path: Packages/com.unity.test-framework/UnityEditor.TestRunner/TestRun/Tasks/Platform/PlatformSpecificPostBuildTask.cs - Importer: ScriptedImporter/UnityEditor.QuickSearchModule:UnityEditor.Search:ASIAI0B
Importing 'GUID: 646cce3bdb8d461d980d11d729ab3312 - Path: Packages/com.unity.test-framework/UnityEditor.TestRunner/TestRun/Tasks/Platform/PlatformSpecificPostBuildTask.cs - Importer: ScriptedImporter/UnityEditor.QuickSearchModule:UnityEditor.Search:ASIAI0B' with importer (ScriptedImporter : UnityEditor.QuickSearchModule:UnityEditor.Search:ASIAI0B)
Imported 'GUID: 646cce3bdb8d461d980d11d729ab3312' -> (Import Result ID: '26348910689685675cf981f3cd8e60d3') in 0.003 seconds [static and dynamic dependencies]. Details - ImportResultOutputID=4a892640f5a0bab8b7ad0656a82d3abb DependenciesID=3e896dae6391d53cb2cd9ed31eb748a8 StaticDependenciesID=b914aeb3f76a8b804ee49ae5c4efde05 
Number of updated asset objects reloaded before import = 0
Number of asset objects unloaded after import = 0
========================================================================
Received Import Request.
  Time of request: 2026-09-20T00:01:47.1376739Z
  Time since last request: 0.0004871 seconds.
  importAddress: GUID: a002d3737b873954395b7cf862873ab8 - Path: Packages/com.unity.test-framework/UnityEngine.TestRunner/Utils/MonoBehaviourTest/IMonoBehaviourTest.cs - Importer: ScriptedImporter/UnityEditor.QuickSearchModule:UnityEditor.Search:ASIAI0B
Importing 'GUID: a002d3737b873954395b7cf862873ab8 - Path: Packages/com.unity.test-framework/UnityEngine.TestRunner/Utils/MonoBehaviourTest/IMonoBehaviourTest.cs - Importer: ScriptedImporter/UnityEditor.QuickSearchModule:UnityEditor.Search:ASIAI0B' with importer (ScriptedImporter : UnityEditor.QuickSearchModule:UnityEditor.Search:ASIAI0B)
Imported 'GUID: a002d3737b873954395b7cf862873ab8' -> (Import Result ID: 'e6f5ebcca0f481e57e24b67259cdc4fe') in 0.003 seconds [static and dynamic dependencies]. Details - ImportResultOutputID=1cde94c61e239ecf0ce5fa8c8660b2b6 DependenciesID=066e577d788443fe23089ca8226ca35b StaticDependenciesID=7e19fc1a390b6d8dc1ea54fba1cd1052 
Number of updated asset objects reloaded before import = 0
Number of asset objects unloaded after import = 0
========================================================================
Received Import Request.
  Time of request: 2026-09-20T00:01:47.1416067Z
  Time since last request: 0.0005195 seconds.
  importAddress: GUID: f9bd02a3a916be64c9b47b1305149423 - Path: Packages/com.unity.ide.rider/Rider/Editor/EditorPluginInterop.cs - Importer: ScriptedImporter/UnityEditor.QuickSearchModule:UnityEditor.Search:ASIAI0B
Importing 'GUID: f9bd02a3a916be64c9b47b1305149423 - Path: Packages/com.unity.ide.rider/Rider/Editor/EditorPluginInterop.cs - Importer: ScriptedImporter/UnityEditor.QuickSearchModule:UnityEditor.Search:ASIAI0B' with importer (ScriptedImporter : UnityEditor.QuickSearchModule:UnityEditor.Search:ASIAI0B)
Imported 'GUID: f9bd02a3a916be64c9b47b1305149423' -> (Import Result ID: '077a7e72715ca49ec91a2481471fe4b2') in 0.003 seconds [static and dynamic dependencies]. Details - ImportResultOutputID=c90384118d1395a51cf0e3c34556feda DependenciesID=29716f777d65f72fe0958fa6887f350d StaticDependenciesID=8d830633389c4540c040b7cc881b9f50 
Number of updated asset objects reloaded before import = 0
Number of asset objects unloaded after import = 0
========================================================================
Received Import Request.
  Time of request: 2026-09-20T00:01:47.1454864Z
  Time since last request: 0.000518 seconds.
  importAddress: GUID: d85e5eeaf8f135aeaaebdc8aa3cff6c3 - Path: Packages/com.unity.modules.umbra/package.json - Importer: ScriptedImporter/UnityEditor.QuickSearchModule:UnityEditor.Search:ASIAI0B
Importing 'GUID: d85e5eeaf8f135aeaaebdc8aa3cff6c3 - Path: Packages/com.unity.modules.umbra/package.json - Importer: ScriptedImporter/UnityEditor.QuickSearchModule:UnityEditor.Search:ASIAI0B' with importer (ScriptedImporter : UnityEditor.QuickSearchModule:UnityEditor.Search:ASIAI0B)
Imported 'GUID: d85e5eeaf8f135aeaaebdc8aa3cff6c3' -> (Import Result ID: 'd2d7511eb4685d90a28477ca5c3e39b8') in 0.003 seconds [static and dynamic dependencies]. Details - ImportResultOutputID=d164ae7c0985ec18a99931ef601f7160 DependenciesID=57a9288dcc505ba7a0bfa09ce72d572e StaticDependenciesID=f483542f6531c4b2651cea175bd17d4a 
Number of updated asset objects reloaded before import = 0
Number of asset objects unloaded after import = 1
========================================================================
Received Import Request.
  Time of request: 2026-09-20T00:01:47.1498597Z
  Time since last request: 0.0006026 seconds.
  importAddress: GUID: dab656c79e1985c40b31faebcda44442 - Path: Packages/com.unity.ide.rider/Rider/Editor/Discovery.cs - Importer: ScriptedImporter/UnityEditor.QuickSearchModule:UnityEditor.Search:ASIAI0B
Importing 'GUID: dab656c79e1985c40b31faebcda44442 - Path: Packages/com.unity.ide.rider/Rider/Editor/Discovery.cs - Importer: ScriptedImporter/UnityEditor.QuickSearchModule:UnityEditor.Search:ASIAI0B' with importer (ScriptedImporter : UnityEditor.QuickSearchModule:UnityEditor.Search:ASIAI0B)
Imported 'GUID: dab656c79e1985c40b31faebcda44442' -> (Import Result ID: '4043c790acfb5bb91c4a39f48285a082') in 0.004 seconds [static and dynamic dependencies]. Details - ImportResultOutputID=443eab1a52baaeebb2051be6f367f630 DependenciesID=48ab8420c1cbabacf6a91ee813156dee StaticDependenciesID=b870da3fff6db94914cf8a6bc2c91186 
Number of updated asset objects reloaded before import = 0
Number of asset objects unloaded after import = 0
========================================================================
Received Import Request.
  Time of request: 2026-09-20T00:01:47.1541231Z
  Time since last request: 0.0005189 seconds.
  importAddress: GUID: f0f13f2ab3d6d13cfc6e4656824bfca8 - Path: Packages/com.unity.modules.ai/package.json - Importer: ScriptedImporter/UnityEditor.QuickSearchModule:UnityEditor.Search:ASIAI0B
Importing 'GUID: f0f13f2ab3d6d13cfc6e4656824bfca8 - Path: Packages/com.unity.modules.ai/package.json - Importer: ScriptedImporter/UnityEditor.QuickSearchModule:UnityEditor.Search:ASIAI0B' with importer (ScriptedImporter : UnityEditor.QuickSearchModule:UnityEditor.Search:ASIAI0B)
Imported 'GUID: f0f13f2ab3d6d13cfc6e4656824bfca8' -> (Import Result ID: '4b15f43f719a7bc417590a9bc225e1d7') in 0.003 seconds [static and dynamic dependencies]. Details - ImportResultOutputID=655ec29ac55a1b76ec02a59a02e8337d DependenciesID=efda299db44b3e45ee0f4dbe714da488 StaticDependenciesID=97ba4f996f289a74cc29a037bcaca3fd 
Number of updated asset objects reloaded before import = 0
Number of asset objects unloaded after import = 1
========================================================================
Received Import Request.
  Time of request: 2026-09-20T00:01:47.1579992Z
  Time since last request: 0.0005042 seconds.
  importAddress: GUID: 5c4d36a13e7466e43940732365f53bf1 - Path: Packages/com.unity.test-framework/UnityEditor.TestRunner/TestRun/Tasks/Scene/StoreSceneSetupTask.cs - Importer: ScriptedImporter/UnityEditor.QuickSearchModule:UnityEditor.Search:ASIAI0B
Importing 'GUID: 5c4d36a13e7466e43940732365f53bf1 - Path: Packages/com.unity.test-framework/UnityEditor.TestRunner/TestRun/Tasks/Scene/StoreSceneSetupTask.cs - Importer: ScriptedImporter/UnityEditor.QuickSearchModule:UnityEditor.Search:ASIAI0B' with importer (ScriptedImporter : UnityEditor.QuickSearchModule:UnityEditor.Search:ASIAI0B)
Imported 'GUID: 5c4d36a13e7466e43940732365f53bf1' -> (Import Result ID: '24243307f85b79a5f50f1c18f83261d1') in 0.003 seconds [static and dynamic dependencies]. Details - ImportResultOutputID=6eb9256edd56a9592874cd5ab946e977 DependenciesID=bbe87016c19e25d5373f54afa40aee2e StaticDependenciesID=348f8f755f77572452ea7a6856427e75 
Number of updated asset objects reloaded before import = 0
Number of asset objects unloaded after import = 0
========================================================================
Received Import Request.
  Time of request: 2026-09-20T00:01:47.1619158Z
  Time since last request: 0.0005516 seconds.
  importAddress: GUID: 43c24fd91e60170469bfb8d79c565ad3 - Path: Packages/com.unity.test-framework/UnityEditor.TestRunner/TestRun/Tasks/Scene/SceneWrapper.cs - Importer: ScriptedImporter/UnityEditor.QuickSearchModule:UnityEditor.Search:ASIAI0B
Importing 'GUID: 43c24fd91e60170469bfb8d79c565ad3 - Path: Packages/com.unity.test-framework/UnityEditor.TestRunner/TestRun/Tasks/Scene/SceneWrapper.cs - Importer: ScriptedImporter/UnityEditor.QuickSearchModule:UnityEditor.Search:ASIAI0B' with importer (ScriptedImporter : UnityEditor.QuickSearchModule:UnityEditor.Search:ASIAI0B)
Imported 'GUID: 43c24fd91e60170469bfb8d79c565ad3' -> (Import Result ID: 'f94adcebfa5610b121833af630ce0728') in 0.003 seconds [static and dynamic dependencies]. Details - ImportResultOutputID=33244725be289e19d4d010304c0780f6 DependenciesID=f0992d7393f7fdbd974e67d7e725a3aa StaticDependenciesID=aeaa6d05d8bcc88eff204cd076f9e9c4 
Number of updated asset objects reloaded before import = 0
Number of asset objects unloaded after import = 0
========================================================================
Received Import Request.
  Time of request: 2026-09-20T00:01:47.166348Z
  Time since last request: 0.0007912 seconds.
  importAddress: GUID: d9b3520efe42f4ee887f8b99b7e1deae - Path: Packages/com.unity.test-framework/UnityEditor.TestRunner/TestRun/Tasks/Events/RegisterTestRunCallbackEventsTask.cs - Importer: ScriptedImporter/UnityEditor.QuickSearchModule:UnityEditor.Search:ASIAI0B
Importing 'GUID: d9b3520efe42f4ee887f8b99b7e1deae - Path: Packages/com.unity.test-framework/UnityEditor.TestRunner/TestRun/Tasks/Events/RegisterTestRunCallbackEventsTask.cs - Importer: ScriptedImporter/UnityEditor.QuickSearchModule:UnityEditor.Search:ASIAI0B' with importer (ScriptedImporter : UnityEditor.QuickSearchModule:UnityEditor.Search:ASIAI0B)
Imported 'GUID: d9b3520efe42f4ee887f8b99b7e1deae' -> (Import Result ID: '0e54e563bde34f041cf8f874a810f816') in 0.005 seconds [static and dynamic dependencies]. Details - ImportResultOutputID=728ac36d173b9dbb7f2b0127335fbd64 DependenciesID=305e2549d0dbadd1c894f5dabec7c09e StaticDependenciesID=1967f203fd437532293db1841af13cd6 
Number of updated asset objects reloaded before import = 0
Number of asset objects unloaded after import = 0
========================================================================
Received Import Request.
  Time of request: 2026-09-20T00:01:47.1721587Z
  Time since last request: 0.0006594 seconds.
  importAddress: GUID: 1b6246f2248883964991eac9e9b4817c - Path: Packages/com.unity.modules.umbra/package.ModuleCompilationTrigger - Importer: ScriptedImporter/UnityEditor.QuickSearchModule:UnityEditor.Search:ASIAI0B
Importing 'GUID: 1b6246f2248883964991eac9e9b4817c - Path: Packages/com.unity.modules.umbra/package.ModuleCompilationTrigger - Importer: ScriptedImporter/UnityEditor.QuickSearchModule:UnityEditor.Search:ASIAI0B' with importer (ScriptedImporter : UnityEditor.QuickSearchModule:UnityEditor.Search:ASIAI0B)
Imported 'GUID: 1b6246f2248883964991eac9e9b4817c' -> (Import Result ID: '17320300e39063d8d606a6f19947ebac') in 0.003 seconds [static and dynamic dependencies]. Details - ImportResultOutputID=f40502c821834db48dd1a6da4b08b37c DependenciesID=a0b28249d7d091f549f213b220868a8f StaticDependenciesID=0999fa7bb55e4b556a0fb20a4b05f116 
Number of updated asset objects reloaded before import = 0
Number of asset objects unloaded after import = 1
========================================================================
Received Import Request.
  Time of request: 2026-09-20T00:01:47.1761962Z
  Time since last request: 0.0005544 seconds.
  importAddress: GUID: e02e76bfece9a28408e2e7dcb2e14b8f - Path: Packages/com.unity.test-framework/UnityEditor.TestRunner/TestRun/Tasks/Scene/RemoveAdditionalUntitledSceneTask.cs - Importer: ScriptedImporter/UnityEditor.QuickSearchModule:UnityEditor.Search:ASIAI0B
Importing 'GUID: e02e76bfece9a28408e2e7dcb2e14b8f - Path: Packages/com.unity.test-framework/UnityEditor.TestRunner/TestRun/Tasks/Scene/RemoveAdditionalUntitledSceneTask.cs - Importer: ScriptedImporter/UnityEditor.QuickSearchModule:UnityEditor.Search:ASIAI0B' with importer (ScriptedImporter : UnityEditor.QuickSearchModule:UnityEditor.Search:ASIAI0B)
Imported 'GUID: e02e76bfece9a28408e2e7dcb2e14b8f' -> (Import Result ID: '271424ad1dd2bc3af5999162b2686aac') in 0.003 seconds [static and dynamic dependencies]. Details - ImportResultOutputID=03e172211c3b5bed48183365620ce6a1 DependenciesID=dc5d079ba8da29a789fa68e3ea579464 StaticDependenciesID=cb8648f690b45d133d6951a803fa8d20 
Number of updated asset objects reloaded before import = 0
Number of asset objects unloaded after import = 0
========================================================================
Received Import Request.
  Time of request: 2026-09-20T00:01:47.1805106Z
  Time since last request: 0.000651 seconds.
  importAddress: GUID: f91a00d2dca52b843b2d50ccf750737d - Path: Packages/com.unity.ext.nunit/LICENSE.md - Importer: ScriptedImporter/UnityEditor.QuickSearchModule:UnityEditor.Search:ASIAI0B
Importing 'GUID: f91a00d2dca52b843b2d50ccf750737d - Path: Packages/com.unity.ext.nunit/LICENSE.md - Importer: ScriptedImporter/UnityEditor.QuickSearchModule:UnityEditor.Search:ASIAI0B' with importer (ScriptedImporter : UnityEditor.QuickSearchModule:UnityEditor.Search:ASIAI0B)
Imported 'GUID: f91a00d2dca52b843b2d50ccf750737d' -> (Import Result ID: '2c6359e96f1364ca6618a55521f0e6fa') in 0.004 seconds [static and dynamic dependencies]. Details - ImportResultOutputID=c0b882dd9bd9bae56a64addb97ec1673 DependenciesID=2184d72d2c533c5201bfbbd058bbfa3f StaticDependenciesID=0f5a62c23d89a8c8c2f3a36fcd2fff5a 
Number of updated asset objects reloaded before import = 0
Number of asset objects unloaded after import = 1
========================================================================
Received Import Request.
  Time of request: 2026-09-20T00:01:47.1855681Z
  Time since last request: 0.0005113 seconds.
  importAddress: GUID: 042dc296246916648e55a43d0eeb2036 - Path: Packages/com.unity.modules.audio/package.ModuleCompilationTrigger - Importer: ScriptedImporter/UnityEditor.QuickSearchModule:UnityEditor.Search:ASIAI0B
Importing 'GUID: 042dc296246916648e55a43d0eeb2036 - Path: Packages/com.unity.modules.audio/package.ModuleCompilationTrigger - Importer: ScriptedImporter/UnityEditor.QuickSearchModule:UnityEditor.Search:ASIAI0B' with importer (ScriptedImporter : UnityEditor.QuickSearchModule:UnityEditor.Search:ASIAI0B)
Imported 'GUID: 042dc296246916648e55a43d0eeb2036' -> (Import Result ID: '46b714b64fd7259fa5005064942ba89d') in 0.003 seconds [static and dynamic dependencies]. Details - ImportResultOutputID=58208a8ec92ed17f6d98017e75040edf DependenciesID=e5f44199b3a929e8d88cb6e7ad32ad7d StaticDependenciesID=3e37e13afb2dc58423d20390a56906ee 
Number of updated asset objects reloaded before import = 0
Number of asset objects unloaded after import = 1
========================================================================
Received Import Request.
  Time of request: 2026-09-20T00:01:47.1890446Z
  Time since last request: 0.0004466 seconds.
  importAddress: GUID: bfcb3ba499f7d452b92d9a9cc3378788 - Path: Packages/com.unity.ext.nunit/Third Party Notices.md - Importer: ScriptedImporter/UnityEditor.QuickSearchModule:UnityEditor.Search:ASIAI0B
Importing 'GUID: bfcb3ba499f7d452b92d9a9cc3378788 - Path: Packages/com.unity.ext.nunit/Third Party Notices.md - Importer: ScriptedImporter/UnityEditor.QuickSearchModule:UnityEditor.Search:ASIAI0B' with importer (ScriptedImporter : UnityEditor.QuickSearchModule:UnityEditor.Search:ASIAI0B)
Imported 'GUID: bfcb3ba499f7d452b92d9a9cc3378788' -> (Import Result ID: '4568ec801a253f5d0d1a612f091029a9') in 0.002 seconds [static and dynamic dependencies]. Details - ImportResultOutputID=ad9cdaaf6e58adaab4c1c9f5b2b8ef01 DependenciesID=dd1452763082e53f8e915e69cbe30aa9 StaticDependenciesID=901bdab89cb96b2f8f7eb9d361a82df1 
Number of updated asset objects reloaded before import = 0
Number of asset objects unloaded after import = 1
========================================================================
Received Import Request.
  Time of request: 2026-09-20T00:01:47.1921449Z
  Time since last request: 0.0005284 seconds.
  importAddress: GUID: b6029123aa4ab4e0481a4b3ad8a15af9 - Path: Packages/com.unity.ide.rider/ValidationExceptions.json - Importer: ScriptedImporter/UnityEditor.QuickSearchModule:UnityEditor.Search:ASIAI0B
Importing 'GUID: b6029123aa4ab4e0481a4b3ad8a15af9 - Path: Packages/com.unity.ide.rider/ValidationExceptions.json - Importer: ScriptedImporter/UnityEditor.QuickSearchModule:UnityEditor.Search:ASIAI0B' with importer (ScriptedImporter : UnityEditor.QuickSearchModule:UnityEditor.Search:ASIAI0B)
Imported 'GUID: b6029123aa4ab4e0481a4b3ad8a15af9' -> (Import Result ID: '1c3a334fbad8741443e6f3dd8bb94ec5') in 0.002 seconds [static and dynamic dependencies]. Details - ImportResultOutputID=1eacf79e196bd9247bc426a0a8b383c3 DependenciesID=46774ed773d7d272748318c404a9decd StaticDependenciesID=6603d9bd41186f80e4edf339f6dc574a 
Number of updated asset objects reloaded before import = 0
Number of asset objects unloaded after import = 1
========================================================================
Received Import Request.
  Time of request: 2026-09-20T00:01:47.1949811Z
  Time since last request: 0.0004818 seconds.
  importAddress: GUID: 30b312a167534621b316172253b08723 - Path: Packages/com.unity.modules.subsystems/package.json - Importer: ScriptedImporter/UnityEditor.QuickSearchModule:UnityEditor.Search:ASIAI0B
Importing 'GUID: 30b312a167534621b316172253b08723 - Path: Packages/com.unity.modules.subsystems/package.json - Importer: ScriptedImporter/UnityEditor.QuickSearchModule:UnityEditor.Search:ASIAI0B' with importer (ScriptedImporter : UnityEditor.QuickSearchModule:UnityEditor.Search:ASIAI0B)
Imported 'GUID: 30b312a167534621b316172253b08723' -> (Import Result ID: '0ecae7a20773362602c60a43f4ebe500') in 0.003 seconds [static and dynamic dependencies]. Details - ImportResultOutputID=7d858e205a69d1e232589a33798d8de2 DependenciesID=11422a446cfb02c9c481285cb950c7dc StaticDependenciesID=f4f76ff93ec7ed53490ed9fdb95904a3 
Number of updated asset objects reloaded before import = 0
Number of asset objects unloaded after import = 1
========================================================================
Received Import Request.
  Time of request: 2026-09-20T00:01:47.1987882Z
  Time since last request: 0.0006931 seconds.
  importAddress: GUID: fa27413e9edb06a6058d6c894eca0338 - Path: Packages/com.unity.modules.unitywebrequestwww/package.json - Importer: ScriptedImporter/UnityEditor.QuickSearchModule:UnityEditor.Search:ASIAI0B
Importing 'GUID: fa27413e9edb06a6058d6c894eca0338 - Path: Packages/com.unity.modules.unitywebrequestwww/package.json - Importer: ScriptedImporter/UnityEditor.QuickSearchModule:UnityEditor.Search:ASIAI0B' with importer (ScriptedImporter : UnityEditor.QuickSearchModule:UnityEditor.Search:ASIAI0B)
Imported 'GUID: fa27413e9edb06a6058d6c894eca0338' -> (Import Result ID: '9cbaf8953808e62b7b17dc4763a82333') in 0.004 seconds [static and dynamic dependencies]. Details - ImportResultOutputID=351019362fbf7bc62a13749a759e765a DependenciesID=01313add14461bb2e280c829f23e4775 StaticDependenciesID=ba2d9a61582ad26adce919f841473ac4 
Number of updated asset objects reloaded before import = 0
Number of asset objects unloaded after import = 1
========================================================================
Received Import Request.
  Time of request: 2026-09-20T00:01:47.2035654Z
  Time since last request: 0.0004906 seconds.
  importAddress: GUID: 0f3326f97c0d472bac74dc480099f983 - Path: Packages/com.unity.test-framework/UnityEditor.TestRunner/TestRun/Tasks/Platform/PlatformSpecificCleanupTask.cs - Importer: ScriptedImporter/UnityEditor.QuickSearchModule:UnityEditor.Search:ASIAI0B
Importing 'GUID: 0f3326f97c0d472bac74dc480099f983 - Path: Packages/com.unity.test-framework/UnityEditor.TestRunner/TestRun/Tasks/Platform/PlatformSpecificCleanupTask.cs - Importer: ScriptedImporter/UnityEditor.QuickSearchModule:UnityEditor.Search:ASIAI0B' with importer (ScriptedImporter : UnityEditor.QuickSearchModule:UnityEditor.Search:ASIAI0B)
Imported 'GUID: 0f3326f97c0d472bac74dc480099f983' -> (Import Result ID: '0b889d44eeb4bc7f2b2aefc8378a3cce') in 0.004 seconds [static and dynamic dependencies]. Details - ImportResultOutputID=537105ce201f11fbdf1eec5838cc2d08 DependenciesID=92c99d98fbd7efc117aaa2f16c3991b9 StaticDependenciesID=7762c119ab41b24d7a76e50667bb3bc5 
Number of updated asset objects reloaded before import = 0
Number of asset objects unloaded after import = 0
========================================================================
Received Import Request.
  Time of request: 2026-09-20T00:01:47.2297813Z
  Time since last request: 0.0218896 seconds.
  importAddress: GUID: f079e3afd077fb94fa2bda74d6409499 - Path: Packages/com.unity.ide.rider/Rider/Editor/RiderScriptEditorData.cs - Importer: ScriptedImporter/UnityEditor.QuickSearchModule:UnityEditor.Search:ASIAI0B
Importing 'GUID: f079e3afd077fb94fa2bda74d6409499 - Path: Packages/com.unity.ide.rider/Rider/Editor/RiderScriptEditorData.cs - Importer: ScriptedImporter/UnityEditor.QuickSearchModule:UnityEditor.Search:ASIAI0B' with importer (ScriptedImporter : UnityEditor.QuickSearchModule:UnityEditor.Search:ASIAI0B)
Imported 'GUID: f079e3afd077fb94fa2bda74d6409499' -> (Import Result ID: '6b1ba3c3e4a638f1cadad5257a535a96') in 0.004 seconds [static and dynamic dependencies]. Details - ImportResultOutputID=091c16526e45073bb1b10907cd615125 DependenciesID=7677cdffa8d0085bf1f89704ec04da09 StaticDependenciesID=3fa231174be2f4f4f09b0bff7fa6be0a 
Number of updated asset objects reloaded before import = 0
Number of asset objects unloaded after import = 0
========================================================================
Received Import Request.
  Time of request: 2026-09-20T00:01:47.2351307Z
  Time since last request: 0.0006581 seconds.
  importAddress: GUID: 45471ad7b8c1f964da5e3c07d57fbf4f - Path: Packages/com.unity.ide.rider/Rider/Editor/PostProcessors/RiderAssetPostprocessor.cs - Importer: ScriptedImporter/UnityEditor.QuickSearchModule:UnityEditor.Search:ASIAI0B
Importing 'GUID: 45471ad7b8c1f964da5e3c07d57fbf4f - Path: Packages/com.unity.ide.rider/Rider/Editor/PostProcessors/RiderAssetPostprocessor.cs - Importer: ScriptedImporter/UnityEditor.QuickSearchModule:UnityEditor.Search:ASIAI0B' with importer (ScriptedImporter : UnityEditor.QuickSearchModule:UnityEditor.Search:ASIAI0B)
Imported 'GUID: 45471ad7b8c1f964da5e3c07d57fbf4f' -> (Import Result ID: 'ecff25498aa4b3d1dbf44bbd03bdcee0') in 0.005 seconds [static and dynamic dependencies]. Details - ImportResultOutputID=15a5486e65e2afb555e432794bfe55a5 DependenciesID=59b171bfbef539413828492332a62826 StaticDependenciesID=1b4b1cc3c142547dceb529112309c59a 
Number of updated asset objects reloaded before import = 0
Number of asset objects unloaded after import = 0
========================================================================
Received Import Request.
  Time of request: 2026-09-20T00:01:47.2406225Z
  Time since last request: 0.0005312 seconds.
  importAddress: GUID: fe6a6957b37b61417b457a1e0541791d - Path: Packages/com.unity.modules.physics2d/package.ModuleCompilationTrigger - Importer: ScriptedImporter/UnityEditor.QuickSearchModule:UnityEditor.Search:ASIAI0B
Importing 'GUID: fe6a6957b37b61417b457a1e0541791d - Path: Packages/com.unity.modules.physics2d/package.ModuleCompilationTrigger - Importer: ScriptedImporter/UnityEditor.QuickSearchModule:UnityEditor.Search:ASIAI0B' with importer (ScriptedImporter : UnityEditor.QuickSearchModule:UnityEditor.Search:ASIAI0B)
Imported 'GUID: fe6a6957b37b61417b457a1e0541791d' -> (Import Result ID: '31d952921e4df80700da8ad3fbc1454c') in 0.003 seconds [static and dynamic dependencies]. Details - ImportResultOutputID=2c203041982ab97ebf565678c1e4eb78 DependenciesID=127c54ef8c38be9b40a8cf2204bc2de6 StaticDependenciesID=e6d2ca71c643a1a4290365c42470c9ef 
Number of updated asset objects reloaded before import = 0
Number of asset objects unloaded after import = 1
========================================================================
Received Import Request.
  Time of request: 2026-09-20T00:01:47.2446458Z
  Time since last request: 0.0007452 seconds.
  importAddress: GUID: 8472c6472e6d4301873871a9e8fcf952 - Path: Packages/com.unity.ide.rider/Rider/Editor/Properties/AssemblyInfo.cs - Importer: ScriptedImporter/UnityEditor.QuickSearchModule:UnityEditor.Search:ASIAI0B
Importing 'GUID: 8472c6472e6d4301873871a9e8fcf952 - Path: Packages/com.unity.ide.rider/Rider/Editor/Properties/AssemblyInfo.cs - Importer: ScriptedImporter/UnityEditor.QuickSearchModule:UnityEditor.Search:ASIAI0B' with importer (ScriptedImporter : UnityEditor.QuickSearchModule:UnityEditor.Search:ASIAI0B)
Imported 'GUID: 8472c6472e6d4301873871a9e8fcf952' -> (Import Result ID: 'da6edadfe638bd2b6a545536ea17c370') in 0.003 seconds [static and dynamic dependencies]. Details - ImportResultOutputID=cca2a74d6091d242e72290bb5951efc4 DependenciesID=04566fdab33cbe0842fad847b95529d5 StaticDependenciesID=545c100b4a495aab6b6a349b061a737d 
Number of updated asset objects reloaded before import = 0
Number of asset objects unloaded after import = 0
========================================================================
Received Import Request.
  Time of request: 2026-09-20T00:01:47.2481262Z
  Time since last request: 0.0005093 seconds.
  importAddress: GUID: 4745d06d5a7ca576dcf9e5e67b417652 - Path: Packages/com.unity.modules.accessibility/package.ModuleCompilationTrigger - Importer: ScriptedImporter/UnityEditor.QuickSearchModule:UnityEditor.Search:ASIAI0B
Importing 'GUID: 4745d06d5a7ca576dcf9e5e67b417652 - Path: Packages/com.unity.modules.accessibility/package.ModuleCompilationTrigger - Importer: ScriptedImporter/UnityEditor.QuickSearchModule:UnityEditor.Search:ASIAI0B' with importer (ScriptedImporter : UnityEditor.QuickSearchModule:UnityEditor.Search:ASIAI0B)
Imported 'GUID: 4745d06d5a7ca576dcf9e5e67b417652' -> (Import Result ID: '33f8c4f8eddb877d65f46cc0bb76c6d9') in 0.004 seconds [static and dynamic dependencies]. Details - ImportResultOutputID=29e93ae267fb961dc656aba2b8d347e2 DependenciesID=7c84df2f5abb545cc707536a36e50d1f StaticDependenciesID=c6e68aae91e50a7e5fb0b3cf7011bcc0 
Number of updated asset objects reloaded before import = 0
Number of asset objects unloaded after import = 1
========================================================================
Received Import Request.
  Time of request: 2026-09-20T00:01:47.2529521Z
  Time since last request: 0.0006564 seconds.
  importAddress: GUID: 3e4e7fdc19414089a0fb43e43b1bdae1 - Path: Packages/com.unity.ide.rider/Rider/Editor/ProjectGeneration/SolutionGuidGenerator.cs - Importer: ScriptedImporter/UnityEditor.QuickSearchModule:UnityEditor.Search:ASIAI0B
Importing 'GUID: 3e4e7fdc19414089a0fb43e43b1bdae1 - Path: Packages/com.unity.ide.rider/Rider/Editor/ProjectGeneration/SolutionGuidGenerator.cs - Importer: ScriptedImporter/UnityEditor.QuickSearchModule:UnityEditor.Search:ASIAI0B' with importer (ScriptedImporter : UnityEditor.QuickSearchModule:UnityEditor.Search:ASIAI0B)
Imported 'GUID: 3e4e7fdc19414089a0fb43e43b1bdae1' -> (Import Result ID: '2f6b3de6e7b80d0c59308e19224a5992') in 0.003 seconds [static and dynamic dependencies]. Details - ImportResultOutputID=97c2880239b116be294a8f3403cccc8b DependenciesID=7409b617e391f956594e92f7df4d8f16 StaticDependenciesID=9b68c7d4b98ba05a6b80746721493e4b 
Number of updated asset objects reloaded before import = 0
Number of asset objects unloaded after import = 0
========================================================================
Received Import Request.
  Time of request: 2026-09-20T00:01:47.2564114Z
  Time since last request: 0.0004864 seconds.
  importAddress: GUID: 56f347f155204ffebacb6ed6f4a4e65f - Path: Packages/com.unity.ide.rider/Rider/Editor/RiderStyles.cs - Importer: ScriptedImporter/UnityEditor.QuickSearchModule:UnityEditor.Search:ASIAI0B
Importing 'GUID: 56f347f155204ffebacb6ed6f4a4e65f - Path: Packages/com.unity.ide.rider/Rider/Editor/RiderStyles.cs - Importer: ScriptedImporter/UnityEditor.QuickSearchModule:UnityEditor.Search:ASIAI0B' with importer (ScriptedImporter : UnityEditor.QuickSearchModule:UnityEditor.Search:ASIAI0B)
Imported 'GUID: 56f347f155204ffebacb6ed6f4a4e65f' -> (Import Result ID: '83d6b49ab51b24afff2beb9b41baac4f') in 0.003 seconds [static and dynamic dependencies]. Details - ImportResultOutputID=fc25f94ff5f31b1e78d0d2c90831d5d2 DependenciesID=dc603c772c14673f5340d659ad237484 StaticDependenciesID=c60a16c759d6d682dc7d1316c1c85997 
Number of updated asset objects reloaded before import = 0
Number of asset objects unloaded after import = 0
========================================================================
Received Import Request.
  Time of request: 2026-09-20T00:01:47.2596474Z
  Time since last request: 0.0004407 seconds.
  importAddress: GUID: 22608619ec9a4b1db7417e80c3123098 - Path: Packages/com.unity.ide.rider/Rider/Editor/Util/UnityVersionUtils.cs - Importer: ScriptedImporter/UnityEditor.QuickSearchModule:UnityEditor.Search:ASIAI0B
Importing 'GUID: 22608619ec9a4b1db7417e80c3123098 - Path: Packages/com.unity.ide.rider/Rider/Editor/Util/UnityVersionUtils.cs - Importer: ScriptedImporter/UnityEditor.QuickSearchModule:UnityEditor.Search:ASIAI0B' with importer (ScriptedImporter : UnityEditor.QuickSearchModule:UnityEditor.Search:ASIAI0B)
Imported 'GUID: 22608619ec9a4b1db7417e80c3123098' -> (Import Result ID: '3ab43dcc015dd7a28e43a66195b907c8') in 0.002 seconds [static and dynamic dependencies]. Details - ImportResultOutputID=8426916e71b0e667d4c7b8732dddaf26 DependenciesID=09510cc72a0e38226e1ae48edc81ee27 StaticDependenciesID=a8f7ab49a2886b66d26e2e346f3ecd4f 
Number of updated asset objects reloaded before import = 0
Number of asset objects unloaded after import = 0
========================================================================
Received Import Request.
  Time of request: 2026-09-20T00:01:47.2627284Z
  Time since last request: 0.0005003 seconds.
  importAddress: GUID: 48483563a64de3a4e8690122762055f1 - Path: Packages/com.unity.ide.rider/Rider/Editor/UnitTesting/SyncTestRunEventsHandler.cs - Importer: ScriptedImporter/UnityEditor.QuickSearchModule:UnityEditor.Search:ASIAI0B
Importing 'GUID: 48483563a64de3a4e8690122762055f1 - Path: Packages/com.unity.ide.rider/Rider/Editor/UnitTesting/SyncTestRunEventsHandler.cs - Importer: ScriptedImporter/UnityEditor.QuickSearchModule:UnityEditor.Search:ASIAI0B' with importer (ScriptedImporter : UnityEditor.QuickSearchModule:UnityEditor.Search:ASIAI0B)
Imported 'GUID: 48483563a64de3a4e8690122762055f1' -> (Import Result ID: '88fa4ae844ea23735457efbad2604dbe') in 0.005 seconds [static and dynamic dependencies]. Details - ImportResultOutputID=20b955ca430bca4e507b918aaa36f0ba DependenciesID=423be513238ef0b9b9b14fdf367ee352 StaticDependenciesID=329ebc58920a970db6b72d2b28ab34c9 
Number of updated asset objects reloaded before import = 0
Number of asset objects unloaded after import = 0
========================================================================
Received Import Request.
  Time of request: 2026-09-20T00:01:47.2681593Z
  Time since last request: 0.000535 seconds.
  importAddress: GUID: 071c17858dc6c47ada7b2a1f1ded5402 - Path: Packages/com.unity.ide.rider/Rider/Editor/Util/LibcNativeInterop.cs - Importer: ScriptedImporter/UnityEditor.QuickSearchModule:UnityEditor.Search:ASIAI0B
Importing 'GUID: 071c17858dc6c47ada7b2a1f1ded5402 - Path: Packages/com.unity.ide.rider/Rider/Editor/Util/LibcNativeInterop.cs - Importer: ScriptedImporter/UnityEditor.QuickSearchModule:UnityEditor.Search:ASIAI0B' with importer (ScriptedImporter : UnityEditor.QuickSearchModule:UnityEditor.Search:ASIAI0B)
Imported 'GUID: 071c17858dc6c47ada7b2a1f1ded5402' -> (Import Result ID: 'f1ad83a715d77236ee6e5ccd0c298c39') in 0.003 seconds [static and dynamic dependencies]. Details - ImportResultOutputID=ce9c7ed40f7bc6fe1920ca489f4e226e DependenciesID=0bd14c9ee66dcb7f456e3b4b5bc69615 StaticDependenciesID=30c02fa79a189bdd6c5ebd74bb014cae 
Number of updated asset objects reloaded before import = 0
Number of asset objects unloaded after import = 0
========================================================================
Received Import Request.
  Time of request: 2026-09-20T00:01:47.2715092Z
  Time since last request: 0.0004995 seconds.
  importAddress: GUID: a6ba838b1348d5e46a7eaacd1646c1d3 - Path: Packages/com.unity.ide.rider/Rider/Editor/ProjectGeneration/FileIOProvider.cs - Importer: ScriptedImporter/UnityEditor.QuickSearchModule:UnityEditor.Search:ASIAI0B
Importing 'GUID: a6ba838b1348d5e46a7eaacd1646c1d3 - Path: Packages/com.unity.ide.rider/Rider/Editor/ProjectGeneration/FileIOProvider.cs - Importer: ScriptedImporter/UnityEditor.QuickSearchModule:UnityEditor.Search:ASIAI0B' with importer (ScriptedImporter : UnityEditor.QuickSearchModule:UnityEditor.Search:ASIAI0B)
Imported 'GUID: a6ba838b1348d5e46a7eaacd1646c1d3' -> (Import Result ID: '42e362054a7e76cde6eeeb2c66556408') in 0.003 seconds [static and dynamic dependencies]. Details - ImportResultOutputID=5676ff32c1596c71eea7ef88fa2cbcaa DependenciesID=92fe6d0d54f983c66adabcc3f0bb2623 StaticDependenciesID=7a4c48ecb4bbe84b055bcdbb169e2f7d 
Number of updated asset objects reloaded before import = 0
Number of asset objects unloaded after import = 0
========================================================================
Received Import Request.
  Time of request: 2026-09-20T00:01:47.2751629Z
  Time since last request: 0.0004898 seconds.
  importAddress: GUID: 7019e230344c48d4b81602e2e978e5de - Path: Packages/com.unity.ide.rider/Rider/Editor/ProjectGeneration/LastWriteTracker.cs - Importer: ScriptedImporter/UnityEditor.QuickSearchModule:UnityEditor.Search:ASIAI0B
Importing 'GUID: 7019e230344c48d4b81602e2e978e5de - Path: Packages/com.unity.ide.rider/Rider/Editor/ProjectGeneration/LastWriteTracker.cs - Importer: ScriptedImporter/UnityEditor.QuickSearchModule:UnityEditor.Search:ASIAI0B' with importer (ScriptedImporter : UnityEditor.QuickSearchModule:UnityEditor.Search:ASIAI0B)
Imported 'GUID: 7019e230344c48d4b81602e2e978e5de' -> (Import Result ID: '73d1c1a66932e170e001635eeddb46b2') in 0.003 seconds [static and dynamic dependencies]. Details - ImportResultOutputID=a62561736f0b5225cf6311dfdbc46fed DependenciesID=295982a3c9cf3540e35693d2fd260c51 StaticDependenciesID=56c04393cab109034a5237c7620ad6ea 
Number of updated asset objects reloaded before import = 0
Number of asset objects unloaded after import = 0
========================================================================
Received Import Request.
  Time of request: 2026-09-20T00:01:47.2784361Z
  Time since last request: 0.0004766 seconds.
  importAddress: GUID: ea3ec41b33345cd4f9298a51abdaa198 - Path: Packages/com.unity.ide.rider/Rider/Editor/JetBrains.Rider.PathLocator.dll - Importer: ScriptedImporter/UnityEditor.QuickSearchModule:UnityEditor.Search:ASIAI0B
Importing 'GUID: ea3ec41b33345cd4f9298a51abdaa198 - Path: Packages/com.unity.ide.rider/Rider/Editor/JetBrains.Rider.PathLocator.dll - Importer: ScriptedImporter/UnityEditor.QuickSearchModule:UnityEditor.Search:ASIAI0B' with importer (ScriptedImporter : UnityEditor.QuickSearchModule:UnityEditor.Search:ASIAI0B)
Imported 'GUID: ea3ec41b33345cd4f9298a51abdaa198' -> (Import Result ID: 'df193cdc3e858038805f6324c85c08a6') in 0.007 seconds [static and dynamic dependencies]. Details - ImportResultOutputID=40a37045062a19dc4401432006f65732 DependenciesID=712eeab058b6d2801994e748f6bc066d StaticDependenciesID=2784beebd9619393f3f809afd474382c 
Number of updated asset objects reloaded before import = 0
Number of asset objects unloaded after import = 0
========================================================================
Received Import Request.
  Time of request: 2026-09-20T00:01:47.2862489Z
  Time since last request: 0.0005368 seconds.
  importAddress: GUID: 3cc1ebf2abb7fef6871ad48f499b6e21 - Path: Packages/com.unity.modules.vectorgraphics/package.ModuleCompilationTrigger - Importer: ScriptedImporter/UnityEditor.QuickSearchModule:UnityEditor.Search:ASIAI0B
Importing 'GUID: 3cc1ebf2abb7fef6871ad48f499b6e21 - Path: Packages/com.unity.modules.vectorgraphics/package.ModuleCompilationTrigger - Importer: ScriptedImporter/UnityEditor.QuickSearchModule:UnityEditor.Search:ASIAI0B' with importer (ScriptedImporter : UnityEditor.QuickSearchModule:UnityEditor.Search:ASIAI0B)
Imported 'GUID: 3cc1ebf2abb7fef6871ad48f499b6e21' -> (Import Result ID: '76fec7efdbbdb5f93e30c7b4afb08379') in 0.003 seconds [static and dynamic dependencies]. Details - ImportResultOutputID=3cfbc93fa7b5abf460b697d81139e32d DependenciesID=4e435c0bc8e968bb9495deb4c0db3b7c StaticDependenciesID=2d34e4e9dcc8c0bd0277901bdc025c2f 
Number of updated asset objects reloaded before import = 0
Number of asset objects unloaded after import = 1
========================================================================
Received Import Request.
  Time of request: 2026-09-20T00:01:47.2899198Z
  Time since last request: 0.0005273 seconds.
  importAddress: GUID: 4d34a9510a5b9d21381c93e73867a193 - Path: Packages/com.unity.ide.rider/Rider/Editor/Util/RiderPathUtil.cs - Importer: ScriptedImporter/UnityEditor.QuickSearchModule:UnityEditor.Search:ASIAI0B
Importing 'GUID: 4d34a9510a5b9d21381c93e73867a193 - Path: Packages/com.unity.ide.rider/Rider/Editor/Util/RiderPathUtil.cs - Importer: ScriptedImporter/UnityEditor.QuickSearchModule:UnityEditor.Search:ASIAI0B' with importer (ScriptedImporter : UnityEditor.QuickSearchModule:UnityEditor.Search:ASIAI0B)
Imported 'GUID: 4d34a9510a5b9d21381c93e73867a193' -> (Import Result ID: 'b61085962a2fee75e66ee6bfef3f95f8') in 0.003 seconds [static and dynamic dependencies]. Details - ImportResultOutputID=209502efe9231d0c84d2c60f40e1d412 DependenciesID=3d8d326200e07a676aa296b2461c52d0 StaticDependenciesID=73e810113386fae17604a352052bf1da 
Number of updated asset objects reloaded before import = 0
Number of asset objects unloaded after import = 0
========================================================================
Received Import Request.
  Time of request: 2026-09-20T00:01:47.2935971Z
  Time since last request: 0.0005239 seconds.
  importAddress: GUID: d2ec2d1228c8e67cdd913cb5609176a2 - Path: Packages/com.unity.modules.unitywebrequest/package.ModuleCompilationTrigger - Importer: ScriptedImporter/UnityEditor.QuickSearchModule:UnityEditor.Search:ASIAI0B
Importing 'GUID: d2ec2d1228c8e67cdd913cb5609176a2 - Path: Packages/com.unity.modules.unitywebrequest/package.ModuleCompilationTrigger - Importer: ScriptedImporter/UnityEditor.QuickSearchModule:UnityEditor.Search:ASIAI0B' with importer (ScriptedImporter : UnityEditor.QuickSearchModule:UnityEditor.Search:ASIAI0B)
Imported 'GUID: d2ec2d1228c8e67cdd913cb5609176a2' -> (Import Result ID: 'eece351c35ac4045ee1d29ed26e41600') in 0.003 seconds [static and dynamic dependencies]. Details - ImportResultOutputID=bc93838c07ac5a8c2a78d79fbe6b72f9 DependenciesID=50859ae72656734ed5f5a1e0d8727c23 StaticDependenciesID=b3265fb9e747d6b7d3e1cf4f440b1825 
Number of updated asset objects reloaded before import = 0
Number of asset objects unloaded after import = 1
========================================================================
Received Import Request.
  Time of request: 2026-09-20T00:01:47.2972998Z
  Time since last request: 0.0005634 seconds.
  importAddress: GUID: 302b1bdfb7a645db994491799832912b - Path: Packages/com.unity.ide.rider/Rider/Editor/Util/StringBuilderExtensions.cs - Importer: ScriptedImporter/UnityEditor.QuickSearchModule:UnityEditor.Search:ASIAI0B
Importing 'GUID: 302b1bdfb7a645db994491799832912b - Path: Packages/com.unity.ide.rider/Rider/Editor/Util/StringBuilderExtensions.cs - Importer: ScriptedImporter/UnityEditor.QuickSearchModule:UnityEditor.Search:ASIAI0B' with importer (ScriptedImporter : UnityEditor.QuickSearchModule:UnityEditor.Search:ASIAI0B)
Imported 'GUID: 302b1bdfb7a645db994491799832912b' -> (Import Result ID: '8c21d6ece2ecb395ca9a337dae1c49c2') in 0.004 seconds [static and dynamic dependencies]. Details - ImportResultOutputID=efb67b85016246e701a39f39f85c3ac3 DependenciesID=b14587e38171cd75a66eee4aa2796a2a StaticDependenciesID=f81e38e42cbd0d655d7c56f7f573be7f 
Number of updated asset objects reloaded before import = 0
Number of asset objects unloaded after import = 0
========================================================================
Received Import Request.
  Time of request: 2026-09-20T00:01:47.3019033Z
  Time since last request: 0.00064 seconds.
  importAddress: GUID: 5eea837708474d7e9c1cb4b2eca0213f - Path: Packages/com.unity.ide.rider/Rider/Editor/ProjectGeneration/IAssemblyNameProvider.cs - Importer: ScriptedImporter/UnityEditor.QuickSearchModule:UnityEditor.Search:ASIAI0B
Importing 'GUID: 5eea837708474d7e9c1cb4b2eca0213f - Path: Packages/com.unity.ide.rider/Rider/Editor/ProjectGeneration/IAssemblyNameProvider.cs - Importer: ScriptedImporter/UnityEditor.QuickSearchModule:UnityEditor.Search:ASIAI0B' with importer (ScriptedImporter : UnityEditor.QuickSearchModule:UnityEditor.Search:ASIAI0B)
Imported 'GUID: 5eea837708474d7e9c1cb4b2eca0213f' -> (Import Result ID: 'cf4d1ab6a9af312366e53607ee027cc5') in 0.004 seconds [static and dynamic dependencies]. Details - ImportResultOutputID=72fddc40e34877f5924b6aa8726fb689 DependenciesID=c19ffa68cc501115ee2f03c575c5c6be StaticDependenciesID=4b4d837095929f1c4d22534fcc9edd4f 
Number of updated asset objects reloaded before import = 0
Number of asset objects unloaded after import = 0
========================================================================
Received Import Request.
  Time of request: 2026-09-20T00:01:47.3070357Z
  Time since last request: 0.0005508 seconds.
  importAddress: GUID: aa1c6b1a353ab464782fc1e7c051eb02 - Path: Packages/com.unity.ide.rider/Rider/Editor/UnitTesting/CallbackInitializer.cs - Importer: ScriptedImporter/UnityEditor.QuickSearchModule:UnityEditor.Search:ASIAI0B
Importing 'GUID: aa1c6b1a353ab464782fc1e7c051eb02 - Path: Packages/com.unity.ide.rider/Rider/Editor/UnitTesting/CallbackInitializer.cs - Importer: ScriptedImporter/UnityEditor.QuickSearchModule:UnityEditor.Search:ASIAI0B' with importer (ScriptedImporter : UnityEditor.QuickSearchModule:UnityEditor.Search:ASIAI0B)
Imported 'GUID: aa1c6b1a353ab464782fc1e7c051eb02' -> (Import Result ID: '10f3e8632193f8fc94ae6cb6449c9d8e') in 0.003 seconds [static and dynamic dependencies]. Details - ImportResultOutputID=804ad69e161a2feb1db119cb6a357eb7 DependenciesID=33643c71635aa940f8b4142ed5be8958 StaticDependenciesID=df93b3c7194db2835b2e139dabc8081c 
Number of updated asset objects reloaded before import = 0
Number of asset objects unloaded after import = 0
========================================================================
Received Import Request.
  Time of request: 2026-09-20T00:01:47.3107352Z
  Time since last request: 0.0006982 seconds.
  importAddress: GUID: 39cb9ab8a3b2452cbf58ffbea841d203 - Path: Packages/com.unity.ide.rider/Rider/Editor/ProjectGeneration/IGenerator.cs - Importer: ScriptedImporter/UnityEditor.QuickSearchModule:UnityEditor.Search:ASIAI0B
Importing 'GUID: 39cb9ab8a3b2452cbf58ffbea841d203 - Path: Packages/com.unity.ide.rider/Rider/Editor/ProjectGeneration/IGenerator.cs - Importer: ScriptedImporter/UnityEditor.QuickSearchModule:UnityEditor.Search:ASIAI0B' with importer (ScriptedImporter : UnityEditor.QuickSearchModule:UnityEditor.Search:ASIAI0B)
Imported 'GUID: 39cb9ab8a3b2452cbf58ffbea841d203' -> (Import Result ID: 'd3bb4189bc6ace93877a01d37a54819c') in 0.004 seconds [static and dynamic dependencies]. Details - ImportResultOutputID=b6363688f10fdafa489359d601529f52 DependenciesID=bfd05b7b93cfb1f2bd3f1f7cea4d902d StaticDependenciesID=1c1d187674f3f30055ab7f907188a1b7 
Number of updated asset objects reloaded before import = 0
Number of asset objects unloaded after import = 0
========================================================================
Received Import Request.
  Time of request: 2026-09-20T00:01:47.3150673Z
  Time since last request: 0.0005629 seconds.
  importAddress: GUID: 154ace4bd16de9f4e84052ac257786d6 - Path: Packages/com.unity.ide.rider/Rider/Editor/Util/CommandLineParser.cs - Importer: ScriptedImporter/UnityEditor.QuickSearchModule:UnityEditor.Search:ASIAI0B
Importing 'GUID: 154ace4bd16de9f4e84052ac257786d6 - Path: Packages/com.unity.ide.rider/Rider/Editor/Util/CommandLineParser.cs - Importer: ScriptedImporter/UnityEditor.QuickSearchModule:UnityEditor.Search:ASIAI0B' with importer (ScriptedImporter : UnityEditor.QuickSearchModule:UnityEditor.Search:ASIAI0B)
Imported 'GUID: 154ace4bd16de9f4e84052ac257786d6' -> (Import Result ID: '91163789793a206d7a8970fb033fdf10') in 0.004 seconds [static and dynamic dependencies]. Details - ImportResultOutputID=6ef73bda43f896113f443813aa7a84ae DependenciesID=25c356a861fd7b137d56fd3cf2bbd787 StaticDependenciesID=3b1c57d94f7b48f0234c9a8fac79d027 
Number of updated asset objects reloaded before import = 0
Number of asset objects unloaded after import = 0
========================================================================
Received Import Request.
  Time of request: 2026-09-20T00:01:47.3194354Z
  Time since last request: 0.0005984 seconds.
  importAddress: GUID: 1bdab5b8331b4506bf4eae379235c053 - Path: Packages/com.unity.ide.rider/Rider/Editor/ProjectGeneration/IFileIO.cs - Importer: ScriptedImporter/UnityEditor.QuickSearchModule:UnityEditor.Search:ASIAI0B
Importing 'GUID: 1bdab5b8331b4506bf4eae379235c053 - Path: Packages/com.unity.ide.rider/Rider/Editor/ProjectGeneration/IFileIO.cs - Importer: ScriptedImporter/UnityEditor.QuickSearchModule:UnityEditor.Search:ASIAI0B' with importer (ScriptedImporter : UnityEditor.QuickSearchModule:UnityEditor.Search:ASIAI0B)
Imported 'GUID: 1bdab5b8331b4506bf4eae379235c053' -> (Import Result ID: '1a10f316098706815dc943157fa8bc14') in 0.003 seconds [static and dynamic dependencies]. Details - ImportResultOutputID=082dabc39540d30169c309f5ca5ae52d DependenciesID=89c599211195790fbfcea8549cfc961b StaticDependenciesID=f0fe8012d2cf5d755c7da2249401b219 
Number of updated asset objects reloaded before import = 0
Number of asset objects unloaded after import = 0
========================================================================
Received Import Request.
  Time of request: 2026-09-20T00:01:47.3228416Z
  Time since last request: 0.0004562 seconds.
  importAddress: GUID: f5a0cc9645f0e2d4fb816156dcf3f4dd - Path: Packages/com.unity.ide.rider/Rider/Editor/RiderInitializer.cs - Importer: ScriptedImporter/UnityEditor.QuickSearchModule:UnityEditor.Search:ASIAI0B
Importing 'GUID: f5a0cc9645f0e2d4fb816156dcf3f4dd - Path: Packages/com.unity.ide.rider/Rider/Editor/RiderInitializer.cs - Importer: ScriptedImporter/UnityEditor.QuickSearchModule:UnityEditor.Search:ASIAI0B' with importer (ScriptedImporter : UnityEditor.QuickSearchModule:UnityEditor.Search:ASIAI0B)
Imported 'GUID: f5a0cc9645f0e2d4fb816156dcf3f4dd' -> (Import Result ID: 'ddfc02651aafe5bf5d8374af6ebc60b1') in 0.003 seconds [static and dynamic dependencies]. Details - ImportResultOutputID=7afcf7ed77396bcfa2bcd08cd34a186c DependenciesID=53aebae198f2261f280d6a2bf2f44854 StaticDependenciesID=de4989f84e293f927b61653acee6ac42 
Number of updated asset objects reloaded before import = 0
Number of asset objects unloaded after import = 0
========================================================================
Received Import Request.
  Time of request: 2026-09-20T00:01:47.3264359Z
  Time since last request: 0.0007022 seconds.
  importAddress: GUID: 58ab3828fb407c742a48b82bc5983a87 - Path: Packages/com.unity.ide.rider/Rider/Editor/UnitTesting/SyncTestRunCallback.cs - Importer: ScriptedImporter/UnityEditor.QuickSearchModule:UnityEditor.Search:ASIAI0B
Importing 'GUID: 58ab3828fb407c742a48b82bc5983a87 - Path: Packages/com.unity.ide.rider/Rider/Editor/UnitTesting/SyncTestRunCallback.cs - Importer: ScriptedImporter/UnityEditor.QuickSearchModule:UnityEditor.Search:ASIAI0B' with importer (ScriptedImporter : UnityEditor.QuickSearchModule:UnityEditor.Search:ASIAI0B)
Imported 'GUID: 58ab3828fb407c742a48b82bc5983a87' -> (Import Result ID: 'e28563757baadfdbab0622ac1c62529f') in 0.003 seconds [static and dynamic dependencies]. Details - ImportResultOutputID=15d97ed0d993072bdb9d36c22362d9aa DependenciesID=dd7247a5d349706800964f02b1804578 StaticDependenciesID=baf355d5fdefac53c95d5692cd5f3a43 
Number of updated asset objects reloaded before import = 0
Number of asset objects unloaded after import = 0
========================================================================
Received Import Request.
  Time of request: 2026-09-20T00:01:47.3306105Z
  Time since last request: 0.0006253 seconds.
  importAddress: GUID: a8860c53ca4073d4f92c403e709c12ba - Path: Packages/com.unity.ide.rider/Rider/Editor/Util/RiderMenu.cs - Importer: ScriptedImporter/UnityEditor.QuickSearchModule:UnityEditor.Search:ASIAI0B
Importing 'GUID: a8860c53ca4073d4f92c403e709c12ba - Path: Packages/com.unity.ide.rider/Rider/Editor/Util/RiderMenu.cs - Importer: ScriptedImporter/UnityEditor.QuickSearchModule:UnityEditor.Search:ASIAI0B' with importer (ScriptedImporter : UnityEditor.QuickSearchModule:UnityEditor.Search:ASIAI0B)
Imported 'GUID: a8860c53ca4073d4f92c403e709c12ba' -> (Import Result ID: '27ba68bbdac04ed0158206d4a21d93be') in 0.005 seconds [static and dynamic dependencies]. Details - ImportResultOutputID=69cc9e41f6190f76358c992a6dfb86fd DependenciesID=167a3b1cfd43046585d43e7489bf4e2f StaticDependenciesID=7d2c06c2d90a5ad04a4a27c38616f4b6 
Number of updated asset objects reloaded before import = 0
Number of asset objects unloaded after import = 0
========================================================================
Received Import Request.
  Time of request: 2026-09-20T00:01:47.3359771Z
  Time since last request: 0.0005112 seconds.
  importAddress: GUID: 56c8c6e437b14f8e9a91e9832c11bc1a - Path: Packages/com.unity.ide.rider/Rider/Editor/ProjectGeneration/AssemblyNameProvider.cs - Importer: ScriptedImporter/UnityEditor.QuickSearchModule:UnityEditor.Search:ASIAI0B
Importing 'GUID: 56c8c6e437b14f8e9a91e9832c11bc1a - Path: Packages/com.unity.ide.rider/Rider/Editor/ProjectGeneration/AssemblyNameProvider.cs - Importer: ScriptedImporter/UnityEditor.QuickSearchModule:UnityEditor.Search:ASIAI0B' with importer (ScriptedImporter : UnityEditor.QuickSearchModule:UnityEditor.Search:ASIAI0B)
Imported 'GUID: 56c8c6e437b14f8e9a91e9832c11bc1a' -> (Import Result ID: '929c40e2d3821d4ec3848ebb3aecc9f4') in 0.003 seconds [static and dynamic dependencies]. Details - ImportResultOutputID=a7141f788da990aa712901ee474c9c75 DependenciesID=8d057ff0670aadba76acccfefd56937e StaticDependenciesID=72ecd1bf1a91db45166a0ab30ed98aef 
Number of updated asset objects reloaded before import = 0
Number of asset objects unloaded after import = 0
========================================================================
Received Import Request.
  Time of request: 2026-09-20T00:01:47.339463Z
  Time since last request: 0.0006077 seconds.
  importAddress: GUID: 0691c2fe40564a64b3a9b7372c5eca2a - Path: Packages/com.unity.ide.rider/Rider/Editor/ProjectGeneration/ProjectPart.cs - Importer: ScriptedImporter/UnityEditor.QuickSearchModule:UnityEditor.Search:ASIAI0B
Importing 'GUID: 0691c2fe40564a64b3a9b7372c5eca2a - Path: Packages/com.unity.ide.rider/Rider/Editor/ProjectGeneration/ProjectPart.cs - Importer: ScriptedImporter/UnityEditor.QuickSearchModule:UnityEditor.Search:ASIAI0B' with importer (ScriptedImporter : UnityEditor.QuickSearchModule:UnityEditor.Search:ASIAI0B)
Imported 'GUID: 0691c2fe40564a64b3a9b7372c5eca2a' -> (Import Result ID: '75755ae5e6b230f36bc1548b4b5dc03f') in 0.003 seconds [static and dynamic dependencies]. Details - ImportResultOutputID=de2912ff66b1a5645555583b19a69196 DependenciesID=3aa79aa0b628645950adb771677db781 StaticDependenciesID=92a8eb70d0f611df857cacf4d41cd01e 
Number of updated asset objects reloaded before import = 0
Number of asset objects unloaded after import = 0
========================================================================
Received Import Request.
  Time of request: 2026-09-20T00:01:47.3432376Z
  Time since last request: 0.0005622 seconds.
  importAddress: GUID: 58aa570dbe0761f43b25ff6c2265bbe2 - Path: Packages/com.unity.ide.rider/Rider/Editor/UnitTesting/TestsCallback.cs - Importer: ScriptedImporter/UnityEditor.QuickSearchModule:UnityEditor.Search:ASIAI0B
Importing 'GUID: 58aa570dbe0761f43b25ff6c2265bbe2 - Path: Packages/com.unity.ide.rider/Rider/Editor/UnitTesting/TestsCallback.cs - Importer: ScriptedImporter/UnityEditor.QuickSearchModule:UnityEditor.Search:ASIAI0B' with importer (ScriptedImporter : UnityEditor.QuickSearchModule:UnityEditor.Search:ASIAI0B)
Imported 'GUID: 58aa570dbe0761f43b25ff6c2265bbe2' -> (Import Result ID: 'c9abce6dd035b970fe379235c1125730') in 0.004 seconds [static and dynamic dependencies]. Details - ImportResultOutputID=e8f28d3c16905618b5b9bb30d1b8ebed DependenciesID=7515934b5d697e9bd1659df7cbdb6adc StaticDependenciesID=6273184b2f392c68051cb92283f76e7b 
Number of updated asset objects reloaded before import = 0
Number of asset objects unloaded after import = 0
========================================================================
Received Import Request.
  Time of request: 2026-09-20T00:01:47.3483664Z
  Time since last request: 0.0005118 seconds.
  importAddress: GUID: 43674d438e19b89d7fe6af07234f3252 - Path: Packages/com.unity.modules.accessibility/package.json - Importer: ScriptedImporter/UnityEditor.QuickSearchModule:UnityEditor.Search:ASIAI0B
Importing 'GUID: 43674d438e19b89d7fe6af07234f3252 - Path: Packages/com.unity.modules.accessibility/package.json - Importer: ScriptedImporter/UnityEditor.QuickSearchModule:UnityEditor.Search:ASIAI0B' with importer (ScriptedImporter : UnityEditor.QuickSearchModule:UnityEditor.Search:ASIAI0B)
Imported 'GUID: 43674d438e19b89d7fe6af07234f3252' -> (Import Result ID: 'b2d009caa8416d493990c0065cc51a74') in 0.003 seconds [static and dynamic dependencies]. Details - ImportResultOutputID=dd0f947db2e753e7be6f4f805e3de3e5 DependenciesID=b0168427616e517a809edd60f65e2280 StaticDependenciesID=331d82d08fadf0a933bcfc1d9e390e8f 
Number of updated asset objects reloaded before import = 0
Number of asset objects unloaded after import = 1
========================================================================
Received Import Request.
  Time of request: 2026-09-20T00:01:47.3525704Z
  Time since last request: 0.0005381 seconds.
  importAddress: GUID: 3fdd83b151eb8d25c5e2f82fc39dcb04 - Path: Packages/com.unity.modules.unitywebrequest/package.json - Importer: ScriptedImporter/UnityEditor.QuickSearchModule:UnityEditor.Search:ASIAI0B
Importing 'GUID: 3fdd83b151eb8d25c5e2f82fc39dcb04 - Path: Packages/com.unity.modules.unitywebrequest/package.json - Importer: ScriptedImporter/UnityEditor.QuickSearchModule:UnityEditor.Search:ASIAI0B' with importer (ScriptedImporter : UnityEditor.QuickSearchModule:UnityEditor.Search:ASIAI0B)
Imported 'GUID: 3fdd83b151eb8d25c5e2f82fc39dcb04' -> (Import Result ID: '09eb470d863d4fc1233bb25fcbdef5f1') in 0.003 seconds [static and dynamic dependencies]. Details - ImportResultOutputID=5548415ac06d9cb74e31e9904edbe17e DependenciesID=20f585230b7266c2dcb14a81af7a055e StaticDependenciesID=cb272e7f1c545e34547abb8d1db412b5 
Number of updated asset objects reloaded before import = 0
Number of asset objects unloaded after import = 1
========================================================================
Received Import Request.
  Time of request: 2026-09-20T00:01:47.3558917Z
  Time since last request: 0.000468 seconds.
  importAddress: GUID: 8e1f00a9be2eb66438e2835fdf1ea11b - Path: Packages/com.unity.ide.rider/Rider/Editor/Util/SerializableVersion.cs - Importer: ScriptedImporter/UnityEditor.QuickSearchModule:UnityEditor.Search:ASIAI0B
Importing 'GUID: 8e1f00a9be2eb66438e2835fdf1ea11b - Path: Packages/com.unity.ide.rider/Rider/Editor/Util/SerializableVersion.cs - Importer: ScriptedImporter/UnityEditor.QuickSearchModule:UnityEditor.Search:ASIAI0B' with importer (ScriptedImporter : UnityEditor.QuickSearchModule:UnityEditor.Search:ASIAI0B)
Imported 'GUID: 8e1f00a9be2eb66438e2835fdf1ea11b' -> (Import Result ID: '83f5674b7e39311a2eb791b2aad3c3d0') in 0.003 seconds [static and dynamic dependencies]. Details - ImportResultOutputID=c26c7e3b3888b35175e5c42c7b0a4c05 DependenciesID=8b5b2c036c486efef2adcad57d9a3c2a StaticDependenciesID=8d9914c2789edffc53358125422af565 
Number of updated asset objects reloaded before import = 0
Number of asset objects unloaded after import = 0
========================================================================
Received Import Request.
  Time of request: 2026-09-20T00:01:47.3602668Z
  Time since last request: 0.0007369 seconds.
  importAddress: GUID: 23032f4383e95e772bce465c5896d0fd - Path: Packages/com.unity.modules.terrain/package.ModuleCompilationTrigger - Importer: ScriptedImporter/UnityEditor.QuickSearchModule:UnityEditor.Search:ASIAI0B
Importing 'GUID: 23032f4383e95e772bce465c5896d0fd - Path: Packages/com.unity.modules.terrain/package.ModuleCompilationTrigger - Importer: ScriptedImporter/UnityEditor.QuickSearchModule:UnityEditor.Search:ASIAI0B' with importer (ScriptedImporter : UnityEditor.QuickSearchModule:UnityEditor.Search:ASIAI0B)
Imported 'GUID: 23032f4383e95e772bce465c5896d0fd' -> (Import Result ID: '926a3588601f665b390ed6c01369267c') in 0.004 seconds [static and dynamic dependencies]. Details - ImportResultOutputID=2dfc3b02a0aff208e566e9421e738632 DependenciesID=030c4727f9ffe07fd768c274b7d1556e StaticDependenciesID=3288b8f2ed8bcd844b101baf57ec8de1 
Number of updated asset objects reloaded before import = 0
Number of asset objects unloaded after import = 1
========================================================================
Received Import Request.
  Time of request: 2026-09-20T00:01:47.36605Z
  Time since last request: 0.0004798 seconds.
  importAddress: GUID: 6d56244f8c39a851975d3c0bd432c66f - Path: Packages/com.unity.modules.terrain/package.json - Importer: ScriptedImporter/UnityEditor.QuickSearchModule:UnityEditor.Search:ASIAI0B
Importing 'GUID: 6d56244f8c39a851975d3c0bd432c66f - Path: Packages/com.unity.modules.terrain/package.json - Importer: ScriptedImporter/UnityEditor.QuickSearchModule:UnityEditor.Search:ASIAI0B' with importer (ScriptedImporter : UnityEditor.QuickSearchModule:UnityEditor.Search:ASIAI0B)
Imported 'GUID: 6d56244f8c39a851975d3c0bd432c66f' -> (Import Result ID: 'c7363c3f00ac48d5bb2ffde8fdadc5e2') in 0.005 seconds [static and dynamic dependencies]. Details - ImportResultOutputID=79bdc3ced4ce6cebc5b3c54265833a09 DependenciesID=7874fd69441a74e5bc21bb16ff47400e StaticDependenciesID=fecb526703287b57d0424ba539d99568 
Number of updated asset objects reloaded before import = 0
Number of asset objects unloaded after import = 1
========================================================================
Received Import Request.
  Time of request: 2026-09-20T00:01:47.3718319Z
  Time since last request: 0.0005754 seconds.
  importAddress: GUID: 7078f19173ceac84fb9e29b9f6175201 - Path: Packages/com.unity.ide.rider/Rider/Editor/ProjectGeneration/ProjectGeneration.cs - Importer: ScriptedImporter/UnityEditor.QuickSearchModule:UnityEditor.Search:ASIAI0B
Importing 'GUID: 7078f19173ceac84fb9e29b9f6175201 - Path: Packages/com.unity.ide.rider/Rider/Editor/ProjectGeneration/ProjectGeneration.cs - Importer: ScriptedImporter/UnityEditor.QuickSearchModule:UnityEditor.Search:ASIAI0B' with importer (ScriptedImporter : UnityEditor.QuickSearchModule:UnityEditor.Search:ASIAI0B)
Imported 'GUID: 7078f19173ceac84fb9e29b9f6175201' -> (Import Result ID: '02f0a422e4b6ea3551594355e15cada1') in 0.004 seconds [static and dynamic dependencies]. Details - ImportResultOutputID=b79091e88555e409e70bf3ff0df0420c DependenciesID=a90d3150c4fd36beb6f184d77f622be1 StaticDependenciesID=36108c9695d0da2ec2add0600eb452fb 
Number of updated asset objects reloaded before import = 0
Number of asset objects unloaded after import = 0
========================================================================
Received Import Request.
  Time of request: 2026-09-20T00:01:47.3763099Z
  Time since last request: 0.0005143 seconds.
  importAddress: GUID: 8c7e8e301f8b4c30bbf9db502d637f0f - Path: Packages/com.unity.ide.rider/Rider/Editor/ProjectGeneration/IGUIDGenerator.cs - Importer: ScriptedImporter/UnityEditor.QuickSearchModule:UnityEditor.Search:ASIAI0B
Importing 'GUID: 8c7e8e301f8b4c30bbf9db502d637f0f - Path: Packages/com.unity.ide.rider/Rider/Editor/ProjectGeneration/IGUIDGenerator.cs - Importer: ScriptedImporter/UnityEditor.QuickSearchModule:UnityEditor.Search:ASIAI0B' with importer (ScriptedImporter : UnityEditor.QuickSearchModule:UnityEditor.Search:ASIAI0B)
Imported 'GUID: 8c7e8e301f8b4c30bbf9db502d637f0f' -> (Import Result ID: 'aa5199dfc3c096be4526a040055e2282') in 0.003 seconds [static and dynamic dependencies]. Details - ImportResultOutputID=9110b557668403d5ddc6856c11fcc9c8 DependenciesID=ea2166f105f8c470b075b9a9ba9e70c8 StaticDependenciesID=3a2acac7fc14766d7ffd6e500a024e7f 
Number of updated asset objects reloaded before import = 0
Number of asset objects unloaded after import = 0
========================================================================
Received Import Request.
  Time of request: 2026-09-20T00:01:47.3800764Z
  Time since last request: 0.0006566 seconds.
  importAddress: GUID: f7a8357347c80dc69c08d0b1a05e2122 - Path: Packages/com.unity.modules.physics2d/package.json - Importer: ScriptedImporter/UnityEditor.QuickSearchModule:UnityEditor.Search:ASIAI0B
Importing 'GUID: f7a8357347c80dc69c08d0b1a05e2122 - Path: Packages/com.unity.modules.physics2d/package.json - Importer: ScriptedImporter/UnityEditor.QuickSearchModule:UnityEditor.Search:ASIAI0B' with importer (ScriptedImporter : UnityEditor.QuickSearchModule:UnityEditor.Search:ASIAI0B)
Imported 'GUID: f7a8357347c80dc69c08d0b1a05e2122' -> (Import Result ID: '18fecd899da200c0e257e3e0e5764a9d') in 0.004 seconds [static and dynamic dependencies]. Details - ImportResultOutputID=a1377b186981bc7ab67f0087f44dc09b DependenciesID=196850c283ce1977248deb298b3a1757 StaticDependenciesID=7bfa18f4d0f1afa5d1fc9374a79b29d2 
Number of updated asset objects reloaded before import = 0
Number of asset objects unloaded after import = 1
========================================================================
Received Import Request.
  Time of request: 2026-09-20T00:01:47.3848169Z
  Time since last request: 0.0007718 seconds.
  importAddress: GUID: c4095d72f77fbb64ea39b8b3ca246622 - Path: Packages/com.unity.ide.rider/Rider/Editor/RiderScriptEditor.cs - Importer: ScriptedImporter/UnityEditor.QuickSearchModule:UnityEditor.Search:ASIAI0B
Importing 'GUID: c4095d72f77fbb64ea39b8b3ca246622 - Path: Packages/com.unity.ide.rider/Rider/Editor/RiderScriptEditor.cs - Importer: ScriptedImporter/UnityEditor.QuickSearchModule:UnityEditor.Search:ASIAI0B' with importer (ScriptedImporter : UnityEditor.QuickSearchModule:UnityEditor.Search:ASIAI0B)
Imported 'GUID: c4095d72f77fbb64ea39b8b3ca246622' -> (Import Result ID: 'fd52469d4b6afa573f38f7a1a57eae5e') in 0.003 seconds [static and dynamic dependencies]. Details - ImportResultOutputID=bf8f01d52a4abbaa8a0402d84339a2bb DependenciesID=8cc375952e216a7a7055342b823e1029 StaticDependenciesID=c8afa7ff71179f6ef91dd28157874b49 
Number of updated asset objects reloaded before import = 0
Number of asset objects unloaded after import = 0
========================================================================
Received Import Request.
  Time of request: 2026-09-20T00:01:47.3883802Z
  Time since last request: 0.0004703 seconds.
  importAddress: GUID: 8cfde1a59fb35574189691a9de1df93b - Path: Packages/com.unity.ide.rider/Rider/Editor/ProjectGeneration/GUIDProvider.cs - Importer: ScriptedImporter/UnityEditor.QuickSearchModule:UnityEditor.Search:ASIAI0B
Importing 'GUID: 8cfde1a59fb35574189691a9de1df93b - Path: Packages/com.unity.ide.rider/Rider/Editor/ProjectGeneration/GUIDProvider.cs - Importer: ScriptedImporter/UnityEditor.QuickSearchModule:UnityEditor.Search:ASIAI0B' with importer (ScriptedImporter : UnityEditor.QuickSearchModule:UnityEditor.Search:ASIAI0B)
Imported 'GUID: 8cfde1a59fb35574189691a9de1df93b' -> (Import Result ID: '4b35623f656b3d97e5c38ab52efdf3c5') in 0.003 seconds [static and dynamic dependencies]. Details - ImportResultOutputID=33f44e52c3cfb5f716cd4e9599338c94 DependenciesID=12e0c62311c93276f494f08696283b0d StaticDependenciesID=862bf02a1afd6f5013e4c772801c1d81 
Number of updated asset objects reloaded before import = 0
Number of asset objects unloaded after import = 0
========================================================================
Received Import Request.
  Time of request: 2026-09-20T00:01:47.3919053Z
  Time since last request: 0.0004484 seconds.
  importAddress: GUID: 05f7f519769978b79b31d063a7fc6fa1 - Path: Packages/com.unity.modules.unitywebrequestassetbundle/package.json - Importer: ScriptedImporter/UnityEditor.QuickSearchModule:UnityEditor.Search:ASIAI0B
Importing 'GUID: 05f7f519769978b79b31d063a7fc6fa1 - Path: Packages/com.unity.modules.unitywebrequestassetbundle/package.json - Importer: ScriptedImporter/UnityEditor.QuickSearchModule:UnityEditor.Search:ASIAI0B' with importer (ScriptedImporter : UnityEditor.QuickSearchModule:UnityEditor.Search:ASIAI0B)
Imported 'GUID: 05f7f519769978b79b31d063a7fc6fa1' -> (Import Result ID: '80ffb266995874038ee278e4e8e7204d') in 0.002 seconds [static and dynamic dependencies]. Details - ImportResultOutputID=df4a62f358250abf625470880ab2e2d4 DependenciesID=744f6de2c0b4e414582a11f7b05c40b2 StaticDependenciesID=8dd95cdda092e5c6cc0208e437687126 
Number of updated asset objects reloaded before import = 0
Number of asset objects unloaded after import = 1
========================================================================
Received Import Request.
  Time of request: 2026-09-20T00:01:47.3949092Z
  Time since last request: 0.0004598 seconds.
  importAddress: GUID: 1bfe12aa306c0c74db4f4f1a1a0ae5ce - Path: Packages/com.unity.ide.rider/Rider/Editor/PluginSettings.cs - Importer: ScriptedImporter/UnityEditor.QuickSearchModule:UnityEditor.Search:ASIAI0B
Importing 'GUID: 1bfe12aa306c0c74db4f4f1a1a0ae5ce - Path: Packages/com.unity.ide.rider/Rider/Editor/PluginSettings.cs - Importer: ScriptedImporter/UnityEditor.QuickSearchModule:UnityEditor.Search:ASIAI0B' with importer (ScriptedImporter : UnityEditor.QuickSearchModule:UnityEditor.Search:ASIAI0B)
Imported 'GUID: 1bfe12aa306c0c74db4f4f1a1a0ae5ce' -> (Import Result ID: 'd32d7435f715bc532ed38707b321816b') in 0.003 seconds [static and dynamic dependencies]. Details - ImportResultOutputID=6e29e5a9cece7c35ddbfa7269d653baf DependenciesID=b1dacb36e707e37d425cf0e72612a581 StaticDependenciesID=ba6898717c29d1186782d5ba2782c0a3 
Number of updated asset objects reloaded before import = 0
Number of asset objects unloaded after import = 0
========================================================================
Received Import Request.
  Time of request: 2026-09-20T00:01:47.3984392Z
  Time since last request: 0.0007223 seconds.
  importAddress: GUID: f9413c47b3a14a64e8810ce76d1a6032 - Path: Packages/com.unity.ide.rider/Rider/Editor/UnitTesting/TestEvent.cs - Importer: ScriptedImporter/UnityEditor.QuickSearchModule:UnityEditor.Search:ASIAI0B
Importing 'GUID: f9413c47b3a14a64e8810ce76d1a6032 - Path: Packages/com.unity.ide.rider/Rider/Editor/UnitTesting/TestEvent.cs - Importer: ScriptedImporter/UnityEditor.QuickSearchModule:UnityEditor.Search:ASIAI0B' with importer (ScriptedImporter : UnityEditor.QuickSearchModule:UnityEditor.Search:ASIAI0B)
Imported 'GUID: f9413c47b3a14a64e8810ce76d1a6032' -> (Import Result ID: 'b29e96c7161aadf32b2cc751d0a5ed84') in 0.003 seconds [static and dynamic dependencies]. Details - ImportResultOutputID=e607b1678e68ca01f845630a50810e66 DependenciesID=b111c6ab039efa3c7f851621686cb439 StaticDependenciesID=af906d4d2cfc0470af821d2ee2056e13 
Number of updated asset objects reloaded before import = 0
Number of asset objects unloaded after import = 0
========================================================================
Received Import Request.
  Time of request: 2026-09-20T00:01:47.4026983Z
  Time since last request: 0.0005515 seconds.
  importAddress: GUID: aeb8068359664ab5a8d6420381f87510 - Path: Packages/com.unity.ide.rider/Rider/Editor/LogFileOpener.cs - Importer: ScriptedImporter/UnityEditor.QuickSearchModule:UnityEditor.Search:ASIAI0B
Importing 'GUID: aeb8068359664ab5a8d6420381f87510 - Path: Packages/com.unity.ide.rider/Rider/Editor/LogFileOpener.cs - Importer: ScriptedImporter/UnityEditor.QuickSearchModule:UnityEditor.Search:ASIAI0B' with importer (ScriptedImporter : UnityEditor.QuickSearchModule:UnityEditor.Search:ASIAI0B)
Imported 'GUID: aeb8068359664ab5a8d6420381f87510' -> (Import Result ID: 'efe3df7962c50f20f9a9ea050a5333b5') in 0.004 seconds [static and dynamic dependencies]. Details - ImportResultOutputID=94dcf91e96cb0a394b171b8eef067543 DependenciesID=ab2f5b74d3e965d83203f7c193c636e9 StaticDependenciesID=4e3a0a5804bd536e33a898564657a302 
Number of updated asset objects reloaded before import = 0
Number of asset objects unloaded after import = 0
========================================================================
Received Import Request.
  Time of request: 2026-09-20T00:01:47.4075063Z
  Time since last request: 0.0005269 seconds.
  importAddress: GUID: 010246a07de7cb34185a2a7b1c1fad59 - Path: Packages/com.unity.ide.rider/Rider/Editor/UnitTesting/CallbackData.cs - Importer: ScriptedImporter/UnityEditor.QuickSearchModule:UnityEditor.Search:ASIAI0B
Importing 'GUID: 010246a07de7cb34185a2a7b1c1fad59 - Path: Packages/com.unity.ide.rider/Rider/Editor/UnitTesting/CallbackData.cs - Importer: ScriptedImporter/UnityEditor.QuickSearchModule:UnityEditor.Search:ASIAI0B' with importer (ScriptedImporter : UnityEditor.QuickSearchModule:UnityEditor.Search:ASIAI0B)
Imported 'GUID: 010246a07de7cb34185a2a7b1c1fad59' -> (Import Result ID: 'ef0852de3067bc010437e3fb1ad500ff') in 0.003 seconds [static and dynamic dependencies]. Details - ImportResultOutputID=0d22a563b4b3da927f8f3b54890ae58b DependenciesID=7f78484cad056ed3924fed1be9ccb8a5 StaticDependenciesID=9b5b6551646376fa7211cbe8cf01ef85 
Number of updated asset objects reloaded before import = 0
Number of asset objects unloaded after import = 0
========================================================================
Received Import Request.
  Time of request: 2026-09-20T00:01:47.4110555Z
  Time since last request: 0.0005589 seconds.
  importAddress: GUID: e7c145f2cd3c411ca7f50ebc5f5a6d24 - Path: Packages/com.unity.ide.rider/Rider/Editor/StartUpMethodExecutor.cs - Importer: ScriptedImporter/UnityEditor.QuickSearchModule:UnityEditor.Search:ASIAI0B
Importing 'GUID: e7c145f2cd3c411ca7f50ebc5f5a6d24 - Path: Packages/com.unity.ide.rider/Rider/Editor/StartUpMethodExecutor.cs - Importer: ScriptedImporter/UnityEditor.QuickSearchModule:UnityEditor.Search:ASIAI0B' with importer (ScriptedImporter : UnityEditor.QuickSearchModule:UnityEditor.Search:ASIAI0B)
Imported 'GUID: e7c145f2cd3c411ca7f50ebc5f5a6d24' -> (Import Result ID: '63415750079e4cd0c5a740bdae2b5e99') in 0.004 seconds [static and dynamic dependencies]. Details - ImportResultOutputID=370915c36a3fbfce048cb39265a39fdf DependenciesID=675945399a3d329be0309a2fd48e826d StaticDependenciesID=0351e4f1500f0bfa91ee123b7be3f768 
Number of updated asset objects reloaded before import = 0
Number of asset objects unloaded after import = 0
========================================================================
Received Import Request.
  Time of request: 2026-09-20T00:01:47.4166363Z
  Time since last request: 0.0012555 seconds.
  importAddress: GUID: 78af99d0156944f293b020b49a6830c2 - Path: Packages/com.unity.ide.rider/Rider/Editor/ProjectGeneration/ProjectGenerationFlag.cs - Importer: ScriptedImporter/UnityEditor.QuickSearchModule:UnityEditor.Search:ASIAI0B
Importing 'GUID: 78af99d0156944f293b020b49a6830c2 - Path: Packages/com.unity.ide.rider/Rider/Editor/ProjectGeneration/ProjectGenerationFlag.cs - Importer: ScriptedImporter/UnityEditor.QuickSearchModule:UnityEditor.Search:ASIAI0B' with importer (ScriptedImporter : UnityEditor.QuickSearchModule:UnityEditor.Search:ASIAI0B)
Imported 'GUID: 78af99d0156944f293b020b49a6830c2' -> (Import Result ID: '5e4a841373551f6963716bfa30fd4897') in 0.004 seconds [static and dynamic dependencies]. Details - ImportResultOutputID=7dfc18fb5ec266f6bee5f9975bdbb9aa DependenciesID=57f8ac506bffd61013aeb5faacb4f301 StaticDependenciesID=780caff31a5a3fcf8a9b055e56025306 
Number of updated asset objects reloaded before import = 0
Number of asset objects unloaded after import = 0
========================================================================
Received Import Request.
  Time of request: 2026-09-20T00:01:47.4212543Z
  Time since last request: 0.0005413 seconds.
  importAddress: GUID: 7610600f5c83e01041a6fe849d39279f - Path: Packages/com.unity.modules.unitywebrequestassetbundle/package.ModuleCompilationTrigger - Importer: ScriptedImporter/UnityEditor.QuickSearchModule:UnityEditor.Search:ASIAI0B
Importing 'GUID: 7610600f5c83e01041a6fe849d39279f - Path: Packages/com.unity.modules.unitywebrequestassetbundle/package.ModuleCompilationTrigger - Importer: ScriptedImporter/UnityEditor.QuickSearchModule:UnityEditor.Search:ASIAI0B' with importer (ScriptedImporter : UnityEditor.QuickSearchModule:UnityEditor.Search:ASIAI0B)
Imported 'GUID: 7610600f5c83e01041a6fe849d39279f' -> (Import Result ID: '53553394615300be8a97e34a30cdd558') in 0.003 seconds [static and dynamic dependencies]. Details - ImportResultOutputID=a26c515488bceafaa4794992eac3e507 DependenciesID=b3b58dd86f46455ac07e568ca4a6bcf1 StaticDependenciesID=b8d5a093707eed5d33034480f7f691fb 
Number of updated asset objects reloaded before import = 0
Number of asset objects unloaded after import = 1
========================================================================
Received Import Request.
  Time of request: 2026-09-20T00:01:47.424636Z
  Time since last request: 0.0004588 seconds.
  importAddress: GUID: bdbd564a9fdad0b738e76d030cad1204 - Path: Packages/com.unity.ide.rider/Rider/Editor/Util/FileSystemUtil.cs - Importer: ScriptedImporter/UnityEditor.QuickSearchModule:UnityEditor.Search:ASIAI0B
Importing 'GUID: bdbd564a9fdad0b738e76d030cad1204 - Path: Packages/com.unity.ide.rider/Rider/Editor/Util/FileSystemUtil.cs - Importer: ScriptedImporter/UnityEditor.QuickSearchModule:UnityEditor.Search:ASIAI0B' with importer (ScriptedImporter : UnityEditor.QuickSearchModule:UnityEditor.Search:ASIAI0B)
Imported 'GUID: bdbd564a9fdad0b738e76d030cad1204' -> (Import Result ID: 'adb7a2c6d2158b3933811d9ea5958822') in 0.003 seconds [static and dynamic dependencies]. Details - ImportResultOutputID=310f18de24b328e918156abafc6b9e65 DependenciesID=09ffabb6108456cf7a87cefa310936a2 StaticDependenciesID=ba01f350a81beed4b2cacf2e840a37b4 
Number of updated asset objects reloaded before import = 0
Number of asset objects unloaded after import = 0
========================================================================
Received Import Request.
  Time of request: 2026-09-20T00:01:47.4278402Z
  Time since last request: 0.0004907 seconds.
  importAddress: GUID: bc3a27147f944790916176e2172ad506 - Path: Packages/com.unity.ide.rider/Rider/Editor/RiderScriptEditorDataPersisted.cs - Importer: ScriptedImporter/UnityEditor.QuickSearchModule:UnityEditor.Search:ASIAI0B
Importing 'GUID: bc3a27147f944790916176e2172ad506 - Path: Packages/com.unity.ide.rider/Rider/Editor/RiderScriptEditorDataPersisted.cs - Importer: ScriptedImporter/UnityEditor.QuickSearchModule:UnityEditor.Search:ASIAI0B' with importer (ScriptedImporter : UnityEditor.QuickSearchModule:UnityEditor.Search:ASIAI0B)
Imported 'GUID: bc3a27147f944790916176e2172ad506' -> (Import Result ID: 'bac0597805ffadb15a62d573faab0f67') in 0.003 seconds [static and dynamic dependencies]. Details - ImportResultOutputID=4bb7f01b0ab686d0cd18d681b41c644d DependenciesID=20f492131479492ac518d71b0df75e85 StaticDependenciesID=4c7524e7084f0f5def8ba673169823ca 
Number of updated asset objects reloaded before import = 0
Number of asset objects unloaded after import = 0
========================================================================
Received Import Request.
  Time of request: 2026-09-20T00:01:47.431845Z
  Time since last request: 0.0008419 seconds.
  importAddress: GUID: 78e5667e52329c3ceef41288763404ae - Path: Packages/com.unity.modules.vectorgraphics/package.json - Importer: ScriptedImporter/UnityEditor.QuickSearchModule:UnityEditor.Search:ASIAI0B
Importing 'GUID: 78e5667e52329c3ceef41288763404ae - Path: Packages/com.unity.modules.vectorgraphics/package.json - Importer: ScriptedImporter/UnityEditor.QuickSearchModule:UnityEditor.Search:ASIAI0B' with importer (ScriptedImporter : UnityEditor.QuickSearchModule:UnityEditor.Search:ASIAI0B)
Imported 'GUID: 78e5667e52329c3ceef41288763404ae' -> (Import Result ID: '3c7df9fd48ae6512988f1ecaecf09c66') in 0.004 seconds [static and dynamic dependencies]. Details - ImportResultOutputID=86509334a5338826a6fa0f630f799d6f DependenciesID=2f9ea189d252ce2a1511da1707413297 StaticDependenciesID=f57669b0f8b09007ff9e336fd85e5b0a 
Number of updated asset objects reloaded before import = 0
Number of asset objects unloaded after import = 1
========================================================================
Received Import Request.
  Time of request: 2026-09-20T00:01:47.4366052Z
  Time since last request: 0.0006352 seconds.
  importAddress: GUID: b0221f76dde941d492827802c9b7c1f9 - Path: Packages/com.unity.ide.rider/Rider/Editor/Util/StringUtils.cs - Importer: ScriptedImporter/UnityEditor.QuickSearchModule:UnityEditor.Search:ASIAI0B
Importing 'GUID: b0221f76dde941d492827802c9b7c1f9 - Path: Packages/com.unity.ide.rider/Rider/Editor/Util/StringUtils.cs - Importer: ScriptedImporter/UnityEditor.QuickSearchModule:UnityEditor.Search:ASIAI0B' with importer (ScriptedImporter : UnityEditor.QuickSearchModule:UnityEditor.Search:ASIAI0B)
Imported 'GUID: b0221f76dde941d492827802c9b7c1f9' -> (Import Result ID: '13aeef4d478f6adcc719fce4d832f645') in 0.003 seconds [static and dynamic dependencies]. Details - ImportResultOutputID=c953bf7b0960acbfa27a8cfa43a90fb2 DependenciesID=c9c664cecf3e2908cf68c170cddbec02 StaticDependenciesID=b57f465a57aa854de450404e4afcbc6a 
Number of updated asset objects reloaded before import = 0
Number of asset objects unloaded after import = 0
========================================================================
Received Import Request.
  Time of request: 2026-09-20T00:01:47.4404857Z
  Time since last request: 0.0005977 seconds.
  importAddress: GUID: 71bb46b59a9a7a346bbab1e185c723df - Path: Packages/com.unity.ide.rider/Rider/Editor/LoggingLevel.cs - Importer: ScriptedImporter/UnityEditor.QuickSearchModule:UnityEditor.Search:ASIAI0B
Importing 'GUID: 71bb46b59a9a7a346bbab1e185c723df - Path: Packages/com.unity.ide.rider/Rider/Editor/LoggingLevel.cs - Importer: ScriptedImporter/UnityEditor.QuickSearchModule:UnityEditor.Search:ASIAI0B' with importer (ScriptedImporter : UnityEditor.QuickSearchModule:UnityEditor.Search:ASIAI0B)
Imported 'GUID: 71bb46b59a9a7a346bbab1e185c723df' -> (Import Result ID: '6f1282f0bfecaf4cbee64564cbf4b0cc') in 0.004 seconds [static and dynamic dependencies]. Details - ImportResultOutputID=45a93c305d4b1bbc49a7f860b940f76e DependenciesID=ea226400ce65c53333330d11bc7e40dc StaticDependenciesID=93280956ab6ee00af80a624d3ffbeaf4 
Number of updated asset objects reloaded before import = 0
Number of asset objects unloaded after import = 0
========================================================================
Received Import Request.
  Time of request: 2026-09-20T00:01:47.4453618Z
  Time since last request: 0.0005223 seconds.
  importAddress: GUID: 5c3b27069cb3ddf42ba1260eeefcdd1c - Path: Packages/com.unity.ide.rider/Rider/Editor/UnitTesting/RiderTestRunner.cs - Importer: ScriptedImporter/UnityEditor.QuickSearchModule:UnityEditor.Search:ASIAI0B
Importing 'GUID: 5c3b27069cb3ddf42ba1260eeefcdd1c - Path: Packages/com.unity.ide.rider/Rider/Editor/UnitTesting/RiderTestRunner.cs - Importer: ScriptedImporter/UnityEditor.QuickSearchModule:UnityEditor.Search:ASIAI0B' with importer (ScriptedImporter : UnityEditor.QuickSearchModule:UnityEditor.Search:ASIAI0B)
Imported 'GUID: 5c3b27069cb3ddf42ba1260eeefcdd1c' -> (Import Result ID: '1ae7312ed17b17d5fb8c18f93082a915') in 0.004 seconds [static and dynamic dependencies]. Details - ImportResultOutputID=0f972715f6c563ab1031e797c598338e DependenciesID=9aaf9a9824accd3be830008c028fc55c StaticDependenciesID=d2d66a2c24f6c0c2c31f8656a08dceaf 
Number of updated asset objects reloaded before import = 0
Number of asset objects unloaded after import = 0
========================================================================
Received Import Request.
  Time of request: 2026-09-20T00:01:47.4499371Z
  Time since last request: 0.0006952 seconds.
  importAddress: GUID: 32e50e97779a4753a461190076119a99 - Path: Packages/com.unity.ide.rider/Rider/Editor/ProjectGeneration/PackageManagerTracker.cs - Importer: ScriptedImporter/UnityEditor.QuickSearchModule:UnityEditor.Search:ASIAI0B
Importing 'GUID: 32e50e97779a4753a461190076119a99 - Path: Packages/com.unity.ide.rider/Rider/Editor/ProjectGeneration/PackageManagerTracker.cs - Importer: ScriptedImporter/UnityEditor.QuickSearchModule:UnityEditor.Search:ASIAI0B' with importer (ScriptedImporter : UnityEditor.QuickSearchModule:UnityEditor.Search:ASIAI0B)
Imported 'GUID: 32e50e97779a4753a461190076119a99' -> (Import Result ID: '5b27909efecd69a75b359a608694d900') in 0.003 seconds [static and dynamic dependencies]. Details - ImportResultOutputID=9050ada19ac56f55522ffde73eedaa77 DependenciesID=c5f9c4f0278b1656332ac9c56378cafe StaticDependenciesID=94eda7a4233d4367ea7be710d984a4a9 
Number of updated asset objects reloaded before import = 0
Number of asset objects unloaded after import = 0
Editor requested this worker to shutdown with reason: Editor is closing down
AcceleratorClientConnectionCallback - disconnected - :0
Setting up noproxy from UNITY_NOPROXY environment variable. Setting to: localhost,127.0.0.1
Setting up noproxy from UNITY_NOPROXY environment variable. Setting to: localhost,127.0.0.1
Setting up noproxy from UNITY_NOPROXY environment variable. Setting to: localhost,127.0.0.1
Setting up noproxy from UNITY_NOPROXY environment variable. Setting to: localhost,127.0.0.1
Setting up noproxy from UNITY_NOPROXY environment variable. Setting to: localhost,127.0.0.1
Setting up noproxy from UNITY_NOPROXY environment variable. Setting to: localhost,127.0.0.1
Setting up noproxy from UNITY_NOPROXY environment variable. Setting to: localhost,127.0.0.1
Setting up noproxy from UNITY_NOPROXY environment variable. Setting to: localhost,127.0.0.1
Setting up noproxy from UNITY_NOPROXY environment variable. Setting to: localhost,127.0.0.1
Setting up noproxy from UNITY_NOPROXY environment variable. Setting to: localhost,127.0.0.1
AssetImportWorker is now disconnected from the server
Process exiting
[ExitDontLaunchBugReporter] Exiting without the bug reporter. Application will exit with return code 0
