VBCSCompilerPreWarmer: pre-warm launched (dotnet PID 42208)
VBCSCompiler prewarm took 43.38 ms
[Licensing::Module] Trying to connect to existing licensing client channel...
[Licensing::IpcConnector] Successfully connected to: "LicenseClient-bijou" at "2026-09-20T00:00:51.1466462Z"
Built from '6000.6/respin/6000.6.0f1-fa21a270ab12' branch; Version is '6000.6.0f1 (f7f8ed4d1e24) revision 16251117'; Using compiler version '194234433'; Build Type 'Release'
OS: 'Windows 11  (10.0.26200) Core' Language: 'en' Physical Memory: 15791 MB
BatchMode: 0, IsHumanControllingUs: 1, StartBugReporterOnCrash: 1, Is64bit: 1
System  architecture: x64
Process architecture: x64
Date: 2026-09-20T00:00:51Z
[Licensing::Client] Code 10 while verifying Licensing Client signature (process Id: 12076, path: "C:/Program Files/Unity/Hub/Editor/6000.6.0f1/Editor/Data/Resources/Licensing/Client/Unity.Licensing.Client.exe")
[Licensing::Module] LicensingClient has failed validation; ignoring
[Licensing::Client] Handshaking with LicensingClient:
  Version:                 1.18.3+d7ffd15
  Session Id:              af13936161304496a4967f857a2c31a1
  Correlation Id:          331e0d1356866718e55304a078e13b8d
  External correlation Id: 1467835695307554578
  Machine Id:              FV32nWODz2KCFus7cOEsrD4ZGt4=
[Licensing::Module] Successfully connected to LicensingClient on channel: "LicenseClient-bijou" (connect: 0.00s, validation: 0.00s, handshake: 0.11s)
[Licensing::IpcConnector] Successfully connected to: "LicenseClient-bijou-notifications" at "2026-09-20T00:00:51.2634269Z"
[Licensing::Client] Successfully updated the access token
[Licensing::Module] Successfully updated the access token EaT96M-Azh...
[Licensing::Client] Successfully resolved entitlement details
[Licensing::Module] License group:
  Id: 3574455796790-UnityPersXXXX
  Product: Unity Personal
  Type: Assigned
  Expiration: Unlimited
[Licensing::Client] Successfully updated license, isAsync: True, time: 0.00
[Licensing::Client] Successfully resolved entitlement details
[Licensing::Module] Licensing Background thread has ended after 0.13s

COMMAND LINE ARGUMENTS:
C:\Program Files\Unity\Hub\Editor\6000.6.0f1\Editor\Unity.exe
-projectpath
C:\Users\bijou\OneDrive\Documents\GitHub\CART 315\CART315_P1_Pong-main
-acceptSoftwareTermsForThisRunOnly
-useHub
-hubIPC
-cloudEnvironment
production
-licensingIpc
LicenseClient-bijou
-hubSessionId
edc8a894-e90d-4785-b90c-f6ca6330432b
-accessToken
EaT96M-AzheAU5otDPm3Sho5ud6z-pjhnNfujtqG5RM003f
Successfully changed project path to: C:\Users\bijou\OneDrive\Documents\GitHub\CART 315\CART315_P1_Pong-main
C:/Users/bijou/OneDrive/Documents/GitHub/CART 315/CART315_P1_Pong-main
[UnityMemory] Configuration Parameters - Can be set up in boot.config
    "memorysetup-temp-allocator-size-gi-baking-worker=262144"
    "memorysetup-temp-allocator-size-gi-baking-worker=262144"
    "memorysetup-temp-allocator-size-gi-baking-worker=262144"
    "memorysetup-temp-allocator-size-gi-baking-worker=262144"
    "memorysetup-temp-allocator-size-gi-baking-worker=262144"
    "memorysetup-temp-allocator-size-nav-mesh-worker=65536"
    "memorysetup-temp-allocator-size-audio-worker=65536"
    "memorysetup-temp-allocator-size-cloud-worker=32768"
    "memorysetup-temp-allocator-size-gfx=262144"
    "memorysetup-remapper-allocator-initial-capacity=32768"
    "memorysetup-temp-allocator-size-preload-manager=33554432"
    "memorysetup-allocator-temp-initial-block-size-main=262144"
    "memorysetup-allocator-temp-initial-block-size-worker=262144"
    "memorysetup-temp-allocator-size-job-worker=262144"
    "memorysetup-temp-allocator-size-background-worker=32768"
    "memorysetup-bucket-allocator-granularity=16"
    "memorysetup-bucket-allocator-bucket-count=8"
    "memorysetup-bucket-allocator-block-size=33554432"
    "memorysetup-bucket-allocator-block-count=8"
    "memorysetup-main-allocator-block-size=16777216"
    "memorysetup-thread-allocator-block-size=16777216"
    "memorysetup-main-allocator-mimalloc-enabled=1"
    "memorysetup-gfx-main-allocator-block-size=16777216"
    "memorysetup-gfx-thread-allocator-block-size=16777216"
    "memorysetup-cache-allocator-block-size=4194304"
    "memorysetup-typetree-allocator-block-size=2097152"
    "memorysetup-profiler-bucket-allocator-granularity=16"
    "memorysetup-profiler-bucket-allocator-bucket-count=8"
    "memorysetup-profiler-bucket-allocator-block-size=33554432"
    "memorysetup-profiler-bucket-allocator-block-count=8"
    "memorysetup-profiler-allocator-block-size=16777216"
    "memorysetup-profiler-editor-allocator-block-size=1048576"
    "memorysetup-temp-allocator-size-main=16777216"
    "memorysetup-job-temp-allocator-block-size=2097152"
    "memorysetup-job-temp-allocator-block-size-background=1048576"
    "memorysetup-job-temp-allocator-reduction-small-platforms=262144"
Player connection [30632]  Target information:

Player connection [30632]  * "[IP] 192.168.0.13 [Port] 55504 [Flags] 2 [Guid] 1885410000 [EditorId] 1885410000 [Version] 1048832 [Id] WindowsEditor(7,LAPTOP-DLKG6HSR) [Debug] 1 [PackageName] WindowsEditor [ProjectName] Editor" 

Player connection [30632] Host joined multi-casting on [225.0.0.222:54997]...
Player connection [30632] Host joined alternative multi-casting on [225.0.0.222:34997]...
Input System module state changed to: Initialized.
[Physics::Module] Initialized fallback backend.
[Physics::Module] Id: 0xdecafbad
[Package Manager] Connected to IPC stream "Upm-33800" after 0.8 seconds.
[Licensing::Client] Successfully resolved entitlement details
Library Redirect Path: Library/
Rebuilding Library because the asset database could not be found!
Initialising UDS system complete:
  - System type: Client
  - Resource namespace: c824b7d87ec1e62ad3e818eac9294f2d
  - Shared memory size: 1073741824
  - Command buffer id: 1052576
  - Command buffer size: 8192
  - Hashmap size: 4194304
  - Service connected: false
Launching Unity Data Store - C:/Program Files/Unity/Hub/Editor/6000.6.0f1/Editor/Data/Tools/Unity.DataStore.exe 
Unity Data Store artifact dir = Library/DataStore, working dir = C:/Users/bijou/OneDrive/Documents/GitHub/CART 315/CART315_P1_Pong-main[Physics::Module] Selected backend.
[Physics::Module] Name: PhysX
[Physics::Module] Id: 0xf2b8ea05
[Physics::Module] SDK Version: 4.1.2
[Physics::Module] Integration Version: 1.0.0
[Physics::Module] Threading Mode: Multi-Threaded
Unity Data Store running and initialised
Initialize engine version: 6000.6.0f1 (f7f8ed4d1e24)
[EntityIdStore] init: VM path (explicit commit), pageSize=4096, blockCount=1048576, entitiesPerBlock=256, slots reserved=4294967296 bytes
[Subsystems] Discovering subsystems at path C:/Program Files/Unity/Hub/Editor/6000.6.0f1/Editor/Data/Resources/UnitySubsystems
[Subsystems] Discovering subsystems at path C:/Users/bijou/OneDrive/Documents/GitHub/CART 315/CART315_P1_Pong-main/Assets
GfxDevice: creating device client; kGfxThreadingModeThreaded
Direct3D:
    Version:  Direct3D 11.0 [level 11.1]
    Renderer: NVIDIA GeForce RTX 3060 Laptop GPU (ID=0x2520)
    Vendor:   NVIDIA
    VRAM:     5996 MB
    Driver:   32.0.15.6607
Initialize mono
Mono path[0] = 'C:/Program Files/Unity/Hub/Editor/6000.6.0f1/Editor/Data/Managed'
Mono path[1] = 'C:/Program Files/Unity/Hub/Editor/6000.6.0f1/Editor/Data/BCLExtensions/runtime/netstandard2.1'
Mono path[2] = 'C:/Program Files/Unity/Hub/Editor/6000.6.0f1/Editor/Data/MonoBleedingEdge/lib/mono/unityjit-win32'
Mono config path = 'C:/Program Files/Unity/Hub/Editor/6000.6.0f1/Editor/Data/MonoBleedingEdge/etc'
Using monoOptions --debugger-agent=transport=dt_socket,embedding=1,server=y,suspend=n,address=127.0.0.1:56800
CodeReloadManager initialized
ImportWorker Server TCP listen port: 0
AcceleratorClientConnectionCallback - disconnected - :0
Begin MonoManager ReloadAssembly
Registering precompiled unity dll's ...
Register platform support module: C:/Program Files/Unity/Hub/Editor/6000.6.0f1/Editor/Data/PlaybackEngines/WindowsStandaloneSupport/UnityEditor.WindowsStandalone.Extensions.dll
Registered in 0.004376 seconds.
Native extension for WindowsStandalone target not found
Package Manager log level set to [2]
ScheduleIndexationOnStartup MainProcess:False IndexOnStartup:False
Scripting: successfully reloaded assembly
- Finished resetting the current domain, in  2.392 seconds
Domain Reload Profiling: 3853ms
	BeginReloadAssembly (326ms)
		CreateAndSetChildDomain (13ms)
	RebuildCommonClasses (12ms)
	RebuildNativeTypeToScriptingClass (41ms)
	initialDomainReloadingComplete (189ms)
	LoadAllAssembliesAndSetupDomain (890ms)
		LoadAssemblies (302ms)
		TypeCache.Refresh (573ms)
			TypeCache.ScanAssembly (537ms)
		AnalyzeDomain (2ms)
	FinalizeReload (2395ms)
		SetupLoadedEditorAssemblies (0ms)
			LogAssemblyErrors (4ms)
			InitializePlatformSupportModulesInManaged (6ms)
			BeforeProcessingInitializeOnLoad (270ms)
			ProcessInitializeOnLoadAttributes (295ms)
			ProcessInitializeOnLoadMethodAttributes (1242ms)
[Licensing::Client] Successfully resolved entitlement details
Application.AssetDatabase Initial Refresh Start
[Package Manager] The file [C:\Users\bijou\OneDrive\Documents\GitHub\CART 315\CART315_P1_Pong-main\Packages\manifest.json] cannot be found
[Package Manager] The file [C:\Users\bijou\OneDrive\Documents\GitHub\CART 315\CART315_P1_Pong-main\Packages\manifest.json] cannot be found
[Package Manager] The file [C:\Users\bijou\OneDrive\Documents\GitHub\CART 315\CART315_P1_Pong-main\Packages\manifest.json] cannot be found
[Package Manager] Done resolving packages in 8.34 seconds
[Licensing::Client] Successfully resolved entitlement details
[Package Manager] Lock file was modified
[Package Manager] Registered 42 packages:
  Packages from [https://packages.unity.com]:
    com.unity.ide.rider@3.0.38 (location: C:\Users\bijou\OneDrive\Documents\GitHub\CART 315\CART315_P1_Pong-main\Library\PackageCache\com.unity.ide.rider@1f60b3138684)
    com.unity.ide.visualstudio@2.0.26 (location: C:\Users\bijou\OneDrive\Documents\GitHub\CART 315\CART315_P1_Pong-main\Library\PackageCache\com.unity.ide.visualstudio@a99d56dec63f)
  Built-in packages:
    com.unity.modules.accessibility@1.0.0 (location: C:\Users\bijou\OneDrive\Documents\GitHub\CART 315\CART315_P1_Pong-main\Library\PackageCache\com.unity.modules.accessibility)
    com.unity.modules.adaptiveperformance@1.0.0 (location: C:\Users\bijou\OneDrive\Documents\GitHub\CART 315\CART315_P1_Pong-main\Library\PackageCache\com.unity.modules.adaptiveperformance)
    com.unity.modules.ai@1.0.0 (location: C:\Users\bijou\OneDrive\Documents\GitHub\CART 315\CART315_P1_Pong-main\Library\PackageCache\com.unity.modules.ai)
    com.unity.modules.androidjni@1.0.0 (location: C:\Users\bijou\OneDrive\Documents\GitHub\CART 315\CART315_P1_Pong-main\Library\PackageCache\com.unity.modules.androidjni)
    com.unity.modules.animation@1.0.0 (location: C:\Users\bijou\OneDrive\Documents\GitHub\CART 315\CART315_P1_Pong-main\Library\PackageCache\com.unity.modules.animation)
    com.unity.modules.assetbundle@1.0.0 (location: C:\Users\bijou\OneDrive\Documents\GitHub\CART 315\CART315_P1_Pong-main\Library\PackageCache\com.unity.modules.assetbundle)
    com.unity.modules.audio@1.0.0 (location: C:\Users\bijou\OneDrive\Documents\GitHub\CART 315\CART315_P1_Pong-main\Library\PackageCache\com.unity.modules.audio)
    com.unity.modules.cloth@1.0.0 (location: C:\Users\bijou\OneDrive\Documents\GitHub\CART 315\CART315_P1_Pong-main\Library\PackageCache\com.unity.modules.cloth)
    com.unity.modules.director@1.0.0 (location: C:\Users\bijou\OneDrive\Documents\GitHub\CART 315\CART315_P1_Pong-main\Library\PackageCache\com.unity.modules.director)
    com.unity.modules.imageconversion@1.0.0 (location: C:\Users\bijou\OneDrive\Documents\GitHub\CART 315\CART315_P1_Pong-main\Library\PackageCache\com.unity.modules.imageconversion)
    com.unity.modules.imgui@1.0.0 (location: C:\Users\bijou\OneDrive\Documents\GitHub\CART 315\CART315_P1_Pong-main\Library\PackageCache\com.unity.modules.imgui)
    com.unity.modules.jsonserialize@1.0.0 (location: C:\Users\bijou\OneDrive\Documents\GitHub\CART 315\CART315_P1_Pong-main\Library\PackageCache\com.unity.modules.jsonserialize)
    com.unity.modules.particlesystem@1.0.0 (location: C:\Users\bijou\OneDrive\Documents\GitHub\CART 315\CART315_P1_Pong-main\Library\PackageCache\com.unity.modules.particlesystem)
    com.unity.modules.physics@1.0.0 (location: C:\Users\bijou\OneDrive\Documents\GitHub\CART 315\CART315_P1_Pong-main\Library\PackageCache\com.unity.modules.physics)
    com.unity.modules.physics2d@1.0.0 (location: C:\Users\bijou\OneDrive\Documents\GitHub\CART 315\CART315_P1_Pong-main\Library\PackageCache\com.unity.modules.physics2d)
    com.unity.modules.physicscore2d@1.0.0 (location: C:\Users\bijou\OneDrive\Documents\GitHub\CART 315\CART315_P1_Pong-main\Library\PackageCache\com.unity.modules.physicscore2d)
    com.unity.modules.screencapture@1.0.0 (location: C:\Users\bijou\OneDrive\Documents\GitHub\CART 315\CART315_P1_Pong-main\Library\PackageCache\com.unity.modules.screencapture)
    com.unity.modules.terrain@1.0.0 (location: C:\Users\bijou\OneDrive\Documents\GitHub\CART 315\CART315_P1_Pong-main\Library\PackageCache\com.unity.modules.terrain)
    com.unity.modules.terrainphysics@1.0.0 (location: C:\Users\bijou\OneDrive\Documents\GitHub\CART 315\CART315_P1_Pong-main\Library\PackageCache\com.unity.modules.terrainphysics)
    com.unity.modules.tetgen@1.0.0 (location: C:\Users\bijou\OneDrive\Documents\GitHub\CART 315\CART315_P1_Pong-main\Library\PackageCache\com.unity.modules.tetgen)
    com.unity.modules.tilemap@1.0.0 (location: C:\Users\bijou\OneDrive\Documents\GitHub\CART 315\CART315_P1_Pong-main\Library\PackageCache\com.unity.modules.tilemap)
    com.unity.modules.timelinefoundation@1.0.0 (location: C:\Users\bijou\OneDrive\Documents\GitHub\CART 315\CART315_P1_Pong-main\Library\PackageCache\com.unity.modules.timelinefoundation)
    com.unity.modules.ui@1.0.0 (location: C:\Users\bijou\OneDrive\Documents\GitHub\CART 315\CART315_P1_Pong-main\Library\PackageCache\com.unity.modules.ui)
    com.unity.modules.uielements@1.0.0 (location: C:\Users\bijou\OneDrive\Documents\GitHub\CART 315\CART315_P1_Pong-main\Library\PackageCache\com.unity.modules.uielements)
    com.unity.modules.umbra@1.0.0 (location: C:\Users\bijou\OneDrive\Documents\GitHub\CART 315\CART315_P1_Pong-main\Library\PackageCache\com.unity.modules.umbra)
    com.unity.modules.unityanalytics@1.0.0 (location: C:\Users\bijou\OneDrive\Documents\GitHub\CART 315\CART315_P1_Pong-main\Library\PackageCache\com.unity.modules.unityanalytics)
    com.unity.modules.unitywebrequest@1.0.0 (location: C:\Users\bijou\OneDrive\Documents\GitHub\CART 315\CART315_P1_Pong-main\Library\PackageCache\com.unity.modules.unitywebrequest)
    com.unity.modules.unitywebrequestassetbundle@1.0.0 (location: C:\Users\bijou\OneDrive\Documents\GitHub\CART 315\CART315_P1_Pong-main\Library\PackageCache\com.unity.modules.unitywebrequestassetbundle)
    com.unity.modules.unitywebrequestaudio@1.0.0 (location: C:\Users\bijou\OneDrive\Documents\GitHub\CART 315\CART315_P1_Pong-main\Library\PackageCache\com.unity.modules.unitywebrequestaudio)
    com.unity.modules.unitywebrequesttexture@1.0.0 (location: C:\Users\bijou\OneDrive\Documents\GitHub\CART 315\CART315_P1_Pong-main\Library\PackageCache\com.unity.modules.unitywebrequesttexture)
    com.unity.modules.unitywebrequestwww@1.0.0 (location: C:\Users\bijou\OneDrive\Documents\GitHub\CART 315\CART315_P1_Pong-main\Library\PackageCache\com.unity.modules.unitywebrequestwww)
    com.unity.modules.vectorgraphics@1.0.0 (location: C:\Users\bijou\OneDrive\Documents\GitHub\CART 315\CART315_P1_Pong-main\Library\PackageCache\com.unity.modules.vectorgraphics)
    com.unity.modules.vehicles@1.0.0 (location: C:\Users\bijou\OneDrive\Documents\GitHub\CART 315\CART315_P1_Pong-main\Library\PackageCache\com.unity.modules.vehicles)
    com.unity.modules.video@1.0.0 (location: C:\Users\bijou\OneDrive\Documents\GitHub\CART 315\CART315_P1_Pong-main\Library\PackageCache\com.unity.modules.video)
    com.unity.modules.wind@1.0.0 (location: C:\Users\bijou\OneDrive\Documents\GitHub\CART 315\CART315_P1_Pong-main\Library\PackageCache\com.unity.modules.wind)
    com.unity.modules.xr@1.0.0 (location: C:\Users\bijou\OneDrive\Documents\GitHub\CART 315\CART315_P1_Pong-main\Library\PackageCache\com.unity.modules.xr)
    com.unity.modules.subsystems@1.0.0 (location: C:\Users\bijou\OneDrive\Documents\GitHub\CART 315\CART315_P1_Pong-main\Library\PackageCache\com.unity.modules.subsystems)
    com.unity.modules.hierarchycore@1.0.0 (location: C:\Users\bijou\OneDrive\Documents\GitHub\CART 315\CART315_P1_Pong-main\Library\PackageCache\com.unity.modules.hierarchycore)
    com.unity.test-framework@1.8.0 (location: C:\Users\bijou\OneDrive\Documents\GitHub\CART 315\CART315_P1_Pong-main\Library\PackageCache\com.unity.test-framework@7a3849e09bd0)
    com.unity.ext.nunit@2.1.0 (location: C:\Users\bijou\OneDrive\Documents\GitHub\CART 315\CART315_P1_Pong-main\Library\PackageCache\com.unity.ext.nunit@0198eae3b53e)
[Subsystems] No new subsystems found in resolved package list.
[Package Manager] Done registering packages in 0.00 seconds
AcceleratorClientConnectionCallback - disconnected - :0
[API Updater] Processing imported assemblies took 227 ms (0/0 assembly(ies)).
Assembly Updater Post Process Assets time: 0.231905s
[ScriptCompilation] Requested script compilation because: Assembly Definition File(s) changed
[ScriptCompilation] Requested script compilation because: AssetDatabase observed changes in script compilation related files
Starting: C:\Program Files\Unity\Hub\Editor\6000.6.0f1\Editor\Data\Tools\BuildPipeline\bee_backend.exe --ipc --defer-dag-verification --dagfile="Library/Bee/1900b0aE.dag" --continue-on-failure --profile="Library/Bee/backend1.traceevents" ScriptAssemblies
WorkingDir: C:/Users/bijou/OneDrive/Documents/GitHub/CART 315/CART315_P1_Pong-main
ExitCode: 4 Duration: 0s112ms
[             ] Require frontend run.  Library/Bee/1900b0aE.dag couldn't be loaded
Starting: C:\Program Files\Unity\Hub\Editor\6000.6.0f1\Editor\Data\DotNetSdk\dotnet.exe "C:\Program Files\Unity\Hub\Editor\6000.6.0f1\Editor\Data\Tools\BuildPipeline\ScriptCompilationBuildProgram.exe" "Library/Bee/1900b0aE.dag.json" "Library/Bee/1900b0aE-inputdata.json" "Library\Bee\buildprogram0.traceevents"
WorkingDir: C:/Users/bijou/OneDrive/Documents/GitHub/CART 315/CART315_P1_Pong-main
ExitCode: 0 Duration: 0s674ms
Starting: C:\Program Files\Unity\Hub\Editor\6000.6.0f1\Editor\Data\Tools\BuildPipeline\bee_backend.exe --ipc --defer-dag-verification --dagfile="Library/Bee/1900b0aE.dag" --continue-on-failure --dagfilejson="Library\Bee\1900b0aE.dag.json" --profile="Library/Bee/backend2.traceevents" ScriptAssemblies
WorkingDir: C:/Users/bijou/OneDrive/Documents/GitHub/CART 315/CART315_P1_Pong-main
ExitCode: 0 Duration: 6s390ms
Finished compiling graph: 202 nodes, 1079 flattened edges (1051 ToBuild, 8 ToUse), maximum node priority 41
[  1/199    0s] MovedFromExtractor Library/Bee/artifacts/mvdfrm/UnityEditor.ContentLoadModule.dll_F0D7FC81B3DEEABC.mvfrm
[  2/199    0s] MovedFromExtractor Library/Bee/artifacts/mvdfrm/UnityEditor.ClothModule.dll_B05E62D9E5C9F917.mvfrm
[  3/199    0s] MovedFromExtractor Library/Bee/artifacts/mvdfrm/UnityEditor.GenericRemoteModule.dll_7CD7DE2D33032A9A.mvfrm
[  4/199    0s] MovedFromExtractor Library/Bee/artifacts/mvdfrm/UnityEditor.BuildProfileModule.dll_6C6C5987238106C2.mvfrm
[  5/199    0s] MovedFromExtractor Library/Bee/artifacts/mvdfrm/UnityEditor.EmbreeModule.dll_78166392F2BCF32F.mvfrm
[  6/199    0s] MovedFromExtractor Library/Bee/artifacts/mvdfrm/UnityEditor.CoreBusinessMetricsModule.dll_EEFCC6DF498AC781.mvfrm
[  7/199    0s] MovedFromExtractor Library/Bee/artifacts/mvdfrm/UnityEditor.GraphViewModule.dll_C86FF4F841505EC0.mvfrm
[  8/199    0s] WriteText Library/Bee/artifacts/1900b0aE.dag/UnityEngine.TestRunner.rsp2
[  9/199    0s] WriteText Library/Bee/artifacts/1900b0aE.dag/UnityEngine.TestRunner.UnityAdditionalFile.txt
[ 10/199    0s] MovedFromExtractor Library/Bee/artifacts/mvdfrm/UnityEditor.DiagnosticsModule.dll_8E8EBED13C58A209.mvfrm
[ 11/199    0s] MovedFromExtractor Library/Bee/artifacts/mvdfrm/UnityEditor.GraphToolkitModule.dll_88493E3214303547.mvfrm
[ 12/199    0s] MovedFromExtractor Library/Bee/artifacts/mvdfrm/UnityEditor.BurstModule.dll_B26DF7373303321D.mvfrm
[ 13/199    0s] MovedFromExtractor Library/Bee/artifacts/mvdfrm/UnityEditor.EditorToolbarModule.dll_1CD29E244AF4B2EB.mvfrm
[ 14/199    0s] MovedFromExtractor Library/Bee/artifacts/mvdfrm/UnityEditor.DeviceSimulatorModule.dll_976B74FE885B067B.mvfrm
[ 15/199    0s] MovedFromExtractor Library/Bee/artifacts/mvdfrm/UnityEditor.GIModule.dll_666751D2EE97E409.mvfrm
[ 16/199    0s] MovedFromExtractor Library/Bee/artifacts/mvdfrm/UnityEditor.CoreModule.dll_4051978EFE412A26.mvfrm
[ 17/199    0s] MovedFromExtractor Library/Bee/artifacts/mvdfrm/UnityEditor.BuildAnalysisModule.dll_3F1FC5D4733909B7.mvfrm
[ 18/199    0s] MovedFromExtractor Library/Bee/artifacts/mvdfrm/UnityEngine.UIElementsModule.dll_C34CE0EA28577CED.mvfrm
[ 19/199    0s] MovedFromExtractor Library/Bee/artifacts/mvdfrm/UnityEditor.AIModule.dll_CE2B08C552E8FBEF.mvfrm
[ 20/199    0s] MovedFromExtractor Library/Bee/artifacts/mvdfrm/UnityEditor.AdaptivePerformanceModule.dll_6F11CD6523439887.mvfrm
[ 21/199    0s] MovedFromExtractor Library/Bee/artifacts/mvdfrm/UnityEditor.AnimationWindowModule.dll_32CF68D6BDE8F731.mvfrm
[ 22/199    0s] MovedFromExtractor Library/Bee/artifacts/mvdfrm/UnityEditor.AssetComplianceModule.dll_D04684ED0316EAA8.mvfrm
[ 23/199    0s] MovedFromExtractor Library/Bee/artifacts/mvdfrm/UnityEngine.dll_0256361630CAB374.mvfrm
[ 24/199    0s] MovedFromExtractor Library/Bee/artifacts/mvdfrm/UnityEditor.AccessibilityModule.dll_E6D68851D15F019B.mvfrm
[ 25/199    0s] MovedFromExtractor Library/Bee/artifacts/mvdfrm/UnityEngine.GraphicsStateCollectionSerializerModule.dll_BAF52B2911ABB6E8.mvfrm
[ 26/199    0s] MovedFromExtractor Library/Bee/artifacts/mvdfrm/UnityEngine.XRModule.dll_8D9E220C45A2083C.mvfrm
[ 27/199    0s] MovedFromExtractor Library/Bee/artifacts/mvdfrm/UnityEngine.VirtualTexturingModule.dll_BF978659A1C374AF.mvfrm
[ 28/199    0s] MovedFromExtractor Library/Bee/artifacts/mvdfrm/UnityEngine.VehiclesModule.dll_7994B41A980AFF49.mvfrm
[ 29/199    0s] MovedFromExtractor Library/Bee/artifacts/mvdfrm/UnityEngine.WindModule.dll_D9C1460A377D13BA.mvfrm
[ 30/199    0s] MovedFromExtractor Library/Bee/artifacts/mvdfrm/UnityEngine.VideoModule.dll_34AC46ADFFBC667D.mvfrm
[ 31/199    0s] MovedFromExtractor Library/Bee/artifacts/mvdfrm/UnityEngine.VFXModule.dll_370C52C0A3CC28AA.mvfrm
[ 32/199    0s] MovedFromExtractor Library/Bee/artifacts/mvdfrm/UnityEngine.VectorGraphicsModule.dll_B7D121FB0BC12760.mvfrm
[ 33/199    0s] MovedFromExtractor Library/Bee/artifacts/mvdfrm/UnityEngine.UnityWebRequestWWWModule.dll_3A0F2D32BA76CD39.mvfrm
[ 34/199    0s] MovedFromExtractor Library/Bee/artifacts/mvdfrm/UnityEngine.UnityWebRequestTextureModule.dll_BDB8BAF2596DE07D.mvfrm
[ 35/199    0s] MovedFromExtractor Library/Bee/artifacts/mvdfrm/UnityEngine.UnityWebRequestModule.dll_1AA93CCA852F6672.mvfrm
[ 36/199    0s] MovedFromExtractor Library/Bee/artifacts/mvdfrm/UnityEngine.UnityCurlModule.dll_CA1212528BC12553.mvfrm
[ 37/199    0s] MovedFromExtractor Library/Bee/artifacts/mvdfrm/UnityEngine.UnityWebRequestAssetBundleModule.dll_B93E92DF9829BC24.mvfrm
[ 38/199    0s] MovedFromExtractor Library/Bee/artifacts/mvdfrm/UnityEngine.UnityConsentModule.dll_26AB82384FF782D7.mvfrm
[ 39/199    0s] MovedFromExtractor Library/Bee/artifacts/mvdfrm/UnityEngine.UnityWebRequestAudioModule.dll_7020DF9159A085A8.mvfrm
[ 40/199    0s] MovedFromExtractor Library/Bee/artifacts/mvdfrm/UnityEngine.UmbraModule.dll_8A776E5BCA50F64B.mvfrm
[ 41/199    0s] MovedFromExtractor Library/Bee/artifacts/mvdfrm/UnityEngine.UnityConnectModule.dll_5505EB0C42ECEC87.mvfrm
[ 42/199    0s] MovedFromExtractor Library/Bee/artifacts/mvdfrm/Unity.Scripting.dll_29E319F6551CD7FB.mvfrm
[ 43/199    0s] MovedFromExtractor Library/Bee/artifacts/mvdfrm/UnityEngine.UIModule.dll_080D38821AAD3566.mvfrm
[ 44/199    0s] MovedFromExtractor Library/Bee/artifacts/mvdfrm/UnityEngine.UnityAnalyticsCommonModule.dll_936348F6ED1E596E.mvfrm
[ 45/199    0s] MovedFromExtractor Library/Bee/artifacts/mvdfrm/UnityEngine.UnityAnalyticsModule.dll_40295C9025E20313.mvfrm
[ 46/199    0s] MovedFromExtractor Library/Bee/artifacts/mvdfrm/UnityEngine.TimelineFoundationModule.dll_29AA3071D585BCE6.mvfrm
[ 47/199    0s] MovedFromExtractor Library/Bee/artifacts/mvdfrm/UnityEngine.TextRenderingModule.dll_16562345153691A1.mvfrm
[ 48/199    0s] MovedFromExtractor Library/Bee/artifacts/mvdfrm/UnityEngine.TilemapModule.dll_528E08CD3D396AA0.mvfrm
[ 49/199    0s] MovedFromExtractor Library/Bee/artifacts/mvdfrm/UnityEngine.U2DRuntimeModule.dll_8FEAD048F586B703.mvfrm
[ 50/199    0s] MovedFromExtractor Library/Bee/artifacts/mvdfrm/UnityEngine.TextCoreTextEngineModule.dll_6F4CE7D6CAB710CD.mvfrm
[ 51/199    0s] MovedFromExtractor Library/Bee/artifacts/mvdfrm/UnityEngine.SubstanceModule.dll_283572BAB687E8B2.mvfrm
[ 52/199    0s] MovedFromExtractor Library/Bee/artifacts/mvdfrm/UnityEngine.TerrainPhysicsModule.dll_2104949992FDABA4.mvfrm
[ 53/199    0s] MovedFromExtractor Library/Bee/artifacts/mvdfrm/UnityEngine.TLSModule.dll_B62DBA51CD5EBF3D.mvfrm
[ 54/199    0s] MovedFromExtractor Library/Bee/artifacts/mvdfrm/UnityEngine.TextCoreFontEngineModule.dll_2764B1653B3357AF.mvfrm
[ 55/199    0s] MovedFromExtractor Library/Bee/artifacts/mvdfrm/UnityEngine.SubsystemsModule.dll_BF0E7F82252B40F6.mvfrm
[ 56/199    0s] MovedFromExtractor Library/Bee/artifacts/mvdfrm/UnityEngine.TetgenModule.dll_C8165B974D39FB5F.mvfrm
[ 57/199    0s] MovedFromExtractor Library/Bee/artifacts/mvdfrm/UnityEngine.TerrainModule.dll_B391A14C257C8997.mvfrm
[ 58/199    0s] MovedFromExtractor Library/Bee/artifacts/mvdfrm/UnityEngine.SpriteMaskModule.dll_5461192056E358E3.mvfrm
[ 59/199    0s] MovedFromExtractor Library/Bee/artifacts/mvdfrm/UnityEngine.StreamingModule.dll_4B8A5E716B34EAA4.mvfrm
[ 60/199    0s] MovedFromExtractor Library/Bee/artifacts/mvdfrm/UnityEngine.SpriteShapeModule.dll_76E8A02AAD388B5E.mvfrm
[ 61/199    0s] MovedFromExtractor Library/Bee/artifacts/mvdfrm/UnityEngine.RuntimeInitializeOnLoadManagerInitializerModule.dll_3DBF3BBF564211C4.mvfrm
[ 62/199    0s] MovedFromExtractor Library/Bee/artifacts/mvdfrm/UnityEngine.ShaderVariantAnalyticsModule.dll_7E72D8A3053A1BF8.mvfrm
[ 63/199    0s] MovedFromExtractor Library/Bee/artifacts/mvdfrm/UnityEngine.ScriptingModule.dll_AE16C9E79B34E219.mvfrm
[ 64/199    0s] MovedFromExtractor Library/Bee/artifacts/mvdfrm/UnityEngine.ScreenCaptureModule.dll_ED16B13A5DFF11AC.mvfrm
[ 65/199    0s] MovedFromExtractor Library/Bee/artifacts/mvdfrm/UnityEngine.PropertiesModule.dll_986FE5CEA85F27A5.mvfrm
[ 66/199    0s] MovedFromExtractor Library/Bee/artifacts/mvdfrm/UnityEngine.RenderAs2DModule.dll_D9A7A85487B971DC.mvfrm
[ 67/199    0s] MovedFromExtractor Library/Bee/artifacts/mvdfrm/UnityEngine.PhysicsModule.dll_994B25DD4FBE40A9.mvfrm
[ 68/199    0s] MovedFromExtractor Library/Bee/artifacts/mvdfrm/UnityEngine.Physics2DModule.dll_E39B6111BCAA2AFB.mvfrm
[ 69/199    0s] MovedFromExtractor Library/Bee/artifacts/mvdfrm/UnityEngine.PhysicsBackendPhysXModule.dll_09B549A841452E4B.mvfrm
[ 70/199    0s] MovedFromExtractor Library/Bee/artifacts/mvdfrm/UnityEngine.PhysicsCore2DModule.dll_60DB5224A8FC79AA.mvfrm
[ 71/199    0s] MovedFromExtractor Library/Bee/artifacts/mvdfrm/UnityEngine.MultiplayerModule.dll_DD2F8F5CB05DE0CC.mvfrm
[ 72/199    0s] MovedFromExtractor Library/Bee/artifacts/mvdfrm/UnityEngine.ParticleSystemModule.dll_2089EBC679BAB117.mvfrm
[ 73/199    0s] MovedFromExtractor Library/Bee/artifacts/mvdfrm/UnityEngine.PerformanceReportingModule.dll_F8248BB2D335BB10.mvfrm
[ 74/199    0s] MovedFromExtractor Library/Bee/artifacts/mvdfrm/UnityEngine.ManagedKernelModule.dll_95CDB2FE398CB3CE.mvfrm
[ 75/199    0s] MovedFromExtractor Library/Bee/artifacts/mvdfrm/UnityEngine.MarshallingModule.dll_05F01164DBBE80A6.mvfrm
[ 76/199    0s] MovedFromExtractor Library/Bee/artifacts/mvdfrm/UnityEngine.MathematicsModule.dll_829C20A96C0E4A88.mvfrm
[ 77/199    0s] MovedFromExtractor Library/Bee/artifacts/mvdfrm/UnityEngine.JSONSerializeModule.dll_D32F03B54992E54A.mvfrm
[ 78/199    0s] MovedFromExtractor Library/Bee/artifacts/mvdfrm/UnityEngine.InsightsModule.dll_9B98832BA85E7F2D.mvfrm
[ 79/199    0s] MovedFromExtractor Library/Bee/artifacts/mvdfrm/UnityEngine.LocalizationModule.dll_258FA6659168B19B.mvfrm
[ 80/199    0s] MovedFromExtractor Library/Bee/artifacts/mvdfrm/UnityEngine.InputForUIModule.dll_6DE700A995946025.mvfrm
[ 81/199    0s] MovedFromExtractor Library/Bee/artifacts/mvdfrm/UnityEngine.InputModule.dll_761889F3B3626F7C.mvfrm
[ 82/199    0s] MovedFromExtractor Library/Bee/artifacts/mvdfrm/UnityEngine.InputLegacyModule.dll_EECC8DEE8F880945.mvfrm
[ 83/199    0s] MovedFromExtractor Library/Bee/artifacts/mvdfrm/UnityEngine.IMGUIModule.dll_480261AA035BDEB9.mvfrm
[ 84/199    0s] MovedFromExtractor Library/Bee/artifacts/mvdfrm/UnityEngine.ImageConversionModule.dll_090A35207A3ACBF3.mvfrm
[ 85/199    0s] MovedFromExtractor Library/Bee/artifacts/mvdfrm/UnityEngine.HotReloadModule.dll_183E2F26F6E04EE8.mvfrm
[ 86/199    0s] MovedFromExtractor Library/Bee/artifacts/mvdfrm/UnityEngine.IdentifiersModule.dll_3610FAC5BA0F216C.mvfrm
[ 87/199    0s] MovedFromExtractor Library/Bee/artifacts/mvdfrm/UnityEngine.GridModule.dll_40E386CFBE9B2B48.mvfrm
[ 88/199    0s] MovedFromExtractor Library/Bee/artifacts/mvdfrm/UnityEngine.GIModule.dll_A4D5E3625A1517D4.mvfrm
[ 89/199    0s] MovedFromExtractor Library/Bee/artifacts/mvdfrm/UnityEditor.GridAndSnapModule.dll_9847A552BFBD5EF8.mvfrm
[ 90/199    0s] MovedFromExtractor Library/Bee/artifacts/mvdfrm/UnityEngine.HierarchyCoreModule.dll_EA321753B904DDB6.mvfrm
[ 91/199    0s] MovedFromExtractor Library/Bee/artifacts/mvdfrm/UnityEngine.GameCenterModule.dll_6B34A6903573C369.mvfrm
[ 92/199    0s] MovedFromExtractor Library/Bee/artifacts/mvdfrm/UnityEngine.DirectorModule.dll_01D1BA9B1DE12FAE.mvfrm
[ 93/199    0s] MovedFromExtractor Library/Bee/artifacts/mvdfrm/UnityEngine.DSPGraphModule.dll_07231C04904200CF.mvfrm
[ 94/199    0s] MovedFromExtractor Library/Bee/artifacts/mvdfrm/UnityEngine.CrashReportingModule.dll_CD77A27A0BA92589.mvfrm
[ 95/199    0s] MovedFromExtractor Library/Bee/artifacts/mvdfrm/UnityEngine.ClothModule.dll_768B1F3E174729BC.mvfrm
[ 96/199    0s] MovedFromExtractor Library/Bee/artifacts/mvdfrm/UnityEngine.ClusterInputModule.dll_E742DC12F9ECBEA2.mvfrm
[ 97/199    0s] MovedFromExtractor Library/Bee/artifacts/mvdfrm/UnityEngine.ClusterRendererModule.dll_9D18376FF81613FF.mvfrm
[ 98/199    0s] MovedFromExtractor Library/Bee/artifacts/mvdfrm/UnityEngine.ContentLoadModule.dll_F69DCC10C618FB41.mvfrm
[ 99/199    0s] MovedFromExtractor Library/Bee/artifacts/mvdfrm/UnityEngine.CoreModule.dll_63726AE1A6469551.mvfrm
[100/199    0s] MovedFromExtractor Library/Bee/artifacts/mvdfrm/UnityEngine.BurstModule.dll_789AB39B648062C2.mvfrm
[101/199    0s] MovedFromExtractor Library/Bee/artifacts/mvdfrm/UnityEngine.AssetBundleModule.dll_5D8772CFF7965354.mvfrm
[102/199    0s] MovedFromExtractor Library/Bee/artifacts/mvdfrm/UnityEngine.AnimationModule.dll_96F571211BAD3366.mvfrm
[103/199    0s] MovedFromExtractor Library/Bee/artifacts/mvdfrm/UnityEngine.AccessibilityModule.dll_73177A794A5784C0.mvfrm
[104/199    0s] MovedFromExtractor Library/Bee/artifacts/mvdfrm/UnityEngine.AudioModule.dll_0FA2C2433D2A4AD8.mvfrm
[105/199    0s] MovedFromExtractor Library/Bee/artifacts/mvdfrm/UnityEngine.AdaptivePerformanceModule.dll_2FA1621B5E88EB8C.mvfrm
[106/199    0s] MovedFromExtractor Library/Bee/artifacts/mvdfrm/UnityEngine.AndroidJNIModule.dll_40E75C756F32D278.mvfrm
[107/199    0s] MovedFromExtractor Library/Bee/artifacts/mvdfrm/UnityEngine.AIModule.dll_0C999A54BE662FBA.mvfrm
[108/199    0s] MovedFromExtractor Library/Bee/artifacts/mvdfrm/UnityEngine.ARModule.dll_C60C5F581B838E83.mvfrm
[109/199    0s] MovedFromExtractor Library/Bee/artifacts/mvdfrm/UnityEditor.dll_CFB1EF3DD257268F.mvfrm
[110/199    0s] MovedFromExtractor Library/Bee/artifacts/mvdfrm/UnityEditor.XRModule.dll_4F2F907CDA24D471.mvfrm
[111/199    0s] MovedFromExtractor Library/Bee/artifacts/mvdfrm/UnityEditor.VectorGraphicsModule.dll_FCACC05FEFD49355.mvfrm
[112/199    0s] MovedFromExtractor Library/Bee/artifacts/mvdfrm/UnityEditor.VideoModule.dll_6E7F8A49CE3F35D8.mvfrm
[113/199    0s] MovedFromExtractor Library/Bee/artifacts/mvdfrm/UnityEditor.VFXModule.dll_2AEAB06D341C1AA5.mvfrm
[114/199    0s] MovedFromExtractor Library/Bee/artifacts/mvdfrm/UnityEditor.UnityConnectModule.dll_67A666FD4864EBDC.mvfrm
[115/199    0s] MovedFromExtractor Library/Bee/artifacts/mvdfrm/UnityEditor.UmbraModule.dll_C44AB1F798D3C5A6.mvfrm
[116/199    0s] MovedFromExtractor Library/Bee/artifacts/mvdfrm/UnityEditor.UIToolkitAuthoringModule.dll_DC5BCA9F46BC1CA4.mvfrm
[117/199    0s] MovedFromExtractor Library/Bee/artifacts/mvdfrm/UnityEditor.UIAutomationModule.dll_1D0D4877BFF4CF82.mvfrm
[118/199    0s] MovedFromExtractor Library/Bee/artifacts/mvdfrm/UnityEditor.UIBuilderModule.dll_1CF8A214B408D7F4.mvfrm
[119/199    0s] MovedFromExtractor Library/Bee/artifacts/mvdfrm/UnityEditor.UIElementsSamplesModule.dll_CAC5D36F90618DEB.mvfrm
[120/199    0s] MovedFromExtractor Library/Bee/artifacts/mvdfrm/UnityEditor.UIElementsModule.dll_C29E73A2261363A2.mvfrm
[121/199    0s] MovedFromExtractor Library/Bee/artifacts/mvdfrm/UnityEditor.TreeModule.dll_9DFD8C9D8606BF65.mvfrm
[122/199    0s] MovedFromExtractor Library/Bee/artifacts/mvdfrm/UnityEditor.TimelineFoundationModule.dll_AB4AB51EC287FE1B.mvfrm
[123/199    0s] MovedFromExtractor Library/Bee/artifacts/mvdfrm/UnityEditor.TilemapModule.dll_60135022D82A835B.mvfrm
[124/199    0s] MovedFromExtractor Library/Bee/artifacts/mvdfrm/UnityEditor.U2DModule.dll_56C35B5069B87B04.mvfrm
[125/199    0s] MovedFromExtractor Library/Bee/artifacts/mvdfrm/UnityEditor.TextRenderingModule.dll_8A15311D9C3E0E7C.mvfrm
[126/199    0s] MovedFromExtractor Library/Bee/artifacts/mvdfrm/UnityEditor.TextCoreTextEngineModule.dll_F0ED6C83B7B95202.mvfrm
[127/199    0s] MovedFromExtractor Library/Bee/artifacts/mvdfrm/UnityEditor.TextCoreFontEngineModule.dll_A9053612283598E4.mvfrm
[128/199    0s] MovedFromExtractor Library/Bee/artifacts/mvdfrm/UnityEditor.SyntaxTreeModule.dll_0FEF721A7EEB29A8.mvfrm
[129/199    0s] MovedFromExtractor Library/Bee/artifacts/mvdfrm/UnityEditor.SubstanceModule.dll_724F81D1D10836CD.mvfrm
[130/199    0s] MovedFromExtractor Library/Bee/artifacts/mvdfrm/UnityEditor.SpriteShapeModule.dll_7122D09B9AFE7AD9.mvfrm
[131/199    0s] MovedFromExtractor Library/Bee/artifacts/mvdfrm/UnityEditor.TerrainModule.dll_C116E8A1C06DA252.mvfrm
[132/199    0s] MovedFromExtractor Library/Bee/artifacts/mvdfrm/UnityEditor.ShaderCompilationModule.dll_D69435E7736582BB.mvfrm
[133/199    0s] MovedFromExtractor Library/Bee/artifacts/mvdfrm/UnityEditor.SketchUpModule.dll_EECFDD6AE547F43E.mvfrm
[134/199    0s] MovedFromExtractor Library/Bee/artifacts/mvdfrm/UnityEditor.ShaderPreprocessorModule.dll_CBEA3FB5265E6B7B.mvfrm
[135/199    0s] MovedFromExtractor Library/Bee/artifacts/mvdfrm/UnityEditor.ShaderBuildSettingsModule.dll_7738140DF642C9C9.mvfrm
[136/199    0s] MovedFromExtractor Library/Bee/artifacts/mvdfrm/UnityEditor.ShaderFoundryModule.dll_7F51DF256C90D9B1.mvfrm
[137/199    0s] MovedFromExtractor Library/Bee/artifacts/mvdfrm/UnityEditor.SceneViewModule.dll_071FD80036732BCE.mvfrm
[138/199    0s] MovedFromExtractor Library/Bee/artifacts/mvdfrm/UnityEditor.SpriteMaskModule.dll_53B2ABD8549F3F98.mvfrm
[139/199    0s] MovedFromExtractor Library/Bee/artifacts/mvdfrm/UnityEditor.SceneTemplateModule.dll_40720EE249E15D23.mvfrm
[140/199    0s] MovedFromExtractor Library/Bee/artifacts/mvdfrm/UnityEditor.SafeModeModule.dll_06BAF81A9A165827.mvfrm
[141/199    0s] MovedFromExtractor Library/Bee/artifacts/mvdfrm/UnityEditor.QuickSearchModule.dll_199E3FDE952F9E62.mvfrm
[142/199    0s] WriteText Library/Bee/artifacts/1900b0aE.dag/UnityEngine.TestRunner.dll.mvfrm.rsp
[143/199    0s] WriteText Library/Bee/artifacts/1900b0aE.dag/UnityEngine.TestRunner.rsp
[144/199    0s] MovedFromExtractor Library/Bee/artifacts/mvdfrm/UnityEditor.QuickInstallModule.dll_4B4BA7C6650774F5.mvfrm
[145/199    0s] MovedFromExtractor Library/Bee/artifacts/mvdfrm/UnityEditor.PropertiesModule.dll_97C17886A61B0E5A.mvfrm
[146/199    0s] MovedFromExtractor Library/Bee/artifacts/mvdfrm/UnityEditor.PhysicsModule.dll_A6D06D32EAAF5964.mvfrm
[147/199    0s] MovedFromExtractor Library/Bee/artifacts/mvdfrm/UnityEditor.PhysicsCore2DModule.dll_D49A5FFD3003F685.mvfrm
[148/199    0s] MovedFromExtractor Library/Bee/artifacts/mvdfrm/UnityEditor.PlayModeModule.dll_4CAEE9D438DF678E.mvfrm
[149/199    0s] WriteText Library/Bee/artifacts/1900b0aE.dag/UnityEditor.TestRunner.rsp2
[150/199    0s] WriteText Library/Bee/artifacts/1900b0aE.dag/UnityEditor.TestRunner.UnityAdditionalFile.txt
[151/199    0s] MovedFromExtractor Library/Bee/artifacts/mvdfrm/UnityEditor.PresetsUIModule.dll_83D62DDA43A8B6C5.mvfrm
[152/199    0s] WriteText Library/Bee/artifacts/1900b0aE.dag/UnityEditor.TestRunner.dll.mvfrm.rsp
[153/199    0s] WriteText Library/Bee/artifacts/1900b0aE.dag/UnityEditor.TestRunner.rsp
[154/199    0s] WriteText Library/Bee/artifacts/1900b0aE.dag/Unity.VisualStudio.Editor.dll.mvfrm.rsp
[155/199    0s] WriteText Library/Bee/artifacts/1900b0aE.dag/Unity.VisualStudio.Editor.rsp2
[156/199    0s] WriteText Library/Bee/artifacts/1900b0aE.dag/Unity.VisualStudio.Editor.UnityAdditionalFile.txt
[157/199    0s] WriteText Library/Bee/artifacts/1900b0aE.dag/Unity.Rider.Editor.dll.mvfrm.rsp
[158/199    0s] MovedFromExtractor Library/Bee/artifacts/mvdfrm/UnityEditor.ProjectAuditorModule.dll_B01A3490B266E26C.mvfrm
[159/199    0s] WriteText Library/Bee/artifacts/1900b0aE.dag/Unity.Rider.Editor.rsp2
[160/199    0s] WriteText Library/Bee/artifacts/1900b0aE.dag/Unity.Rider.Editor.UnityAdditionalFile.txt
[161/199    0s] WriteResponseFile Library/Bee/artifacts/rsp/3071285868016441895.rsp
[162/199    0s] WriteText Library/Bee/artifacts/1900b0aE.dag/Unity.VisualStudio.Editor.rsp
[163/199    0s] WriteResponseFile Library/Bee/artifacts/rsp/2655319114021734818.rsp
[164/199    0s] WriteText Library/Bee/artifacts/1900b0aE.dag/Unity.Rider.Editor.rsp
[165/199    0s] MovedFromExtractor Library/Bee/artifacts/mvdfrm/UnityEditor.LightingModule.dll_00C26F96ED022153.mvfrm
[166/199    0s] MovedFromExtractor Library/Bee/artifacts/mvdfrm/UnityEditor.HierarchyModule.dll_B5E3FBD3FF2F9D82.mvfrm
[167/199    0s] MovedFromExtractor Library/Bee/artifacts/mvdfrm/UnityEditor.Physics2DModule.dll_2DB57028D72A7916.mvfrm
[168/199    0s] MovedFromExtractor Library/Bee/artifacts/mvdfrm/UnityEditor.MediaModule.dll_15361F7089F9A2C1.mvfrm
[169/199    0s] MovedFromExtractor Library/Bee/artifacts/mvdfrm/UnityEditor.MathematicsModule.dll_7CD6511A59D43A03.mvfrm
[170/199    0s] MovedFromExtractor Library/Bee/artifacts/mvdfrm/UnityEditor.MultiplayerModule.dll_D769BFCD9E23D047.mvfrm
[171/199    0s] MovedFromExtractor Library/Bee/artifacts/mvdfrm/UnityEditor.GridModule.dll_1DC2B37D1695C01D.mvfrm
[172/199    0s] MovedFromExtractor Library/Bee/artifacts/mvdfrm/UnityEditor.GraphicsStateCollectionSerializerModule.dll_B2015E3944AC6D83.mvfrm
[173/199    0s] MovedFromExtractor Library/Bee/artifacts/mvdfrm/UnityEngine.NVIDIAModule.dll_D0277B7A505A0DDD.mvfrm
[174/199    0s] MovedFromExtractor Library/Bee/artifacts/mvdfrm/UnityEditor.WindowsStandalone.Extensions.dll_2B5DC5117BA4DFDA.mvfrm
[175/199    0s] MovedFromExtractor Library/Bee/artifacts/mvdfrm/UnityEngine.HierarchyModule.dll_6BC9ECBCE4AF4F67.mvfrm
[176/199    0s] MovedFromExtractor Library/Bee/artifacts/mvdfrm/UnityEngine.AMDModule.dll_B79DF6ECA62E43EA.mvfrm
[177/199    0s] MovedFromExtractor Library/Bee/artifacts/mvdfrm/UnityEditor.Graphs.dll_FE3AB981DA5A0E58.mvfrm
[178/199    0s] ILPP-Configuration Library/ilpp-configuration.nevergeneratedoutput
[179/199    0s] MovedFromExtractor-Combine Library/Bee/artifacts/1900b0aE.dag/UnityEngine.TestRunner.dll.mvfrm
[179/199    0s] Csc Library/Bee/artifacts/1900b0aE.dag/UnityEngine.TestRunner.dll (+2 others) [CacheHit 0193f45011ca04234ddbc68e1e88da8b00000000000000000000000000000006]
[180/199    0s] Csc Library/Bee/artifacts/1900b0aE.dag/UnityEngine.TestRunner.dll (+2 others)
[182/199    0s] MovedFromExtractor Library/Bee/artifacts/mvdfrm/UnityEngine.TestRunner.ref.dll_E55D0F7C63F01D9E.mvfrm
[183/199    0s] MovedFromExtractor-Combine Library/Bee/artifacts/1900b0aE.dag/UnityEditor.TestRunner.dll.mvfrm
[182/199    0s] Csc Library/Bee/artifacts/1900b0aE.dag/UnityEditor.TestRunner.dll (+2 others) [CacheHit c023b83a59eace5a05aa05ff58d3c3a400000000000000000000000000000006]
[184/199    0s] Csc Library/Bee/artifacts/1900b0aE.dag/UnityEditor.TestRunner.dll (+2 others)
[186/199    0s] ILPostProcess Library/Bee/artifacts/1900b0aE.dag/post-processed/UnityEngine.TestRunner.dll (+pdb)
Processing assembly Library/Bee/artifacts/1900b0aE.dag/UnityEngine.TestRunner.dll, with 149 defines and 287 references

processors: zzzUnity.Burst.CodeGen.BurstILPostProcessor

1 processor(s) skipped this assembly
[187/199    0s] ILPostProcess Library/Bee/artifacts/1900b0aE.dag/post-processed/UnityEditor.TestRunner.dll (+pdb)
Processing assembly Library/Bee/artifacts/1900b0aE.dag/UnityEditor.TestRunner.dll, with 147 defines and 296 references

processors: zzzUnity.Burst.CodeGen.BurstILPostProcessor

1 processor(s) skipped this assembly
[188/199    0s] CopyFiles Library/ScriptAssemblies/UnityEngine.TestRunner.pdb
[189/199    0s] CopyFiles Library/ScriptAssemblies/UnityEngine.TestRunner.dll
[190/199    0s] CopyFiles Library/ScriptAssemblies/UnityEditor.TestRunner.pdb
[191/199    0s] CopyFiles Library/ScriptAssemblies/UnityEditor.TestRunner.dll
[192/199    0s] MovedFromExtractor Library/Bee/artifacts/mvdfrm/UnityEditor.TestRunner.ref.dll_193EC4CE382CBFB3.mvfrm
[193/199    0s] MovedFromExtractor-Combine Library/Bee/artifacts/1900b0aE.dag/Unity.VisualStudio.Editor.dll.mvfrm
[194/199    0s] MovedFromExtractor-Combine Library/Bee/artifacts/1900b0aE.dag/Unity.Rider.Editor.dll.mvfrm
[192/199    0s] Csc Library/Bee/artifacts/1900b0aE.dag/Unity.VisualStudio.Editor.dll (+2 others) [CacheHit cd38e0d0d82e30e7f44377fce0c347a600000000000000000000000000000006]
[195/199    0s] Csc Library/Bee/artifacts/1900b0aE.dag/Unity.VisualStudio.Editor.dll (+2 others)
[193/199    0s] Csc Library/Bee/artifacts/1900b0aE.dag/Unity.Rider.Editor.dll (+2 others) [CacheHit 1f9f20e93bf2280c97b623c0f1b8ae6400000000000000000000000000000006]
[197/199    0s] Csc Library/Bee/artifacts/1900b0aE.dag/Unity.Rider.Editor.dll (+2 others)
[199/199    0s] CopyFiles Library/ScriptAssemblies/Unity.VisualStudio.Editor.pdb
[200/199    0s] CopyFiles Library/ScriptAssemblies/Unity.Rider.Editor.pdb
[201/199    0s] CopyFiles Library/ScriptAssemblies/Unity.Rider.Editor.dll
[202/199    0s] CopyFiles Library/ScriptAssemblies/Unity.VisualStudio.Editor.dll
*** Tundra build success (6.34 seconds), 194 items updated, 199 evaluated
AssetDatabase: script compilation time: 8.170319s
Begin MonoManager ReloadAssembly
Importing 'GUID: 00000000000000001000000000000000 - Path: Assets' with importer (DefaultImporter)
Imported 'GUID: 00000000000000001000000000000000' -> (Import Result ID: '2740a6f043b2b326bdd7512375e96e57') in 0.038 seconds [static dependencies only]. Details - ImportResultOutputID=0bd79294e96b4d95e7775c04af3ef4c2 DependenciesID=5ddfff5767c8d340f2421f4cedfc88ba StaticDependenciesID=3cc2fb38edf9553804fe976b0521b786 
Importing 'GUID: 00000000000000002000000000000000 - Path: ProjectSettings/InputManager.asset' with importer (LibraryAssetImporter)
Imported 'GUID: 00000000000000002000000000000000' -> (Import Result ID: 'd54c3b22344f5659d8f1231ca12dc27f') in 0.002 seconds [static dependencies only]. Details - ImportResultOutputID=6ef5aadfef77827e2c23b904de4fe67c DependenciesID=230c3dc4decdcee345236da146e5ad56 StaticDependenciesID=121b9d84da6e41ec4ab375ad60d25101 
Importing 'GUID: 00000000000000003000000000000000 - Path: ProjectSettings/TagManager.asset' with importer (LibraryAssetImporter)
Imported 'GUID: 00000000000000003000000000000000' -> (Import Result ID: '1e6e7d057cd946b356f9e987cd4b07b3') in 0.002 seconds [static dependencies only]. Details - ImportResultOutputID=f000288eab4d423778547d37d97a06b9 DependenciesID=f89d6d1c173831a02b6d3e26ee30fc12 StaticDependenciesID=908d26d9b786a623216f2dbc8967611d 
Importing 'GUID: 00000000000000004000000000000000 - Path: ProjectSettings/ProjectSettings.asset' with importer (LibraryAssetImporter)
Imported 'GUID: 00000000000000004000000000000000' -> (Import Result ID: '196fe6daa8709b90272f3b46c53c0a60') in 0.002 seconds [static dependencies only]. Details - ImportResultOutputID=054c890a8f4b6dddbea933bc5e4b7df4 DependenciesID=79288f5f15e0cf20f8a04e656ee34824 StaticDependenciesID=8c4ad2cfa4dacd5f3a081cb77b71d0c1 
Importing 'GUID: 00000000000000006000000000000000 - Path: ProjectSettings/AudioManager.asset' with importer (LibraryAssetImporter)
Imported 'GUID: 00000000000000006000000000000000' -> (Import Result ID: '0f7614d2b61231e66ee7f08dc4ae9926') in 0.001 seconds [static dependencies only]. Details - ImportResultOutputID=d41ed101cdcb18327994de285944fd39 DependenciesID=971e702b08573c691c2dabd97b908d9f StaticDependenciesID=78bf59eed39219d4e919165573f8eef1 
Importing 'GUID: 00000000000000007000000000000000 - Path: ProjectSettings/TimeManager.asset' with importer (LibraryAssetImporter)
Imported 'GUID: 00000000000000007000000000000000' -> (Import Result ID: '7e12a84cd7ab56012d9fa64ef2a5a4da') in 0.002 seconds [static dependencies only]. Details - ImportResultOutputID=888360dbe4cb337dfbc4897083ee474b DependenciesID=d13400a85efeabf30011f29052cf7157 StaticDependenciesID=9d73b30445d3b0990b0ddb8080a69504 
Importing 'GUID: 00000000000000008000000000000000 - Path: ProjectSettings/DynamicsManager.asset' with importer (LibraryAssetImporter)
Imported 'GUID: 00000000000000008000000000000000' -> (Import Result ID: '23ddf6fbe10c2b6b5e8bec0228f7ac7e') in 0.001 seconds [static dependencies only]. Details - ImportResultOutputID=f4e5ea74158efa9a7415a6abc5cfeedf DependenciesID=d4c306ea373454e2dcd748eabdb4077a StaticDependenciesID=426956d523914bf9eb4eac107536faaf 
Importing 'GUID: 00000000000000009000000000000000 - Path: ProjectSettings/QualitySettings.asset' with importer (LibraryAssetImporter)
Imported 'GUID: 00000000000000009000000000000000' -> (Import Result ID: 'cfacddb94c7f35942200be5b26936a31') in 0.002 seconds [static dependencies only]. Details - ImportResultOutputID=2a108b3da874f726c62fbe5f12be4a8a DependenciesID=ce94357f9d985fee94e420676a2fe093 StaticDependenciesID=5474af2cf0fa33f587753d1e75f2c1c8 
Importing 'GUID: 0000000000000000b000000000000000 - Path: ProjectSettings/EditorBuildSettings.asset' with importer (LibraryAssetImporter)
Imported 'GUID: 0000000000000000b000000000000000' -> (Import Result ID: '72e6454857aabd9625fb37b5d4ab19c5') in 0.002 seconds [static dependencies only]. Details - ImportResultOutputID=0a89a5c5f492143e0fa186859e17ba6f DependenciesID=770db2f2a6eea813e0a8c0ff64b695e7 StaticDependenciesID=581d8cc28ba5405024945b229dd04bca 
Importing 'GUID: 0000000000000000c000000000000000 - Path: ProjectSettings/EditorSettings.asset' with importer (LibraryAssetImporter)
Imported 'GUID: 0000000000000000c000000000000000' -> (Import Result ID: '7c933e0beadf8ace339c6b8c661dc81a') in 0.002 seconds [static dependencies only]. Details - ImportResultOutputID=9bf1f3a6d7407228d033acb548d88253 DependenciesID=6bb40170ca58bee95a7b250733be5a53 StaticDependenciesID=d061d61168fd9a74717e037458ab8d29 
Importing 'GUID: 00000000000000004100000000000000 - Path: ProjectSettings/NavMeshAreas.asset' with importer (LibraryAssetImporter)
Imported 'GUID: 00000000000000004100000000000000' -> (Import Result ID: '6d45cdfeb1bfb40d77eb18bc05170f5d') in 0.001 seconds [static dependencies only]. Details - ImportResultOutputID=431705ea786ba1fb0433b092fce391ed DependenciesID=006428ac89fa115e63b6f00fffd937e0 StaticDependenciesID=afafb33f82de12e3a954cd98f4797c04 
Importing 'GUID: 00000000000000005100000000000000 - Path: ProjectSettings/Physics2DSettings.asset' with importer (LibraryAssetImporter)
Imported 'GUID: 00000000000000005100000000000000' -> (Import Result ID: 'f1652250d9522d997e858e51811866b0') in 0.001 seconds [static dependencies only]. Details - ImportResultOutputID=d4b28e6b7b96fa6bea7060628c401421 DependenciesID=76eaecec6542fae294fadd0a55b77318 StaticDependenciesID=735d23946e78ba36e471289568abbbab 
Importing 'GUID: 00000000000000006100000000000000 - Path: ProjectSettings/GraphicsSettings.asset' with importer (LibraryAssetImporter)
Imported 'GUID: 00000000000000006100000000000000' -> (Import Result ID: '2b424917b86b4326efce30230a0e1dd7') in 0.001 seconds [static dependencies only]. Details - ImportResultOutputID=a2dcdb8bc9503711bc0f2e2d72cfd36c DependenciesID=4f961b59e9eb7b2ace1507aa2e1bf608 StaticDependenciesID=d1bf73f22f0167ad4cbee6a2cd781f18 
Importing 'GUID: 00000000000000007100000000000000 - Path: ProjectSettings/ClusterInputManager.asset' with importer (LibraryAssetImporter)
Imported 'GUID: 00000000000000007100000000000000' -> (Import Result ID: '8b2639835f617a8cc4a6d5700c2d349c') in 0.001 seconds [static dependencies only]. Details - ImportResultOutputID=588fc89fed83f51a5c1aa7c8db0cdfd8 DependenciesID=d1cf642007960b4b48fd712639d5e706 StaticDependenciesID=8551dfd6d84e41d9986952666a9ba359 
Importing 'GUID: 0000000000000000a100000000000000 - Path: ProjectSettings/UnityConnectSettings.asset' with importer (LibraryAssetImporter)
Imported 'GUID: 0000000000000000a100000000000000' -> (Import Result ID: 'b565bd3d8eb3f4c6401768ad054c044a') in 0.001 seconds [static dependencies only]. Details - ImportResultOutputID=a2c5944bc70168a38041609ba26dc022 DependenciesID=1df078de649543b06cff47dd6e37c19c StaticDependenciesID=b62be061353e764657891ceb3edf75d8 
Importing 'GUID: 0000000000000000b100000000000000 - Path: ProjectSettings/PresetManager.asset' with importer (LibraryAssetImporter)
Imported 'GUID: 0000000000000000b100000000000000' -> (Import Result ID: 'a96645bc3dfaaa3fd6624b6af3cbf7ad') in 0.001 seconds [static dependencies only]. Details - ImportResultOutputID=6bbf2909d22cca2bf12a4801b098b013 DependenciesID=21947c2b285f338af91358dbec501674 StaticDependenciesID=3deada782f54d913ad057dcb2a298072 
Importing 'GUID: 0000000000000000c100000000000000 - Path: ProjectSettings/VFXManager.asset' with importer (LibraryAssetImporter)
Imported 'GUID: 0000000000000000c100000000000000' -> (Import Result ID: '03eb0499df42a4a61a34c0d2fd54e7fc') in 0.002 seconds [static dependencies only]. Details - ImportResultOutputID=f89698b22875eebc454842245beb374c DependenciesID=1c60a66083b27041e66a3984e2648ca5 StaticDependenciesID=fb20715fce8835e3fbcdfece855d8c20 
Importing 'GUID: 0000000000000000d100000000000000 - Path: ProjectSettings/VersionControlSettings.asset' with importer (LibraryAssetImporter)
Imported 'GUID: 0000000000000000d100000000000000' -> (Import Result ID: '3e83132be3119f6d54f790f3f2e69c30') in 0.001 seconds [static dependencies only]. Details - ImportResultOutputID=fe7ea0ac71117227a6d09fba509747a9 DependenciesID=7d2bdc5d73a279af664e1fab02935448 StaticDependenciesID=84a73b2c199e7b6cd4d5a5a807690cd5 
Importing 'GUID: 0000000000000000f100000000000000 - Path: ProjectSettings/MemorySettings.asset' with importer (LibraryAssetImporter)
Imported 'GUID: 0000000000000000f100000000000000' -> (Import Result ID: '363ed5e7b1a76b0d9be70c126ddd68d6') in 0.001 seconds [static dependencies only]. Details - ImportResultOutputID=bc4e563a9c6fd2d5b4495e4db9c0cc0a DependenciesID=8d4957beda44c649eca15614de97dfbd StaticDependenciesID=a036f858cdc5b11b43d3059eda0534a1 
Importing 'GUID: 00000000000000000200000000000000 - Path: ProjectSettings/MultiplayerManager.asset' with importer (LibraryAssetImporter)
Imported 'GUID: 00000000000000000200000000000000' -> (Import Result ID: '333e9487201c67eebf53d6bf32ba5cdd') in 0.001 seconds [static dependencies only]. Details - ImportResultOutputID=0f99ec37a18b74b8746d5bfd6ca7ca98 DependenciesID=f4ea9893daa7c737bf136b994f0d93e3 StaticDependenciesID=62f4092d43bb367de83e94b1107c958a 
Importing 'GUID: 00000000000000001200000000000000 - Path: ProjectSettings/PhysicsCoreProjectSettings2D.asset' with importer (LibraryAssetImporter)
Imported 'GUID: 00000000000000001200000000000000' -> (Import Result ID: '990209b38044adfcfcf62e5b91ce1492') in 0.001 seconds [static dependencies only]. Details - ImportResultOutputID=fdcbf67861d1bc63eeeff8a918d0a8f1 DependenciesID=36b714542e13086a81b86f10149adff5 StaticDependenciesID=60cad0a1014b5338d21435bab7167415 
Importing 'GUID: 00000000000000002300000000000000 - Path: Library/BuildInstructions' with importer (DefaultImporter)
Imported 'GUID: 00000000000000002300000000000000' -> (Import Result ID: 'a80670de179e9c16064fd8e990e76876') in 0.001 seconds [static dependencies only]. Details - ImportResultOutputID=f125fbf11ce4ab979114dbed2f4fa98b DependenciesID=767c01dfc0924be3719004476dc4df22 StaticDependenciesID=e445e0bffc1e4a1d2bd6a79525da9468 
Importing 'GUID: c060426bfd6e82575228df6656368eaa - Path: Packages/com.unity.modules.imgui' with importer (DefaultImporter)
Imported 'GUID: c060426bfd6e82575228df6656368eaa' -> (Import Result ID: '682d49718337f9e8ad0c1953342b952a') in 0.001 seconds [static dependencies only]. Details - ImportResultOutputID=f5fc001a1ad129788ee2159d776db60d DependenciesID=6764ce33a9e0cede05d0ddf1e96d75b9 StaticDependenciesID=2e56775f807a7b7fbf419a5f33245a15 
Importing 'GUID: 1158e311a3101950348dcecb1bebc42d - Path: Packages/com.unity.modules.animation' with importer (DefaultImporter)
Imported 'GUID: 1158e311a3101950348dcecb1bebc42d' -> (Import Result ID: '1cb0286f7bb4c7d360b6caf15ede32b0') in 0.001 seconds [static dependencies only]. Details - ImportResultOutputID=97d562cce453a32c309d667bce4112d1 DependenciesID=52f4022a640f0eac7e51a897036d8e8d StaticDependenciesID=e943035d232a48aff280a6118f5ffaef 
Importing 'GUID: 515638b803bef8599dbd6d5c8bdaa53e - Path: Packages/com.unity.modules.xr' with importer (DefaultImporter)
Imported 'GUID: 515638b803bef8599dbd6d5c8bdaa53e' -> (Import Result ID: 'c863a302c93da23f9b787b182838053f') in 0.001 seconds [static dependencies only]. Details - ImportResultOutputID=4abc2d12d7cb863eccc06f40fa668046 DependenciesID=7cda08148d34c645c546687368e4e331 StaticDependenciesID=d7b74c9ab0bacc304e199bd48aac46ea 
Importing 'GUID: b219c86ce508e478367c0a46e1aa9fe4 - Path: Packages/com.unity.modules.assetbundle' with importer (DefaultImporter)
Imported 'GUID: b219c86ce508e478367c0a46e1aa9fe4' -> (Import Result ID: 'd579235fe42056f50dec7b5f78e8418d') in 0.001 seconds [static dependencies only]. Details - ImportResultOutputID=3b865eb0e861e2684118da921a42770f DependenciesID=b34e02bc9610c79a0e3caf9966c9109c StaticDependenciesID=c50e91621288bc046ceef15624b81bd8 
Importing 'GUID: 04c6898809c37620ac863cc2a5d7c4d0 - Path: Packages/com.unity.modules.vectorgraphics' with importer (DefaultImporter)
Imported 'GUID: 04c6898809c37620ac863cc2a5d7c4d0' -> (Import Result ID: 'd21bec1616e53d255574d9cd0201e3f9') in 0.001 seconds [static dependencies only]. Details - ImportResultOutputID=98c0b597d8afa397b819beb7a43f5fac DependenciesID=6667ea3006c4561dd0dfaf5412302ccf StaticDependenciesID=88905f6b6cdccd2cb95e2927cc1a3df1 
Importing 'GUID: 5469ef0820152a4ae45d400fdc4626e4 - Path: Packages/com.unity.modules.screencapture' with importer (DefaultImporter)
Imported 'GUID: 5469ef0820152a4ae45d400fdc4626e4' -> (Import Result ID: 'e0014a8d499b436e2e372ff968958bc9') in 0.001 seconds [static dependencies only]. Details - ImportResultOutputID=93e2e0095437a3f0b6c6f329c875f5e8 DependenciesID=836be4a1c8e0478ac67837d8b35ecfc4 StaticDependenciesID=9fea1899b8e13368a8f75cb958effa91 
Importing 'GUID: c4df1124e2787ee0c8d1a911de17ee73 - Path: Packages/com.unity.modules.cloth' with importer (DefaultImporter)
Imported 'GUID: c4df1124e2787ee0c8d1a911de17ee73' -> (Import Result ID: '90d1e803345d162d9893c4276810bdda') in 0.001 seconds [static dependencies only]. Details - ImportResultOutputID=0b75edd4713af0c60b6538f3fc21bbac DependenciesID=8e3da12c7bafcf02c47b26114c4da198 StaticDependenciesID=13465632f2451e2958f144130c30ea24 
Importing 'GUID: 25151ed74dce0c18857ead186416ac0c - Path: Packages/com.unity.modules.tetgen' with importer (DefaultImporter)
Imported 'GUID: 25151ed74dce0c18857ead186416ac0c' -> (Import Result ID: 'ad3d3ff065b099f3d3d989c01a95b76e') in 0.001 seconds [static dependencies only]. Details - ImportResultOutputID=7135452d37129296f8f5f522edc0cf0e DependenciesID=e34149d0dd79a755583c28b3d97cab01 StaticDependenciesID=fca226df487fba45a034e6c70bc853ff 
Importing 'GUID: 850c54ee0b9e1aa740b1c67792eb1f26 - Path: Packages/com.unity.modules.imageconversion' with importer (DefaultImporter)
Imported 'GUID: 850c54ee0b9e1aa740b1c67792eb1f26' -> (Import Result ID: 'af90ed7476409e3905a496d14f73b0b3') in 0.001 seconds [static dependencies only]. Details - ImportResultOutputID=25e734cd17db43fca0a5646b579b21a1 DependenciesID=90c0129b19f84391f2419c00975c86bf StaticDependenciesID=b48e8f51d07b36dd8eb41f52bf2ba024 
Importing 'GUID: 95f85adeda79e994f011eb2152cf4fc9 - Path: Packages/com.unity.modules.terrainphysics' with importer (DefaultImporter)
Imported 'GUID: 95f85adeda79e994f011eb2152cf4fc9' -> (Import Result ID: 'a2645d29d8b6e7ce765b0a71c8fde07a') in 0.002 seconds [static dependencies only]. Details - ImportResultOutputID=2de9e307301bed78f620e1b3216ab46d DependenciesID=489c13d7d5dbf10040e5b19d47780b8f StaticDependenciesID=07ff05ffd577d0ee9d59cccee746e97e 
Importing 'GUID: c522a644a29fcab2eaf63298c118a65b - Path: Packages/com.unity.modules.unitywebrequest' with importer (DefaultImporter)
Imported 'GUID: c522a644a29fcab2eaf63298c118a65b' -> (Import Result ID: '35a749b2771ad0b4b5b34b5d03bd8927') in 0.001 seconds [static dependencies only]. Details - ImportResultOutputID=42d17fa5e199085b5ebf5fe43fc0c3d6 DependenciesID=ce37d507f238dcd94a9d3e589600c542 StaticDependenciesID=7efec60060c890ac0bae1bf9ffddf104 
Importing 'GUID: d5f0b0adc6826e9dd3b72e292e8438be - Path: Packages/com.unity.modules.unitywebrequestassetbundle' with importer (DefaultImporter)
Imported 'GUID: d5f0b0adc6826e9dd3b72e292e8438be' -> (Import Result ID: 'b0bf9ebd083072b9d2772ff760b138a0') in 0.001 seconds [static dependencies only]. Details - ImportResultOutputID=0d6659e8e2d823a2c3b0031d1bb70f46 DependenciesID=adc45c23fabcf57940d4f0557c73390d StaticDependenciesID=72ff8d7bce36ab98adec41c76a73ca55 
Importing 'GUID: 56b94a5b6990c879bb0f057719d1064b - Path: Packages/com.unity.modules.subsystems' with importer (DefaultImporter)
Imported 'GUID: 56b94a5b6990c879bb0f057719d1064b' -> (Import Result ID: '1e1cac68e3dc83406039b3e43f583f41') in 0.001 seconds [static dependencies only]. Details - ImportResultOutputID=591e9811461758a92a9a5eebd6cecb29 DependenciesID=5d1820edfdde2b2d4fabcc25ffb06c61 StaticDependenciesID=8646805af60443a28f57ca14888394d2 
Importing 'GUID: d6c6a000a805f00649b36b542e8426c2 - Path: Packages/com.unity.modules.unityanalytics' with importer (DefaultImporter)
Imported 'GUID: d6c6a000a805f00649b36b542e8426c2' -> (Import Result ID: 'fc2791e35f078eae4b236800632f7916') in 0.001 seconds [static dependencies only]. Details - ImportResultOutputID=404c94bd647a52d20e25d58febc853db DependenciesID=53973ece9e77b50e0b665c02b5f9cf61 StaticDependenciesID=07ccf3242da58ddd33f9f34377a02471 
Importing 'GUID: d6db7caf2e852b75ebb9c6098418179c - Path: Packages/com.unity.modules.physics' with importer (DefaultImporter)
Imported 'GUID: d6db7caf2e852b75ebb9c6098418179c' -> (Import Result ID: '9421eab3ec98d72e486581695fe386a6') in 0.001 seconds [static dependencies only]. Details - ImportResultOutputID=d99447c570abb9a9d540ac85d945527e DependenciesID=1576c1ebbc2e43cb8cd783a66da88e02 StaticDependenciesID=439d4caa592175ac26fb77639f400716 
Importing 'GUID: 376c84ea405e0f2b80562c23bb977216 - Path: Packages/com.unity.modules.physics2d' with importer (DefaultImporter)
Imported 'GUID: 376c84ea405e0f2b80562c23bb977216' -> (Import Result ID: '46fcc1a3300c8fe45a973eefc3817c4d') in 0.001 seconds [static dependencies only]. Details - ImportResultOutputID=76abd9b5f9d9723c46af1bb476315b64 DependenciesID=c7cdb6995e1fd6f8bb262dc47a15263a StaticDependenciesID=9eb03461e036054c251ca5627068ed0b 
Importing 'GUID: b77b1ad9c05af0412725856c6c53b037 - Path: Packages/com.unity.modules.wind' with importer (DefaultImporter)
Imported 'GUID: b77b1ad9c05af0412725856c6c53b037' -> (Import Result ID: 'b022eb5c72de662c91deef513e2b9f9e') in 0.001 seconds [static dependencies only]. Details - ImportResultOutputID=0a486d2f85568b494a776277e829c892 DependenciesID=0b0cf31f8861a80454670ca002b592f5 StaticDependenciesID=d099c1903e87c349148c1cd2a049849c 
Importing 'GUID: c72c70ec0dc14895c2a062d690485576 - Path: Packages/com.unity.test-framework' with importer (DefaultImporter)
Imported 'GUID: c72c70ec0dc14895c2a062d690485576' -> (Import Result ID: 'c2e37b6dd33afc93bd441c5b2e04aca2') in 0.001 seconds [static dependencies only]. Details - ImportResultOutputID=860856971941c6002997bd0301743dca DependenciesID=9c16e414711a5b87739efa699d3ccb36 StaticDependenciesID=834dcc71b6307b2d9cef8e0fe10a93a4 
Importing 'GUID: 2808ba6bccb2478ec9c7209d8bf1f3cc - Path: Packages/com.unity.modules.uielements' with importer (DefaultImporter)
Imported 'GUID: 2808ba6bccb2478ec9c7209d8bf1f3cc' -> (Import Result ID: '153312f574ed1d0674a499dcf69f6e2e') in 0.001 seconds [static dependencies only]. Details - ImportResultOutputID=12cb061fd9999a181bc535c6b37ba619 DependenciesID=3775b7c3743238b3a9049dc6ee9ac479 StaticDependenciesID=c9f81fd34bb8d67e782b0e178c6451fc 
Importing 'GUID: 38e3a8976f0b9c586b6dfbcef4e4066c - Path: Packages/com.unity.modules.unitywebrequestaudio' with importer (DefaultImporter)
Imported 'GUID: 38e3a8976f0b9c586b6dfbcef4e4066c' -> (Import Result ID: 'c619ed6d867c9697591f0aa25aa34bdb') in 0.001 seconds [static dependencies only]. Details - ImportResultOutputID=d1f3114c05e2cb5c6a5bb7e50160fe1d DependenciesID=20f019fc40094542b06406247fc1855f StaticDependenciesID=7ccd079c63a61d87ddc0234b9358de49 
Importing 'GUID: 48b10b41f58d5b49717f376cda59eeb8 - Path: Packages/com.unity.modules.particlesystem' with importer (DefaultImporter)
Imported 'GUID: 48b10b41f58d5b49717f376cda59eeb8' -> (Import Result ID: 'bd6c81b6eb8c41828acf5ad24d7db931') in 0.001 seconds [static dependencies only]. Details - ImportResultOutputID=6f138f103c8fc43882742e06d06ccf40 DependenciesID=48ae7ef00f9ac721edcdfad9583a1295 StaticDependenciesID=cdb9aa2fff4a61118cb0122aeb860ec7 
Importing 'GUID: 783ee1c8fd4414848db1be97aacf44fb - Path: Packages/com.unity.modules.accessibility' with importer (DefaultImporter)
Imported 'GUID: 783ee1c8fd4414848db1be97aacf44fb' -> (Import Result ID: 'd97fd9100026c83b7eab6442b35a6dfe') in 0.001 seconds [static dependencies only]. Details - ImportResultOutputID=b1a6fb629863cf49412e01a1187bce30 DependenciesID=ab378ab1f895b7da7c274adfb847146d StaticDependenciesID=1820134102485c8dcf06b8f28d566909 
Importing 'GUID: 09e28640d754a611467eebfb261ed749 - Path: Packages/com.unity.modules.tilemap' with importer (DefaultImporter)
Imported 'GUID: 09e28640d754a611467eebfb261ed749' -> (Import Result ID: '91f01c3ec1303f55e7d4d2c1a39ad2ff') in 0.001 seconds [static dependencies only]. Details - ImportResultOutputID=1afeb32cfcaea483a8ff5041a15448c3 DependenciesID=2d2742a7c503aead8d80bb8a9db947f7 StaticDependenciesID=021b3676001985a689c476087d878f4b 
Importing 'GUID: 39728903e57c60021f80449a8bbc0096 - Path: Packages/com.unity.modules.ui' with importer (DefaultImporter)
Imported 'GUID: 39728903e57c60021f80449a8bbc0096' -> (Import Result ID: 'e4a206413ae403e264c1310773f95923') in 0.001 seconds [static dependencies only]. Details - ImportResultOutputID=b3a99ae549e12123977db11a77fa6dc8 DependenciesID=29c98a9193e31f636bb291b540413632 StaticDependenciesID=64b148cd46a70c82ade3f7e7b5c1a3d8 
Importing 'GUID: 995c08a3305ff9f0dab5e86f340bd9a7 - Path: Packages/com.unity.modules.androidjni' with importer (DefaultImporter)
Imported 'GUID: 995c08a3305ff9f0dab5e86f340bd9a7' -> (Import Result ID: '8d9fec0caa5ce7e5f68a6ab541c3002d') in 0.001 seconds [static dependencies only]. Details - ImportResultOutputID=41e43b0974a24d3349dec4b773ad496c DependenciesID=90c06ce69692aae6d8a89fd575a47967 StaticDependenciesID=42ecc5ca78b6c08022d64898942ebc42 
Importing 'GUID: b975297a992381c1f3257d0e96892c8a - Path: Packages/com.unity.modules.adaptiveperformance' with importer (DefaultImporter)
Imported 'GUID: b975297a992381c1f3257d0e96892c8a' -> (Import Result ID: '5dd5375c68fa3e6abf2dd2eab8f3129b') in 0.001 seconds [static dependencies only]. Details - ImportResultOutputID=0cd6330dcea8a5bd6d28730f133919ed DependenciesID=0ff1fb351239dca6cd6b0fbaafdc6d08 StaticDependenciesID=992c185302a1e43be8290147a49a88b4 
Importing 'GUID: f9f63097209c6bab2b6e9dfd4032a134 - Path: Packages/com.unity.ide.rider' with importer (DefaultImporter)
Imported 'GUID: f9f63097209c6bab2b6e9dfd4032a134' -> (Import Result ID: 'eb59597365413c6de3d7289bc7fd30c2') in 0.001 seconds [static dependencies only]. Details - ImportResultOutputID=2d229295d81b5623fd2d00a33a952e80 DependenciesID=cef6e249dd830d3155389df75f36a654 StaticDependenciesID=29f2d8a37ef0c15c117534e2958d346c 
Importing 'GUID: cae78bb88f8c8675e30d16908805e79d - Path: Packages/com.unity.modules.timelinefoundation' with importer (DefaultImporter)
Imported 'GUID: cae78bb88f8c8675e30d16908805e79d' -> (Import Result ID: 'ea0e075dc8747fa2dad92aa60a98d1eb') in 0.002 seconds [static dependencies only]. Details - ImportResultOutputID=35905693e3216167cee053e3e1b8184e DependenciesID=8f823fd19bdbf3d450ef6f4a3159c9b1 StaticDependenciesID=b16c0b43e2d1595a5fdf54aaaf0e3f3e 
Importing 'GUID: 6b81377a4453ba7362eb3322f9bcc6c6 - Path: Packages/com.unity.modules.hierarchycore' with importer (DefaultImporter)
Imported 'GUID: 6b81377a4453ba7362eb3322f9bcc6c6' -> (Import Result ID: '8053c8d7db29af5fb0397e31dc86d875') in 0.001 seconds [static dependencies only]. Details - ImportResultOutputID=b0f4c945e5b6d2aa74b5842b405198e4 DependenciesID=c32b8cafebbc9f2d375525771f4ac028 StaticDependenciesID=49f6e71f33c0322e78878928ccd547ff 
Importing 'GUID: 1cf2469083ffa484da4d78dd70d708e8 - Path: Packages/com.unity.modules.vehicles' with importer (DefaultImporter)
Imported 'GUID: 1cf2469083ffa484da4d78dd70d708e8' -> (Import Result ID: '1fd876edd6f47d29c67cb20ce78b5deb') in 0.001 seconds [static dependencies only]. Details - ImportResultOutputID=d37813053da7924b8632088a8e5223e5 DependenciesID=bcdfeb2afe71922b0a0805d74914b039 StaticDependenciesID=7979be20ea7bbdb7a5df1132be287211 
Importing 'GUID: 9c7c268fa6492449654839df69f2a2f4 - Path: Packages/com.unity.modules.umbra' with importer (DefaultImporter)
Imported 'GUID: 9c7c268fa6492449654839df69f2a2f4' -> (Import Result ID: '00805290f3f96867e214b997460f75b1') in 0.001 seconds [static dependencies only]. Details - ImportResultOutputID=5992b0bcc1e4bb97278147d3456844ab DependenciesID=2d6c43174266d7992d49b52cac077ded StaticDependenciesID=8676463a2677bf46e4389aef917bc42c 
Importing 'GUID: dcc8c6e92b172a65719af5ddf47dd968 - Path: Packages/com.unity.modules.unitywebrequestwww' with importer (DefaultImporter)
Imported 'GUID: dcc8c6e92b172a65719af5ddf47dd968' -> (Import Result ID: '961b8fd983d26f856fd78b91f0db379c') in 0.001 seconds [static dependencies only]. Details - ImportResultOutputID=b884c6996f4168ec055a21bc3df6135a DependenciesID=dc4e5fb8a9d3128049bde219dbc5f1bc StaticDependenciesID=1629687512ed27ed8fceaf1d8e76b02a 
Importing 'GUID: fc3a810351931f5e6183e16b9beb5563 - Path: Packages/com.unity.modules.jsonserialize' with importer (DefaultImporter)
Imported 'GUID: fc3a810351931f5e6183e16b9beb5563' -> (Import Result ID: '4c717e052ed35040b01181b8aeeabdce') in 0.001 seconds [static dependencies only]. Details - ImportResultOutputID=3becf28e3d8c6fcaad27baf9eff49eb7 DependenciesID=848cd90e9b19286877089217404f8606 StaticDependenciesID=36176ea3334c5c247398aca84b71bb81 
Importing 'GUID: 2d142b475fbfb8cf12ba3a795194300a - Path: Packages/com.unity.modules.director' with importer (DefaultImporter)
Imported 'GUID: 2d142b475fbfb8cf12ba3a795194300a' -> (Import Result ID: '8cbf287d051a321e64fdde141fecf2a9') in 0.001 seconds [static dependencies only]. Details - ImportResultOutputID=8da594cb73801a0203564c7a50c97887 DependenciesID=d733690a82e2a88fcdc8788c20ac6bed StaticDependenciesID=05b9aad4695553017a56b0bac923cae0 
Importing 'GUID: 2d6ba5cbe47e6ad3c87474c56174d4e0 - Path: Packages/com.unity.modules.audio' with importer (DefaultImporter)
Imported 'GUID: 2d6ba5cbe47e6ad3c87474c56174d4e0' -> (Import Result ID: 'b5aa5d11b09542a046a40d1b9836ff98') in 0.001 seconds [static dependencies only]. Details - ImportResultOutputID=e6811b686232d75db22bc2980b93bbaf DependenciesID=6751c7af021b92ac82702bc31f5cbdd7 StaticDependenciesID=c2d0f4358e023c44cf92941866870ca5 
Importing 'GUID: ede0462698a4a5643aa9872c074acd38 - Path: Packages/com.unity.modules.video' with importer (DefaultImporter)
Imported 'GUID: ede0462698a4a5643aa9872c074acd38' -> (Import Result ID: '11a9afcfbe909c604b4f4fd82ecd1731') in 0.001 seconds [static dependencies only]. Details - ImportResultOutputID=4e6515b3bd000d511f10952ecb46d019 DependenciesID=477c840358a397b370a501c422ab8f88 StaticDependenciesID=c9d05cc66955a0337e7be42ba854ab1e 
Importing 'GUID: fd871a8be47119612f7c254e96a822b7 - Path: Packages/com.unity.modules.ai' with importer (DefaultImporter)
Imported 'GUID: fd871a8be47119612f7c254e96a822b7' -> (Import Result ID: 'ce9f38b6b386072a0eeb05375ff3d863') in 0.001 seconds [static dependencies only]. Details - ImportResultOutputID=d4f27eba869a1a6ac104a1eee199a73d DependenciesID=a8a5ee84d9e0581e502623006e97521a StaticDependenciesID=6b2e045850e0a09a7f1e8d35410f0745 
Importing 'GUID: 5e22a8d6e557a1b3cae09054b0b5f9d8 - Path: Packages/com.unity.modules.physicscore2d' with importer (DefaultImporter)
Imported 'GUID: 5e22a8d6e557a1b3cae09054b0b5f9d8' -> (Import Result ID: '07edaf449a0a9b117acb9569ab2afb59') in 0.001 seconds [static dependencies only]. Details - ImportResultOutputID=e63105581d85229110be56a07ce9b194 DependenciesID=e74a20b9f862d58818230d53b786679c StaticDependenciesID=1a6acdd98d030a9eaa3796880b97de04 
Importing 'GUID: 6e1c8b97ec8aa0464e92506ffe099558 - Path: Packages/com.unity.modules.terrain' with importer (DefaultImporter)
Imported 'GUID: 6e1c8b97ec8aa0464e92506ffe099558' -> (Import Result ID: '38b887e6118f5d6dc6049e7245ef2f24') in 0.001 seconds [static dependencies only]. Details - ImportResultOutputID=7bffbe27b3074ed188309356b499e191 DependenciesID=22a2d69e145aaf070736cfa33f430edc StaticDependenciesID=9a4538a6dce990dd143d6282d7852b90 
Importing 'GUID: 0fd4e399f8f08ad7d825c8afb134f255 - Path: Packages/com.unity.ide.visualstudio' with importer (DefaultImporter)
Imported 'GUID: 0fd4e399f8f08ad7d825c8afb134f255' -> (Import Result ID: '18e78c50a178140b49e76bc29674c034') in 0.001 seconds [static dependencies only]. Details - ImportResultOutputID=ec68da80d563fdf2b06a4a6e2331dfca DependenciesID=dc57245625133417ec457cea80e1e96c StaticDependenciesID=1137294c1d635dbdda6c27d40a5fd044 
Importing 'GUID: 6f1c7ebc8ac78cb951be24c238cbd3ba - Path: Packages/com.unity.modules.unitywebrequesttexture' with importer (DefaultImporter)
Imported 'GUID: 6f1c7ebc8ac78cb951be24c238cbd3ba' -> (Import Result ID: '79a048a2e3e1bd3fae7a4cc63054a6b4') in 0.001 seconds [static dependencies only]. Details - ImportResultOutputID=7447a1aeb827c07b00333d43bf3a2e88 DependenciesID=9eb4ba80cf14f0fa1e22c5c7582aabe4 StaticDependenciesID=09e96c195b29e1ab3fe8f0b9faadf68b 
Importing 'GUID: 9f2214f1d2afdb23b011c486f9dcea1b - Path: Packages/com.unity.ext.nunit' with importer (DefaultImporter)
Imported 'GUID: 9f2214f1d2afdb23b011c486f9dcea1b' -> (Import Result ID: '92d046cc2ce0e2aa37cd71476c4890ba') in 0.001 seconds [static dependencies only]. Details - ImportResultOutputID=5d48fc592d097cd8671e05de607d44b7 DependenciesID=40443867d3f42fa9691d65597ed1686a StaticDependenciesID=2bca5968263aa8a69066e31e4e57f016 
Importing 'GUID: 9129183a42052cd43b9c284d6dbd541e - Path: Packages/com.unity.ide.rider/Rider' with importer (DefaultImporter)
Imported 'GUID: 9129183a42052cd43b9c284d6dbd541e' -> (Import Result ID: '2e064d669d36b5627aa5adccf43e47a4') in 0.002 seconds [static dependencies only]. Details - ImportResultOutputID=50472d7e4f09d234dadf221da2ac460d DependenciesID=3191c4b4598752bb64810f85d6aa4b8b StaticDependenciesID=d4c51cc78167c7a990c711e25f7fd519 
Importing 'GUID: 950890083f4907541a6ed06d70959e49 - Path: Packages/com.unity.test-framework/UnityEngine.TestRunner' with importer (DefaultImporter)
Imported 'GUID: 950890083f4907541a6ed06d70959e49' -> (Import Result ID: '5422a1785599eb93fb792bbdcb3f16e4') in 0.002 seconds [static dependencies only]. Details - ImportResultOutputID=f6c49cf3c78c1306a347777433ee6db0 DependenciesID=69756093b8a699b18ba8195d0d6da2f4 StaticDependenciesID=8c40e074cc82c029e468974f14c0d290 
Importing 'GUID: 95cdf27b47eb82747ba9e51f41e72a35 - Path: Packages/com.unity.test-framework/UnityEditor.TestRunner' with importer (DefaultImporter)
Imported 'GUID: 95cdf27b47eb82747ba9e51f41e72a35' -> (Import Result ID: '9e4eac3d4be80606c480ab59e98751a9') in 0.002 seconds [static dependencies only]. Details - ImportResultOutputID=a3e11e30e6d6e4421b35206823482237 DependenciesID=9d39b36edadc380c0691b334dbc1ecf9 StaticDependenciesID=f37ac8c8740d138a97ed3450c7fec262 
Importing 'GUID: a962d501f44484c37814dbad5ed605e9 - Path: Packages/com.unity.ext.nunit/net472' with importer (DefaultImporter)
Imported 'GUID: a962d501f44484c37814dbad5ed605e9' -> (Import Result ID: '76b77a009ad5fb72fd70a9115f27f3e1') in 0.001 seconds [static dependencies only]. Details - ImportResultOutputID=3914cdc36fc7f24719fb0ee236ca7348 DependenciesID=50e82c912778d96e34aad6ac493c2930 StaticDependenciesID=f6ddab29764b7085042006a521a63f66 
Importing 'GUID: 4a707af59e3522d43afe34dfc4429b86 - Path: Packages/com.unity.ide.visualstudio/Editor' with importer (DefaultImporter)
Imported 'GUID: 4a707af59e3522d43afe34dfc4429b86' -> (Import Result ID: '9160f5a97c59809f3030a1229da3fa24') in 0.002 seconds [static dependencies only]. Details - ImportResultOutputID=24776a91236061bdcd717ecc29c97f04 DependenciesID=9a93991a953e549808b4636841e7ff35 StaticDependenciesID=9dd1cf8e586c0381789cef366eb6190d 
Importing 'GUID: 936c6340f3468444ebb1785b4c311126 - Path: Packages/com.unity.test-framework/UnityEditor.TestRunner/UnityTestProtocol' with importer (DefaultImporter)
Imported 'GUID: 936c6340f3468444ebb1785b4c311126' -> (Import Result ID: 'bc6496cdfaaafc392525dad260097bbd') in 0.002 seconds [static dependencies only]. Details - ImportResultOutputID=4714ff5427e94daa5aeb958b917aaacd DependenciesID=68c48a8b26e684fc54274df37f409a1d StaticDependenciesID=3abb03fabfd47a992a93761f4f4661a5 
Importing 'GUID: b477d1f29b65a674e9d5cdab4eb72b01 - Path: Packages/com.unity.test-framework/UnityEditor.TestRunner/CommandLineTest' with importer (DefaultImporter)
Imported 'GUID: b477d1f29b65a674e9d5cdab4eb72b01' -> (Import Result ID: 'd4f41dd1b5c53711bf77823560bd1f48') in 0.002 seconds [static dependencies only]. Details - ImportResultOutputID=347f0b734e3646a40393a44e378409d9 DependenciesID=5a385367feb37e7adfec805d3698e690 StaticDependenciesID=d212bef65a570d87ab682ac28d49b4fb 
Importing 'GUID: 95b719082a664ea45bb56759eed1f271 - Path: Packages/com.unity.test-framework/UnityEditor.TestRunner/TestSettings' with importer (DefaultImporter)
Imported 'GUID: 95b719082a664ea45bb56759eed1f271' -> (Import Result ID: '72b019086dcd534785918cbf3b57c64f') in 0.002 seconds [static dependencies only]. Details - ImportResultOutputID=02d9a799a0d85b6973bb6a6373c4fead DependenciesID=31fc233335bf5e1f0be9b71318709999 StaticDependenciesID=2a106916a4c016b5d6904c3d6460f857 
Importing 'GUID: 36422aa067e092e45b9820da2ee3e728 - Path: Packages/com.unity.ide.visualstudio/Editor/COMIntegration' with importer (DefaultImporter)
Imported 'GUID: 36422aa067e092e45b9820da2ee3e728' -> (Import Result ID: '3b1a253a0ef9e29a3f9df6083bc0302f') in 0.001 seconds [static dependencies only]. Details - ImportResultOutputID=85d0ebfb69079172a613a7ccea043221 DependenciesID=1e057067367793670ee9288ef6ede92b StaticDependenciesID=2974e38a59ca99da3e9ca63d964f886d 
Importing 'GUID: 7602252bdb82b8d45ae3483c3a00d3e1 - Path: Packages/com.unity.test-framework/UnityEditor.TestRunner/CommandLineParser' with importer (DefaultImporter)
Imported 'GUID: 7602252bdb82b8d45ae3483c3a00d3e1' -> (Import Result ID: '93a5395bb7cdee65b531379cd6c81923') in 0.002 seconds [static dependencies only]. Details - ImportResultOutputID=8b32be5a03503677079543b7ee882ccf DependenciesID=a44a09122cb0442ac41988b7da877efe StaticDependenciesID=0b5346cd21362481afef2626785d3c15 
Importing 'GUID: d64d92e4f04a13e4b99ea8d48e9e8ae9 - Path: Packages/com.unity.test-framework/UnityEditor.TestRunner/TestLaunchers' with importer (DefaultImporter)
Imported 'GUID: d64d92e4f04a13e4b99ea8d48e9e8ae9' -> (Import Result ID: 'f4856e91216acb16e8b6e9ad33069d23') in 0.001 seconds [static dependencies only]. Details - ImportResultOutputID=0f426670ce7a7cceb4872b922e9dee57 DependenciesID=50699a0b77ed290de6117a82d53e12a5 StaticDependenciesID=e1285cc602019ab6fe506a55b63dfdb1 
Importing 'GUID: 27328db3447b143dcb24e8c854d86028 - Path: Packages/com.unity.ext.nunit/net472/unity-custom' with importer (DefaultImporter)
Imported 'GUID: 27328db3447b143dcb24e8c854d86028' -> (Import Result ID: 'b5ab5c67188a19e0e7b8c33b00b6b956') in 0.001 seconds [static dependencies only]. Details - ImportResultOutputID=82c9abbc1fbb1daf0b240097b4a4abfe DependenciesID=2e1008e3907f1d040d7f460144670c4e StaticDependenciesID=e56b63fc6cf556c84154d44bb4a47884 
Importing 'GUID: 8721cb2237d4a564a94a51f56243bdac - Path: Packages/com.unity.test-framework/UnityEditor.TestRunner/TestRun' with importer (DefaultImporter)
Imported 'GUID: 8721cb2237d4a564a94a51f56243bdac' -> (Import Result ID: '039e0bbb329fe273da60130338de6b1e') in 0.002 seconds [static dependencies only]. Details - ImportResultOutputID=58480bc6d005e3758bfde4d77153df39 DependenciesID=044a2bd9eb33b435c60b45186160234e StaticDependenciesID=73d66df1f085990d1620c5fcbc2657c2 
Importing 'GUID: 19e1940646874613a076c6b01d1f3404 - Path: Packages/com.unity.test-framework/UnityEngine.TestRunner/UnityTestProtocol' with importer (DefaultImporter)
Imported 'GUID: 19e1940646874613a076c6b01d1f3404' -> (Import Result ID: 'e6de84f02c0bc32e75825c10e2069170') in 0.002 seconds [static dependencies only]. Details - ImportResultOutputID=564e4130128747a5c27e3bad27675bac DependenciesID=97579bb077291f2f91b2d8123bca1b12 StaticDependenciesID=b0e91d08b8b4a14e23848696b6fde327 
Importing 'GUID: 49d4c2ab7ff0f4442af256bad7c9d57c - Path: Packages/com.unity.test-framework/UnityEditor.TestRunner/TestRunner' with importer (DefaultImporter)
Imported 'GUID: 49d4c2ab7ff0f4442af256bad7c9d57c' -> (Import Result ID: '3b6a37881959db84d7a13bd4d7b20906') in 0.002 seconds [static dependencies only]. Details - ImportResultOutputID=028738f72b967aadc745355a0db1ed21 DependenciesID=097ab4f26903bf71636188607bf34489 StaticDependenciesID=47c011eae69c4b9aa093137c60c03e01 
Importing 'GUID: 1ad55f5ad04d1d045a1f287409c650dd - Path: Packages/com.unity.test-framework/UnityEngine.TestRunner/Assertions' with importer (DefaultImporter)
Imported 'GUID: 1ad55f5ad04d1d045a1f287409c650dd' -> (Import Result ID: '3554f760e197c05a1e9f6edea9fb897f') in 0.001 seconds [static dependencies only]. Details - ImportResultOutputID=4c0e37bdbcd53fb0b4116fd07b4594e9 DependenciesID=31fd864d7e022271fcca4f33dbefbbd5 StaticDependenciesID=037f5d6358f904f2786adbe3a1d801a8 
Importing 'GUID: fa423365b1ce06a4dbdc6fb4a8597bfa - Path: Packages/com.unity.test-framework/UnityEditor.TestRunner/Api' with importer (DefaultImporter)
Imported 'GUID: fa423365b1ce06a4dbdc6fb4a8597bfa' -> (Import Result ID: 'dbfbf27d747c194eee4936790607ce29') in 0.001 seconds [static dependencies only]. Details - ImportResultOutputID=3400c6558f548137dc7e984347359bd4 DependenciesID=b48915f6884923c65f7b8b4b3df9498e StaticDependenciesID=88c4905adfd1852422700d60c17e70cc 
Importing 'GUID: 1b393f6b29a9ee84c803af1ab4944b71 - Path: Packages/com.unity.ide.rider/Rider/Editor' with importer (DefaultImporter)
Imported 'GUID: 1b393f6b29a9ee84c803af1ab4944b71' -> (Import Result ID: '5df02ca049d89592a08a1a0a48180574') in 0.001 seconds [static dependencies only]. Details - ImportResultOutputID=6404d4542db4a19d55be0b701dd56232 DependenciesID=9213b2146893a306da5c568d8fab4cad StaticDependenciesID=7f19df4ccd7b25dc56226111196ed53e 
Importing 'GUID: 5b17896803f77494da73d73448fb6cb4 - Path: Packages/com.unity.ide.visualstudio/Editor/VSWhere' with importer (DefaultImporter)
Imported 'GUID: 5b17896803f77494da73d73448fb6cb4' -> (Import Result ID: '143bee58c4cce7ade306607774a6852b') in 0.001 seconds [static dependencies only]. Details - ImportResultOutputID=1cf7fb2561004c647adace8a0b5653ca DependenciesID=b7c3ad5caeafb822cd72de2263338665 StaticDependenciesID=8237a88cf8f58b14a2743277c20550b2 
Importing 'GUID: 8beeeeebc0857854d8b4e2c2895dd7a9 - Path: Packages/com.unity.ide.visualstudio/Editor/ProjectGeneration' with importer (DefaultImporter)
Imported 'GUID: 8beeeeebc0857854d8b4e2c2895dd7a9' -> (Import Result ID: '3e6f8bb7ef7f056281851c4bfb2c16b7') in 0.001 seconds [static dependencies only]. Details - ImportResultOutputID=19476bca78a71c87b547269668469a1b DependenciesID=e83deaabaa0172e49d84fb854ce43b12 StaticDependenciesID=7998e75a53210e862e4f40ffb630f1a8 
Importing 'GUID: bb32bccaf32a6db448d1c0cc99c78688 - Path: Packages/com.unity.test-framework/UnityEngine.TestRunner/Utils' with importer (DefaultImporter)
Imported 'GUID: bb32bccaf32a6db448d1c0cc99c78688' -> (Import Result ID: '778d6fafd092faf1e4e447d286b8e510') in 0.001 seconds [static dependencies only]. Details - ImportResultOutputID=46ac5f2cd227e13d7fb6df825cd2ea50 DependenciesID=d8061a8d12c25a43b84f4d86987c14bc StaticDependenciesID=d87eba3967dc173242e1ddf947305376 
Importing 'GUID: 1ddb9e1c877ea80479d1eab4ddaa5d0d - Path: Packages/com.unity.test-framework/UnityEngine.TestRunner/TestRunner' with importer (DefaultImporter)
Imported 'GUID: 1ddb9e1c877ea80479d1eab4ddaa5d0d' -> (Import Result ID: '7cb28e1e4e053ac85024d6b11ee23160') in 0.001 seconds [static dependencies only]. Details - ImportResultOutputID=84f12ef647fa162d4cc59c2f40fa9628 DependenciesID=b865897e1b75dcdfe938b18f42a5ecd8 StaticDependenciesID=74f08a9236de2b622a38a15222ff2fca 
Importing 'GUID: 3e8d6af343b383544ba5743d119f4062 - Path: Packages/com.unity.test-framework/UnityEngine.TestRunner/NUnitExtensions' with importer (DefaultImporter)
Imported 'GUID: 3e8d6af343b383544ba5743d119f4062' -> (Import Result ID: '838754a3b9bac45900c76264dbf36d3b') in 0.001 seconds [static dependencies only]. Details - ImportResultOutputID=f440f787d15c91d58250f280c6e408ba DependenciesID=3b20f89763493bf2ddcd0b060c1fa398 StaticDependenciesID=b969db25c7e76855deff5f6a305ec9de 
Importing 'GUID: 7e609b27ad2caa14c83dd9951b6c13c6 - Path: Packages/com.unity.test-framework/UnityEditor.TestRunner/GUI' with importer (DefaultImporter)
Imported 'GUID: 7e609b27ad2caa14c83dd9951b6c13c6' -> (Import Result ID: '48cc79ebc3a223c2a65cb0d7e113b406') in 0.002 seconds [static dependencies only]. Details - ImportResultOutputID=585d2667eaec7b1f3006c3feff905559 DependenciesID=a975b03514b84f2a3509ed100bb86e01 StaticDependenciesID=ba43c6d6677d5b8217738954f3b6d7c0 
Importing 'GUID: 2f820130c86c28547a0f1a2f4c73155b - Path: Packages/com.unity.ide.visualstudio/Editor/Messaging' with importer (DefaultImporter)
Imported 'GUID: 2f820130c86c28547a0f1a2f4c73155b' -> (Import Result ID: '9bfe3dd238c50d1e61dd969f373f2c8e') in 0.002 seconds [static dependencies only]. Details - ImportResultOutputID=c45a401cc5981747f91a1ff2e38f121c DependenciesID=7bf208236210b78a4600eb690a406a2d StaticDependenciesID=e68d59c7587b00f056360c69e8664542 
Importing 'GUID: 3f9202a39620f51418046c7754f215f0 - Path: Packages/com.unity.test-framework/UnityEditor.TestRunner/NUnitExtension' with importer (DefaultImporter)
Imported 'GUID: 3f9202a39620f51418046c7754f215f0' -> (Import Result ID: '1dfe9f2a33cf29e475c1cbc57fc4fb79') in 0.002 seconds [static dependencies only]. Details - ImportResultOutputID=df0aeec2b80032db4d95957e68929fee DependenciesID=0d22005202c276945696db77edb880e5 StaticDependenciesID=a24519233740dde1b6bd4351bdee6d11 
Importing 'GUID: 7f9f1d015d7a8ba46b7d71acfcda3ae7 - Path: Packages/com.unity.ide.visualstudio/Editor/Testing' with importer (DefaultImporter)
Imported 'GUID: 7f9f1d015d7a8ba46b7d71acfcda3ae7' -> (Import Result ID: 'b275a8a6dad9d452b586f266fa079521') in 0.002 seconds [static dependencies only]. Details - ImportResultOutputID=caa53ea97327c51012e9b3b301943c08 DependenciesID=8d639890cea6683201ae932fe111d6dd StaticDependenciesID=1a004dc5a797cdf8d3cd33fe0ee21921 
Importing 'GUID: 313cbe17019f1934397f91069831062c - Path: Packages/com.unity.ide.rider/Rider/Editor/ProjectGeneration' with importer (DefaultImporter)
Imported 'GUID: 313cbe17019f1934397f91069831062c' -> (Import Result ID: '35a1a0c1b1d8bc3e404fc5f105eed090') in 0.002 seconds [static dependencies only]. Details - ImportResultOutputID=324b690d68ef3b5be851db48f0b8fe4d DependenciesID=e746e137ecacfe1a2b27b0194085396c StaticDependenciesID=9d5f2abd8e6ff78b98a96dd2e0b111fa 
Importing 'GUID: 41b2d972bdac29e4a89ef08b3b52c248 - Path: Packages/com.unity.ide.visualstudio/Editor/COMIntegration/Release' with importer (DefaultImporter)
Imported 'GUID: 41b2d972bdac29e4a89ef08b3b52c248' -> (Import Result ID: '159e1c55acdd024eded32060cd880a97') in 0.002 seconds [static dependencies only]. Details - ImportResultOutputID=0013f72f5d9292afc56921f8d95f3de4 DependenciesID=00be3dd411cd931443bdc704d43a0394 StaticDependenciesID=15e8b14a85890bc1844098e6928945d3 
Importing 'GUID: 51557afa652635743b264a309f0a5c60 - Path: Packages/com.unity.test-framework/UnityEngine.TestRunner/Utils/AssemblyProvider' with importer (DefaultImporter)
Imported 'GUID: 51557afa652635743b264a309f0a5c60' -> (Import Result ID: '68225cb59ed0cf5077855e3dfa458244') in 0.002 seconds [static dependencies only]. Details - ImportResultOutputID=aae0bb55646db009e1f7f7157a018046 DependenciesID=b9ef613e31a66b1117d0b2b4e2059e10 StaticDependenciesID=2c6e927cb9c29b42e44fe7d4204f5c8a 
Importing 'GUID: 61e236e8570a95e4eb754fb291e102e0 - Path: Packages/com.unity.test-framework/UnityEngine.TestRunner/TestRunner/Callbacks' with importer (DefaultImporter)
Imported 'GUID: 61e236e8570a95e4eb754fb291e102e0' -> (Import Result ID: '69c923fbfa5d766f81be287d4a69364f') in 0.002 seconds [static dependencies only]. Details - ImportResultOutputID=010b34c743dffb0b92a402bff30061ec DependenciesID=3ef576f474ced889f2d0fc90755b70c6 StaticDependenciesID=4afe08e4c46dd9413ee5e2f6e44ec139 
Importing 'GUID: 91c20d2c22b8b3a4cb6c816bd225591a - Path: Packages/com.unity.test-framework/UnityEngine.TestRunner/TestRunner/RemoteHelpers' with importer (DefaultImporter)
Imported 'GUID: 91c20d2c22b8b3a4cb6c816bd225591a' -> (Import Result ID: '433cd413b83911742fc3326a8cb2388f') in 0.001 seconds [static dependencies only]. Details - ImportResultOutputID=b8a70a515aeb955be46be9a19678602b DependenciesID=27568669a7b5195f24e8e9e88ed8aed4 StaticDependenciesID=413cb82dcabef59f88c5b20c1ac920dc 
Importing 'GUID: b1d8465ba1376b148bdab58965101f47 - Path: Packages/com.unity.test-framework/UnityEngine.TestRunner/Assertions/LogScope' with importer (DefaultImporter)
Imported 'GUID: b1d8465ba1376b148bdab58965101f47' -> (Import Result ID: 'f5e398f4f980a5cedd854c773294183e') in 0.002 seconds [static dependencies only]. Details - ImportResultOutputID=cfe24967e3ee89f88ab133ae2a3340fa DependenciesID=4a1727c31ca053fe971e8e954ffa9859 StaticDependenciesID=b32f92c1e618cc095ba0473085411441 
Importing 'GUID: 92e3104769da143888a712cdea27d950 - Path: Packages/com.unity.test-framework/UnityEditor.TestRunner/GUI/TestAssets' with importer (DefaultImporter)
Imported 'GUID: 92e3104769da143888a712cdea27d950' -> (Import Result ID: '8ca9427beb57db851babed76f10d4548') in 0.003 seconds [static dependencies only]. Details - ImportResultOutputID=a60e580633ddd7e9aeb69d2a0c5c5ac5 DependenciesID=fbdb0932a36e53b89bb57597b534e33a StaticDependenciesID=aa03ed7c9e5d9a2ea02c38a4a25ee766 
Importing 'GUID: a3cb89150b8a4060b89a32725a8e267e - Path: Packages/com.unity.test-framework/UnityEditor.TestRunner/TestLaunchers/Helpers' with importer (DefaultImporter)
Imported 'GUID: a3cb89150b8a4060b89a32725a8e267e' -> (Import Result ID: 'b8b1da36d1f720da249947bc879220be') in 0.002 seconds [static dependencies only]. Details - ImportResultOutputID=3a8c6eba4d7f092b7ed1ff660d319466 DependenciesID=f785ed3b1529e06ca6e5bb89a096a681 StaticDependenciesID=7b879475d571c7979ec7e6aa193d7c06 
Importing 'GUID: c3de99f9efc582a48995bc8e8c2df418 - Path: Packages/com.unity.test-framework/UnityEngine.TestRunner/NUnitExtensions/Filters' with importer (DefaultImporter)
Imported 'GUID: c3de99f9efc582a48995bc8e8c2df418' -> (Import Result ID: '0e80702b4d9ded36bbe570d55cc56851') in 0.002 seconds [static dependencies only]. Details - ImportResultOutputID=234091ee12a6235e1c446dc8d5c64995 DependenciesID=9bbfe5cc7541eef246f7e7fbef674a80 StaticDependenciesID=455f2ea52cd766aa56c0ddefdd99d0ec 
Importing 'GUID: 256a0ca37fa972840bce7fca446e75e7 - Path: Packages/com.unity.test-framework/UnityEngine.TestRunner/TestRunner/Messages' with importer (DefaultImporter)
Imported 'GUID: 256a0ca37fa972840bce7fca446e75e7' -> (Import Result ID: '7bcae04f6c3945569c41f4f5229c9d4f') in 0.002 seconds [static dependencies only]. Details - ImportResultOutputID=dc65fd1fb36d3e877da8d647c9615ee7 DependenciesID=466cb1d81a21950eddfede4a6178f036 StaticDependenciesID=58ea4bae6ff95fd723111203e83e160c 
Importing 'GUID: 354fde95fe0643b09509e5fcee350b33 - Path: Packages/com.unity.ide.rider/Rider/Editor/Properties' with importer (DefaultImporter)
Imported 'GUID: 354fde95fe0643b09509e5fcee350b33' -> (Import Result ID: '74192befde6bffb1b456b8772b8c1656') in 0.001 seconds [static dependencies only]. Details - ImportResultOutputID=8e710699f3929b88337795b4fd4f990b DependenciesID=c5b7345f4f373532154ffcb721b80b16 StaticDependenciesID=32af0358e0a69d9b15106fd34974ee9f 
Importing 'GUID: a52391bc44c477f40a547ed4ef3b9560 - Path: Packages/com.unity.ide.rider/Rider/Editor/UnitTesting' with importer (DefaultImporter)
Imported 'GUID: a52391bc44c477f40a547ed4ef3b9560' -> (Import Result ID: '61d1ff2cb4d6f840b158bfdf07bcbb7f') in 0.002 seconds [static dependencies only]. Details - ImportResultOutputID=1f5871c96c66444b71a7163aeb9720e2 DependenciesID=9855c5195b4d6d46d24cdd70cbdd6d9c StaticDependenciesID=23f3186aa4a7edf84f072463143d28f4 
Importing 'GUID: c5535d742ea2e4941850b421f9c70a1f - Path: Packages/com.unity.test-framework/UnityEditor.TestRunner/GUI/Views' with importer (DefaultImporter)
Imported 'GUID: c5535d742ea2e4941850b421f9c70a1f' -> (Import Result ID: '92d736dbeea37fb68ceaa1a856e9038e') in 0.002 seconds [static dependencies only]. Details - ImportResultOutputID=22ce32537e26210d1a653e5fc6871be4 DependenciesID=9694c183165a55a2bea5cfbeb4b21282 StaticDependenciesID=cad0687b818655094a83d7231c14b0ae 
Importing 'GUID: 3610673068254436ac90019f46e09f01 - Path: Packages/com.unity.test-framework/UnityEditor.TestRunner/UnityTestProtocol/Data' with importer (DefaultImporter)
Imported 'GUID: 3610673068254436ac90019f46e09f01' -> (Import Result ID: 'f857cdd756b38e8eb3357109f7f7bb6f') in 0.002 seconds [static dependencies only]. Details - ImportResultOutputID=0a0f0ff5161030eba44ba49c652cc478 DependenciesID=7cd7561bc749deb6f2371f903c9d7b22 StaticDependenciesID=516f853320de9a6a9bea252006543681 
Importing 'GUID: 96c503bf059df984c86eecf572370347 - Path: Packages/com.unity.test-framework/UnityEditor.TestRunner/NUnitExtension/Attributes' with importer (DefaultImporter)
Imported 'GUID: 96c503bf059df984c86eecf572370347' -> (Import Result ID: 'b1b742d80c2b40872a643e01a9e97f25') in 0.002 seconds [static dependencies only]. Details - ImportResultOutputID=5c43fe10b254eace1c0129df22455c2f DependenciesID=5b348591ae11e78dc2d73bb784c9b34f StaticDependenciesID=4275ad315acced407744bf376d75b745 
Importing 'GUID: 07ea0326ed848fb4489187cb58f96113 - Path: Packages/com.unity.test-framework/UnityEditor.TestRunner/GUI/TestListBuilder' with importer (DefaultImporter)
Imported 'GUID: 07ea0326ed848fb4489187cb58f96113' -> (Import Result ID: '42ce821e2c2f0f6ec4f1e128957e045f') in 0.001 seconds [static dependencies only]. Details - ImportResultOutputID=a6a29debcafeb668b0f2a71823ead8d0 DependenciesID=14e42c630ebbeb115b6e4754ff287bfa StaticDependenciesID=2f63606a496483c3e8e07c7fcef33667 
Importing 'GUID: 37888acc09d9ee848bf9559f06645c45 - Path: Packages/com.unity.test-framework/UnityEngine.TestRunner/NUnitExtensions/Runner' with importer (DefaultImporter)
Imported 'GUID: 37888acc09d9ee848bf9559f06645c45' -> (Import Result ID: '3cc5746261ceef3945219cd38fcd7100') in 0.002 seconds [static dependencies only]. Details - ImportResultOutputID=bd7484124a2c87b1945e427d6a01325b DependenciesID=e7a541f3b42c6b84105d4bdb3959f6ea StaticDependenciesID=830501f04ff9d2763481f7b86edd9e6c 
Importing 'GUID: 68cb547af0187634aad591a09c01cd5b - Path: Packages/com.unity.test-framework/UnityEditor.TestRunner/GUI/TestListTreeView' with importer (DefaultImporter)
Imported 'GUID: 68cb547af0187634aad591a09c01cd5b' -> (Import Result ID: 'a6f5f9466c65ad9b783fc4bf87bf9933') in 0.002 seconds [static dependencies only]. Details - ImportResultOutputID=d5ca04f15efb98a671802c6546970d44 DependenciesID=4e3a661a5c9c161ef4962ee0db52ef2f StaticDependenciesID=0c1166ed7bd3589d8cb7b68cd54ba7df 
Importing 'GUID: e88eef57957d4440c8a7ff2ef9dd3d97 - Path: Packages/com.unity.test-framework/UnityEditor.TestRunner/GUI/Controls' with importer (DefaultImporter)
Imported 'GUID: e88eef57957d4440c8a7ff2ef9dd3d97' -> (Import Result ID: '9523034730396c649db68ee3f2c5af6a') in 0.002 seconds [static dependencies only]. Details - ImportResultOutputID=a0ce75e2c602e931e5ecdcc124be13dd DependenciesID=54c438ce0c8559feb24078c99b287387 StaticDependenciesID=06a7b988240bac285a0579fa3147d19a 
Importing 'GUID: 4926c06156894939ba0a2680f1b0aa7a - Path: Packages/com.unity.test-framework/UnityEditor.TestRunner/TestRun/Data' with importer (DefaultImporter)
Imported 'GUID: 4926c06156894939ba0a2680f1b0aa7a' -> (Import Result ID: 'd7a923226ba5b4f3c823c7d01dfe0799') in 0.001 seconds [static dependencies only]. Details - ImportResultOutputID=a5a02383b86951746691789ea1770405 DependenciesID=2b08088ed382fbd88747626da51402ab StaticDependenciesID=90e5c7a10091a03d6068687c87bc2f92 
Importing 'GUID: 891bb6b9f5094c36b59c3788e21c8213 - Path: Packages/com.unity.test-framework/UnityEditor.TestRunner/Api/Analytics' with importer (DefaultImporter)
Imported 'GUID: 891bb6b9f5094c36b59c3788e21c8213' -> (Import Result ID: '1a1721a3ea4d67fe4ffe1aa3fdc3d1d9') in 0.001 seconds [static dependencies only]. Details - ImportResultOutputID=7998c9824c94ac0412eedd6830205f19 DependenciesID=01aa3ef6faa050dfabbc1409c1f36bb9 StaticDependenciesID=aa8c2cdb9eba597bc2c4b6bbd17dc081 
Importing 'GUID: d9682e749d3efc642af54d789d9090a6 - Path: Packages/com.unity.test-framework/UnityEditor.TestRunner/TestRunner/Messages' with importer (DefaultImporter)
Imported 'GUID: d9682e749d3efc642af54d789d9090a6' -> (Import Result ID: '60f80ab54161615f241eddac576265f7') in 0.001 seconds [static dependencies only]. Details - ImportResultOutputID=df1446cda33be1150fafeea045978830 DependenciesID=5f5730112a8aa021c5bac62a45f7a47d StaticDependenciesID=a3fe2d4eba02243492f56da00a6bf013 
Importing 'GUID: aa290bd9a165a0543a4bf85ac73914bc - Path: Packages/com.unity.ide.rider/Rider/Editor/PostProcessors' with importer (DefaultImporter)
Imported 'GUID: aa290bd9a165a0543a4bf85ac73914bc' -> (Import Result ID: '797e09e12c4f47fa0c8649b422a7d8ae') in 0.001 seconds [static dependencies only]. Details - ImportResultOutputID=7b631737181e97c6fe1ac014f4070871 DependenciesID=e3e9d8cd6f5642d3c3db3d024d0f48b1 StaticDependenciesID=2a4977cb781def96aeefbad9ea80e3de 
Importing 'GUID: 6b72875690e0f7343911e06af3145bd5 - Path: Packages/com.unity.test-framework/UnityEngine.TestRunner/NUnitExtensions/Commands' with importer (DefaultImporter)
Imported 'GUID: 6b72875690e0f7343911e06af3145bd5' -> (Import Result ID: '5fea1e9c0f6dfe9ca0d894cb771883f3') in 0.002 seconds [static dependencies only]. Details - ImportResultOutputID=331eca5ef0be679acabec48b795c7e00 DependenciesID=f0d635ce90a1aedaeb3da2345f602aed StaticDependenciesID=7b9a4cc92c06256e67fde56948b5329c 
Importing 'GUID: ebc4d20cc106cea49b1df1153f0b3b5e - Path: Packages/com.unity.test-framework/UnityEditor.TestRunner/TestLaunchers/PlatformSetup' with importer (DefaultImporter)
Imported 'GUID: ebc4d20cc106cea49b1df1153f0b3b5e' -> (Import Result ID: '0b2c9622a6ab524eaa0eaf7b5b62e966') in 0.002 seconds [static dependencies only]. Details - ImportResultOutputID=d7aab0e8ab0737fda991e7097b020464 DependenciesID=4a206faa86f6687e998ab53ded6dbf1d StaticDependenciesID=3f0440ca1e4d0071e34277f3c02e97d7 
Importing 'GUID: 0cb14878543cf3d4f8472b15f7ecf0e3 - Path: Packages/com.unity.test-framework/UnityEngine.TestRunner/NUnitExtensions/Attributes' with importer (DefaultImporter)
Imported 'GUID: 0cb14878543cf3d4f8472b15f7ecf0e3' -> (Import Result ID: '673adc8ccf738e9fb1111697011e3bbc') in 0.001 seconds [static dependencies only]. Details - ImportResultOutputID=07f161243d8ca7b2df7febccc66907be DependenciesID=286c430710e80e74de95127974b6991e StaticDependenciesID=18b873f16d526cbe8273032cc6f8a858 
Importing 'GUID: 5d7f0d6acfced954682a89e7002c04d9 - Path: Packages/com.unity.test-framework/UnityEditor.TestRunner/TestRunner/Callbacks' with importer (DefaultImporter)
Imported 'GUID: 5d7f0d6acfced954682a89e7002c04d9' -> (Import Result ID: '75945c8beba5dfb089a31467fbb8e60f') in 0.001 seconds [static dependencies only]. Details - ImportResultOutputID=c41748e0dad7446506b58e8595cfa6c8 DependenciesID=f4d13ad1d676690cb1b48b16f166fa7e StaticDependenciesID=6615522c8a21239cc0d07a6ddd8bbd70 
Importing 'GUID: 6dba53789da15814387fa5b1445e81e0 - Path: Packages/com.unity.test-framework/UnityEditor.TestRunner/TestRun/Tasks' with importer (DefaultImporter)
Imported 'GUID: 6dba53789da15814387fa5b1445e81e0' -> (Import Result ID: '4693b2876f7f79e4ade16eb7988cab89') in 0.002 seconds [static dependencies only]. Details - ImportResultOutputID=6db6dda383b549f157127f31279318c1 DependenciesID=8a5c587c19da8a7fff80aec7dca2df8f StaticDependenciesID=7d5c24122adf32e795b8fde176648bfc 
Importing 'GUID: 5e726086cd652f82087d59d67d2c24cd - Path: Packages/com.unity.ide.rider/Rider/Editor/Util' with importer (DefaultImporter)
Imported 'GUID: 5e726086cd652f82087d59d67d2c24cd' -> (Import Result ID: 'd9a2c189604f3067aa868cc3d5513752') in 0.002 seconds [static dependencies only]. Details - ImportResultOutputID=6a700186624845cc20e38a45be99c2bd DependenciesID=b77d2f6a95f6954f00d2bb3a34f16027 StaticDependenciesID=bc8e24751d5a2dbf19cd4a7598f5bbac 
Importing 'GUID: 9ea154c33fd8466f973f004e5c962df7 - Path: Packages/com.unity.test-framework/UnityEditor.TestRunner/UnityTestProtocol/Messages' with importer (DefaultImporter)
Imported 'GUID: 9ea154c33fd8466f973f004e5c962df7' -> (Import Result ID: '3c06af5ccd7d28c3a865fb05abc78032') in 0.002 seconds [static dependencies only]. Details - ImportResultOutputID=9a453184ef9fbc25fc23485e89c26cb5 DependenciesID=37b228f46d6e365aa3fad450fb7268ce StaticDependenciesID=5bd96380e171a357d874fcc46c5c735a 
Importing 'GUID: ce8da628f68c7594b8b9a597fa52db7b - Path: Packages/com.unity.test-framework/UnityEngine.TestRunner/Utils/MonoBehaviourTest' with importer (DefaultImporter)
Imported 'GUID: ce8da628f68c7594b8b9a597fa52db7b' -> (Import Result ID: 'e11e86b68385d2424fabc4528965ab8b') in 0.002 seconds [static dependencies only]. Details - ImportResultOutputID=2d38d279fcda641716a64a3285bed967 DependenciesID=aee11b902f17ee05813b32d5af577e6f StaticDependenciesID=e019915e66bf56c6a53c45eddcac8d59 
Importing 'GUID: 1f5bbb88ca730434483440cbc0278ef6 - Path: Packages/com.unity.test-framework/UnityEditor.TestRunner/TestRunner/Utils' with importer (DefaultImporter)
Imported 'GUID: 1f5bbb88ca730434483440cbc0278ef6' -> (Import Result ID: 'bf22c8a53b121bf6289726882ff4d503') in 0.002 seconds [static dependencies only]. Details - ImportResultOutputID=b54df974e33f3b29d71ca6f71b34a610 DependenciesID=062ab91bc526ba62f66a5bf0817556be StaticDependenciesID=19b4d525f46038ec3ab7a23ba103e34f 
Importing 'GUID: 94a6220ee1a442249702c9df66e0fe1b - Path: Packages/com.unity.test-framework/UnityEditor.TestRunner/TestRun/Tasks/Player' with importer (DefaultImporter)
Imported 'GUID: 94a6220ee1a442249702c9df66e0fe1b' -> (Import Result ID: 'd770dc91b03c058070d04366ecf4dd6e') in 0.002 seconds [static dependencies only]. Details - ImportResultOutputID=4ae38678e341ab45b845ef0774cc1b3a DependenciesID=9223a7d87db0eaf2680363bc305d2856 StaticDependenciesID=d9ba00218ec57b2766ad47f36e0b3adc 
Importing 'GUID: 692476ac695e7b74a8d9eabd48862009 - Path: Packages/com.unity.test-framework/UnityEditor.TestRunner/TestRun/Tasks/Scene' with importer (DefaultImporter)
Imported 'GUID: 692476ac695e7b74a8d9eabd48862009' -> (Import Result ID: '8ff00a17ebaeea938b99aa5831923237') in 0.002 seconds [static dependencies only]. Details - ImportResultOutputID=2fa50d94b5f40096b11b7fc28b64729b DependenciesID=0b2a318cceea9f9d9405ecac0dc50c0e StaticDependenciesID=5381480a0e84dfd6f5a89c03f22f5b1b 
Importing 'GUID: d973b7805df545bdae3986ab72a6c2e8 - Path: Packages/com.unity.test-framework/UnityEditor.TestRunner/TestRun/Tasks/Platform' with importer (DefaultImporter)
Imported 'GUID: d973b7805df545bdae3986ab72a6c2e8' -> (Import Result ID: 'ccf5f6cb0c94142ff5cb069da58f759e') in 0.002 seconds [static dependencies only]. Details - ImportResultOutputID=74075c018e7d223e4de2551f58488a13 DependenciesID=78547b4d998f1cb5819a271ee28b000b StaticDependenciesID=707e7f285309070aa29ff903091dabc0 
Importing 'GUID: cca5935142d6c754f9ecdce1294f7079 - Path: Packages/com.unity.test-framework/UnityEditor.TestRunner/TestRun/Tasks/Events' with importer (DefaultImporter)
Imported 'GUID: cca5935142d6c754f9ecdce1294f7079' -> (Import Result ID: 'e067f112d3f0ecc2a0a0b23a7e2dddb1') in 0.002 seconds [static dependencies only]. Details - ImportResultOutputID=681e739248ec06e77a33a1d1c904555d DependenciesID=2fab6b0b709562a258e8c669975596c7 StaticDependenciesID=708111177e6492723f70efccba692d9b 
Importing 'GUID: d528c8c98d269ca44a06cd9624a03945 - Path: Packages/com.unity.ide.rider/Rider/Editor/com.unity.ide.rider.asmdef' with importer (AssemblyDefinitionImporter)
Imported 'GUID: d528c8c98d269ca44a06cd9624a03945' -> (Import Result ID: '8726df5a2d3c1a083a4c848146226a5f') in 0.003 seconds [static dependencies only]. Details - ImportResultOutputID=912be29b09a856ab914d58bed46d9f41 DependenciesID=15fe68d1e72bade2cbe4e8644df25f00 StaticDependenciesID=4d25ba9e8f625be18cd10642c4596e8d 
Importing 'GUID: 27619889b8ba8c24980f49ee34dbb44a - Path: Packages/com.unity.test-framework/UnityEngine.TestRunner/UnityEngine.TestRunner.asmdef' with importer (AssemblyDefinitionImporter)
Imported 'GUID: 27619889b8ba8c24980f49ee34dbb44a' -> (Import Result ID: 'dde441411b61d7f243edd6bd86eaed2f') in 0.002 seconds [static dependencies only]. Details - ImportResultOutputID=3370b80e2922aa61095329e63cd7b568 DependenciesID=c378fe730506c60d98d3d2985f14dfea StaticDependenciesID=efd7b7b3471c17ad6b92a6854eb4dc18 
Importing 'GUID: b93f844d45cfcc44fa2b0eed5c9ec6bb - Path: Packages/com.unity.ide.visualstudio/Editor/com.unity.ide.visualstudio.asmdef' with importer (AssemblyDefinitionImporter)
Imported 'GUID: b93f844d45cfcc44fa2b0eed5c9ec6bb' -> (Import Result ID: 'be19451ec2b6434642ba6f13ecf5db51') in 0.002 seconds [static dependencies only]. Details - ImportResultOutputID=ce62f0aa69bd55563fb33cc2591980de DependenciesID=9e30368bdd707e6848801ccde70f1f5c StaticDependenciesID=b5401851f919dd14a700f6556c7ed0a3 
Importing 'GUID: 0acc523941302664db1f4e527237feb3 - Path: Packages/com.unity.test-framework/UnityEditor.TestRunner/UnityEditor.TestRunner.asmdef' with importer (AssemblyDefinitionImporter)
Imported 'GUID: 0acc523941302664db1f4e527237feb3' -> (Import Result ID: 'e2f348df875f6247245c2f700d815735') in 0.002 seconds [static dependencies only]. Details - ImportResultOutputID=666b13231f973a40371f8a88a79fd45e DependenciesID=612cc8c97fe328230cfa9ae0658786b9 StaticDependenciesID=bbf7215ccf291794fe8ed3b5ea133e60 
Importing 'GUID: 51fa60bb2bd1e5bc74e8cc95a7bfd5b7 - Path: Packages/com.unity.modules.ui/package.ModuleCompilationTrigger' with importer (DefaultImporter)
Imported 'GUID: 51fa60bb2bd1e5bc74e8cc95a7bfd5b7' -> (Import Result ID: '0e6c19f382af6f75a9394f69adf788bd') in 0.058 seconds [static dependencies only]. Details - ImportResultOutputID=6e559821e528ff0e1a68c3b7765614d2 DependenciesID=89d09727dde36d60bf3bc38270dcfe28 StaticDependenciesID=3c1226af24afdaaba5f6812b32e68603 
Importing 'GUID: 71136fc5cf34f2cc10be0e33c0b08019 - Path: Packages/com.unity.modules.unityanalytics/package.ModuleCompilationTrigger' with importer (DefaultImporter)
Imported 'GUID: 71136fc5cf34f2cc10be0e33c0b08019' -> (Import Result ID: '56d126e4d1bc3d7b9e851b6322fe1bf8') in 0.002 seconds [static dependencies only]. Details - ImportResultOutputID=19db86d6fd47355ede82a1c702bde617 DependenciesID=b7469a4e7d2ca43e0537a7ec0ec6f7f8 StaticDependenciesID=0fa4fc0f2aeadebbd7eb627812335e19 
Importing 'GUID: 71e7167b55a3448b38774a3bb6e05bac - Path: Packages/com.unity.modules.timelinefoundation/package.ModuleCompilationTrigger' with importer (DefaultImporter)
Imported 'GUID: 71e7167b55a3448b38774a3bb6e05bac' -> (Import Result ID: 'a6bec22fa10db9f7f35c7bd13e010a27') in 0.002 seconds [static dependencies only]. Details - ImportResultOutputID=c5890c0237407de11fec9407c846284f DependenciesID=36a0517f4d644b89cbe480485858a8bb StaticDependenciesID=25f461b927f097c38d0dbd784655af32 
Importing 'GUID: a1c42005fe7c5d78585a77ce396a5eea - Path: Packages/com.unity.modules.tilemap/package.ModuleCompilationTrigger' with importer (DefaultImporter)
Imported 'GUID: a1c42005fe7c5d78585a77ce396a5eea' -> (Import Result ID: '3e9d656e966633573cb2046a22ae4ca5') in 0.002 seconds [static dependencies only]. Details - ImportResultOutputID=41e18ad721a806fe228204bdeef3a130 DependenciesID=97ef5d5583d5a20672f05956a22555d4 StaticDependenciesID=4ee5382b003fc77fa6aba69871f9e483 
Importing 'GUID: d104359075a97392b803d3d5aebc77f7 - Path: Packages/com.unity.modules.hierarchycore/package.ModuleCompilationTrigger' with importer (DefaultImporter)
Imported 'GUID: d104359075a97392b803d3d5aebc77f7' -> (Import Result ID: '636638bc242e6bdeeae1ff976ac45eea') in 0.002 seconds [static dependencies only]. Details - ImportResultOutputID=1072526eb62216a1dc59d571676cf01f DependenciesID=69277dae5c49201d36383230841bb75b StaticDependenciesID=afc1e02b93f4652d9379104da0050c0e 
Importing 'GUID: 222fc39b0c85d800342910da2cd64781 - Path: Packages/com.unity.modules.assetbundle/package.ModuleCompilationTrigger' with importer (DefaultImporter)
Imported 'GUID: 222fc39b0c85d800342910da2cd64781' -> (Import Result ID: '0fd01ec1cec49f43ec72c5169f6a2f32') in 0.002 seconds [static dependencies only]. Details - ImportResultOutputID=7310c3d2b5a0454edeaf1531193e1a44 DependenciesID=fe2b344c41a59d7326b14e42dbe8dfa7 StaticDependenciesID=068dda8c383984ece564f394f95f8957 
Importing 'GUID: d2ec2d1228c8e67cdd913cb5609176a2 - Path: Packages/com.unity.modules.unitywebrequest/package.ModuleCompilationTrigger' with importer (DefaultImporter)
Imported 'GUID: d2ec2d1228c8e67cdd913cb5609176a2' -> (Import Result ID: 'a3f2f0e23f3ad60f0708fa9556b1addd') in 0.002 seconds [static dependencies only]. Details - ImportResultOutputID=fa2ee3949a508ef3b244c0a794acf950 DependenciesID=cbbd01d5144c855f237ee6f40affeaad StaticDependenciesID=373cbc2130578c37890108d08e3aa5a8 
Importing 'GUID: e2d09a26ce46dc617b54e49a534ace20 - Path: Packages/com.unity.modules.ai/package.ModuleCompilationTrigger' with importer (DefaultImporter)
Imported 'GUID: e2d09a26ce46dc617b54e49a534ace20' -> (Import Result ID: 'c84fbdd4c3af86792ea6d72c160432c9') in 0.002 seconds [static dependencies only]. Details - ImportResultOutputID=ee6d62765d5e314c9a6c39429e765ae4 DependenciesID=9494f1933888c1f65785ae70d1f831f9 StaticDependenciesID=6c7c4c8e791c4aa26cc383c6d60585b1 
Importing 'GUID: 23032f4383e95e772bce465c5896d0fd - Path: Packages/com.unity.modules.terrain/package.ModuleCompilationTrigger' with importer (DefaultImporter)
Imported 'GUID: 23032f4383e95e772bce465c5896d0fd' -> (Import Result ID: 'bd30ba83ed02823c9e823c14b941a7f1') in 0.002 seconds [static dependencies only]. Details - ImportResultOutputID=f8cc97289111b69a8286fb59513f51d0 DependenciesID=f7f84d52c1320d9424f005284d1bf4d4 StaticDependenciesID=5c35be58abc6fbf8152e89babfca9984 
Importing 'GUID: 830a36a23cf3ab1e61fa47940a6dc35e - Path: Packages/com.unity.modules.imageconversion/package.ModuleCompilationTrigger' with importer (DefaultImporter)
Imported 'GUID: 830a36a23cf3ab1e61fa47940a6dc35e' -> (Import Result ID: 'be0b67b432003b038cf0bb92e1d77b13') in 0.002 seconds [static dependencies only]. Details - ImportResultOutputID=76d29ea8d45d8514b9b32b4ce101e77e DependenciesID=7f550e29dfcaa81d6d67cc4988f0b7c8 StaticDependenciesID=7f600a175e09c6006f9088f92f2c1098 
Importing 'GUID: a31a332ce3485f00f7df8d987302a29c - Path: Packages/com.unity.modules.unitywebrequesttexture/package.ModuleCompilationTrigger' with importer (DefaultImporter)
Imported 'GUID: a31a332ce3485f00f7df8d987302a29c' -> (Import Result ID: '7029b3a7fbb8733a8662ce0664153cce') in 0.002 seconds [static dependencies only]. Details - ImportResultOutputID=a17619517ae6297bd7d73537d7aa1eef DependenciesID=4cb8ff9f6c9825e23497eb6dfab28558 StaticDependenciesID=cee85ab715b09873ab2419e18d764d2a 
Importing 'GUID: 042dc296246916648e55a43d0eeb2036 - Path: Packages/com.unity.modules.audio/package.ModuleCompilationTrigger' with importer (DefaultImporter)
Imported 'GUID: 042dc296246916648e55a43d0eeb2036' -> (Import Result ID: 'eb5c5d20fc9656beee57de382516913d') in 0.002 seconds [static dependencies only]. Details - ImportResultOutputID=db7c8acc5ec18f8d94381a817bd4639b DependenciesID=f2e5ad5e1d5d153fc84b7341a3ca872f StaticDependenciesID=987edeb86285dfb2f2b949491eb5ed6c 
Importing 'GUID: 14e86f88e9a8c9c448d7e7df92f2aeec - Path: Packages/com.unity.modules.physicscore2d/package.ModuleCompilationTrigger' with importer (DefaultImporter)
Imported 'GUID: 14e86f88e9a8c9c448d7e7df92f2aeec' -> (Import Result ID: '2c973c246328c75cfbee9b147c533aec') in 0.002 seconds [static dependencies only]. Details - ImportResultOutputID=4f921d24b7de923e48844f6cc629c5fc DependenciesID=5c2b2ed5b2c80f68f171a4ee31fd57d0 StaticDependenciesID=b0c4b38fa6509f6aac786da76715b668 
Importing 'GUID: 553737203d61a8109f9544a97201e1aa - Path: Packages/com.unity.modules.unitywebrequestaudio/package.ModuleCompilationTrigger' with importer (DefaultImporter)
Imported 'GUID: 553737203d61a8109f9544a97201e1aa' -> (Import Result ID: '0f4eb7ae2b60b7c89087cdbc39d4a4fe') in 0.002 seconds [static dependencies only]. Details - ImportResultOutputID=64727956256aa51f7cb2d4856cb94864 DependenciesID=cd465c0c33eadf2436e57ee7f25fa7fb StaticDependenciesID=bd9a4bcd391b2567d2810cdd845fb0eb 
Importing 'GUID: e5c46c19ce0ce2e0103aa6f82df1043a - Path: Packages/com.unity.modules.vehicles/package.ModuleCompilationTrigger' with importer (DefaultImporter)
Imported 'GUID: e5c46c19ce0ce2e0103aa6f82df1043a' -> (Import Result ID: 'b99ed6723b74a4d66aa0206620636a07') in 0.002 seconds [static dependencies only]. Details - ImportResultOutputID=9b7b8c0cced984a57484c36eeeb14744 DependenciesID=ef2dffd146da6b275d6d1e44bea61be8 StaticDependenciesID=9ca15e267986355ee32da087f45ce101 
Importing 'GUID: 7610600f5c83e01041a6fe849d39279f - Path: Packages/com.unity.modules.unitywebrequestassetbundle/package.ModuleCompilationTrigger' with importer (DefaultImporter)
Imported 'GUID: 7610600f5c83e01041a6fe849d39279f' -> (Import Result ID: 'd143180331801b6afac4cb0441c03e0e') in 0.002 seconds [static dependencies only]. Details - ImportResultOutputID=f30f7eaa989873c773f075bfa516083b DependenciesID=688e9abb6902a064839efe5478506764 StaticDependenciesID=d0e36a883dc7d1e0c9c852b0a2bc5946 
Importing 'GUID: e6a135e3ea9cb46795d1b0e05ac3e1e5 - Path: Packages/com.unity.modules.jsonserialize/package.ModuleCompilationTrigger' with importer (DefaultImporter)
Imported 'GUID: e6a135e3ea9cb46795d1b0e05ac3e1e5' -> (Import Result ID: 'c71f379f57b8b9297518a0ca2d221294') in 0.002 seconds [static dependencies only]. Details - ImportResultOutputID=fe2252d2af7741e3b7227eed79d28422 DependenciesID=4d9d5a211e60a1a74167fb8bdba07a36 StaticDependenciesID=b0b22eccfcc75550cfd5416b8ccadc34 
Importing 'GUID: f62135e79edb837b2d2ee3c524da864c - Path: Packages/com.unity.modules.video/package.ModuleCompilationTrigger' with importer (DefaultImporter)
Imported 'GUID: f62135e79edb837b2d2ee3c524da864c' -> (Import Result ID: '3aef036da86c810165ec7e6a476a5e6a') in 0.002 seconds [static dependencies only]. Details - ImportResultOutputID=3eada0df8170b53fc4bf86e17012a94e DependenciesID=22c43316fff881fb5401b42ecaa5cf6b StaticDependenciesID=fbd77c14c4971f0ecd6ad9fa2e1328c7 
Importing 'GUID: 17f093324b67f5bd57e55b546736750e - Path: Packages/com.unity.modules.particlesystem/package.ModuleCompilationTrigger' with importer (DefaultImporter)
Imported 'GUID: 17f093324b67f5bd57e55b546736750e' -> (Import Result ID: 'f5f31d1663e5c8d3331bb37242222224') in 0.002 seconds [static dependencies only]. Details - ImportResultOutputID=03b670f3bb0647212e588851cc9790ce DependenciesID=7cd4b0bd5e72584af4ea6e0c0211374b StaticDependenciesID=093f92235b507c1e02fa5e78da745e12 
Importing 'GUID: 4745d06d5a7ca576dcf9e5e67b417652 - Path: Packages/com.unity.modules.accessibility/package.ModuleCompilationTrigger' with importer (DefaultImporter)
Imported 'GUID: 4745d06d5a7ca576dcf9e5e67b417652' -> (Import Result ID: '397e51aa7e4f499b0e5205ffb978fc4e') in 0.002 seconds [static dependencies only]. Details - ImportResultOutputID=b1f5e4e3c8972d4630691b43df2bbfd5 DependenciesID=1c2a5a75fdeca1a9ece56ca2cd130f73 StaticDependenciesID=d3721eb1044daf5752f2a6dc41e1fbad 
Importing 'GUID: c7a8b0317f4e68556d7509828e9e211e - Path: Packages/com.unity.modules.xr/package.ModuleCompilationTrigger' with importer (DefaultImporter)
Imported 'GUID: c7a8b0317f4e68556d7509828e9e211e' -> (Import Result ID: 'e6bc977ec43908b8c483480c50ba709b') in 0.002 seconds [static dependencies only]. Details - ImportResultOutputID=3c34469eeb3b36ac519079aacda65087 DependenciesID=d798ecfd2d3e606ae271c325f8d3f9d8 StaticDependenciesID=e7f1a4af7c34a1d23cbcb270e74c5222 
Importing 'GUID: 082fbee38a82835433261a5e9c00e267 - Path: Packages/com.unity.modules.cloth/package.ModuleCompilationTrigger' with importer (DefaultImporter)
Imported 'GUID: 082fbee38a82835433261a5e9c00e267' -> (Import Result ID: '054de114cf7b1ddb2123ab78864bfa32') in 0.002 seconds [static dependencies only]. Details - ImportResultOutputID=9be4c5c78bb42c0f666e2a3f388dc295 DependenciesID=9832c12933ccfc77258802dcb0e3f72b StaticDependenciesID=ef90c48130220f5be7a14d844c91ba67 
Importing 'GUID: c82e859b16636ddd2ca4a1f63fd34938 - Path: Packages/com.unity.modules.androidjni/package.ModuleCompilationTrigger' with importer (DefaultImporter)
Imported 'GUID: c82e859b16636ddd2ca4a1f63fd34938' -> (Import Result ID: 'ff8c030b16c1cc7102200c9ad9435e1d') in 0.002 seconds [static dependencies only]. Details - ImportResultOutputID=55f36a6ec0ad2395ab65ece168bae855 DependenciesID=d43e9c36192ead1f86158e7e35972b1d StaticDependenciesID=5262811eb11f19499d820f4d7138ccaa 
Importing 'GUID: c88e90bad18cceb5d182d0c805883056 - Path: Packages/com.unity.modules.director/package.ModuleCompilationTrigger' with importer (DefaultImporter)
Imported 'GUID: c88e90bad18cceb5d182d0c805883056' -> (Import Result ID: 'df5c6bef6720749769e0f29a7b968a5d') in 0.002 seconds [static dependencies only]. Details - ImportResultOutputID=990ca6c83905e57d0ad7cd210f7cd2f4 DependenciesID=b85bfdded66e51812773514932e1aca5 StaticDependenciesID=af76e0aacb3cf0fe693097321b8bc037 
Importing 'GUID: 1af35a910338381f753e8a985eb5daab - Path: Packages/com.unity.modules.adaptiveperformance/package.ModuleCompilationTrigger' with importer (DefaultImporter)
Imported 'GUID: 1af35a910338381f753e8a985eb5daab' -> (Import Result ID: 'fc49569651cc7b30f65743e4c018033a') in 0.002 seconds [static dependencies only]. Details - ImportResultOutputID=38b55a11ad75d8d562e364a238f3edd6 DependenciesID=31de37ff8b9a96f332a1fe4c4b17e97a StaticDependenciesID=b97217f7ec03d510a9073c02c264b8d7 
Importing 'GUID: 2adec19fac7df68adf1fd6eb83197bb1 - Path: Packages/com.unity.modules.wind/package.ModuleCompilationTrigger' with importer (DefaultImporter)
Imported 'GUID: 2adec19fac7df68adf1fd6eb83197bb1' -> (Import Result ID: '6f5329e3c0cac076202f7a8638885e2a') in 0.002 seconds [static dependencies only]. Details - ImportResultOutputID=7f18c13849c24c83cffeb627f22214a1 DependenciesID=0282cb2b50e52649b51b1218e25d341f StaticDependenciesID=eacd0b75a9f702da0584600b1d54bde7 
Importing 'GUID: 8a752aaaadd2410dd9a84e01c1bace9f - Path: Packages/com.unity.modules.uielements/package.ModuleCompilationTrigger' with importer (DefaultImporter)
Imported 'GUID: 8a752aaaadd2410dd9a84e01c1bace9f' -> (Import Result ID: 'dc6f24ef124e8a1d93aeb4a49c9f2f2f') in 0.002 seconds [static dependencies only]. Details - ImportResultOutputID=058332d648d7f8084d1da6808467f61f DependenciesID=2d44fed7f892601fa61b2fed977658e7 StaticDependenciesID=ebedc7cdf67042358e558fc7d3cb11d5 
Importing 'GUID: 1b6246f2248883964991eac9e9b4817c - Path: Packages/com.unity.modules.umbra/package.ModuleCompilationTrigger' with importer (DefaultImporter)
Imported 'GUID: 1b6246f2248883964991eac9e9b4817c' -> (Import Result ID: 'e584efd2346a6fcd345a9419a0e8a578') in 0.002 seconds [static dependencies only]. Details - ImportResultOutputID=b67f1a35dabb3a69e999ed6262ee3706 DependenciesID=acae37db5af4c558d67e981e08dc71f4 StaticDependenciesID=4c307308065751d30c0501355fc00317 
Importing 'GUID: 4bf139fc5e9d9240edc107e25d67d398 - Path: Packages/com.unity.modules.tetgen/package.ModuleCompilationTrigger' with importer (DefaultImporter)
Imported 'GUID: 4bf139fc5e9d9240edc107e25d67d398' -> (Import Result ID: '32c0a5c247b7d4630e34dc8a23b68bbe') in 0.002 seconds [static dependencies only]. Details - ImportResultOutputID=65cbec6ab1d9e8bebe15b1d11261c757 DependenciesID=f8e401a0bd87c3dc127a91c1ab3cd02f StaticDependenciesID=bcf844a6408d7a7017ee86bb65031aa6 
Importing 'GUID: cbb1a39d56ce4d9ac1a46ac505893fa7 - Path: Packages/com.unity.modules.terrainphysics/package.ModuleCompilationTrigger' with importer (DefaultImporter)
Imported 'GUID: cbb1a39d56ce4d9ac1a46ac505893fa7' -> (Import Result ID: '0015779f9cd014ade85ffd7046bb2285') in 0.002 seconds [static dependencies only]. Details - ImportResultOutputID=55421b023a735b0064eb2b4eb850448a DependenciesID=f66c66036bb2a04dc531dade5a20af10 StaticDependenciesID=9281758ea84e1fefc5eeb8796f201f8d 
Importing 'GUID: db8e609a39b9b231fccc54e5fa4cbd1b - Path: Packages/com.unity.modules.animation/package.ModuleCompilationTrigger' with importer (DefaultImporter)
Imported 'GUID: db8e609a39b9b231fccc54e5fa4cbd1b' -> (Import Result ID: '64bdd471f684b7215418c8ebb98646e6') in 0.002 seconds [static dependencies only]. Details - ImportResultOutputID=bd54157e641a087b027334797ac1bb4e DependenciesID=63ee899a18461a3d707a245c13219acd StaticDependenciesID=45113d4b06d87e4212ca0fd971c6f675 
Importing 'GUID: 3cc1ebf2abb7fef6871ad48f499b6e21 - Path: Packages/com.unity.modules.vectorgraphics/package.ModuleCompilationTrigger' with importer (DefaultImporter)
Imported 'GUID: 3cc1ebf2abb7fef6871ad48f499b6e21' -> (Import Result ID: '691e04633c45bc3a459c56548c37507c') in 0.002 seconds [static dependencies only]. Details - ImportResultOutputID=f888f024258c75377d48b95d8eccd14d DependenciesID=8afc27de05790c97bc976e3bb8e1a82d StaticDependenciesID=27d17b554dfb7e9c29707348538cb25c 
Importing 'GUID: 5c1ee4056d0ac7ad3c5a16597fcaa38a - Path: Packages/com.unity.modules.physics/package.ModuleCompilationTrigger' with importer (DefaultImporter)
Imported 'GUID: 5c1ee4056d0ac7ad3c5a16597fcaa38a' -> (Import Result ID: '0f78740e1b0faf652d13359c837630fa') in 0.002 seconds [static dependencies only]. Details - ImportResultOutputID=0711ed6008a670c121290dcbcce4e191 DependenciesID=1deaa0db5f99f0028b0739739357e86b StaticDependenciesID=93b97e97dbe87d17a699457ed0c8bfdb 
Importing 'GUID: 8d4bc6bfa28760b29f13174d6b6ea710 - Path: Packages/com.unity.modules.subsystems/package.ModuleCompilationTrigger' with importer (DefaultImporter)
Imported 'GUID: 8d4bc6bfa28760b29f13174d6b6ea710' -> (Import Result ID: '5ba628f7dd061e6c6125f1d10a64f3cc') in 0.002 seconds [static dependencies only]. Details - ImportResultOutputID=506707270f0b52336d3dc2706a7b00f3 DependenciesID=b542271c0169491e5e8c11b6ca61744b StaticDependenciesID=f8416302fe8f15d94abef2ac59f5532a 
Importing 'GUID: cd561f5f687aed43bf280c27a84f79e3 - Path: Packages/com.unity.modules.screencapture/package.ModuleCompilationTrigger' with importer (DefaultImporter)
Imported 'GUID: cd561f5f687aed43bf280c27a84f79e3' -> (Import Result ID: '44b7856086d9635bc03bb42d4968c411') in 0.002 seconds [static dependencies only]. Details - ImportResultOutputID=c0a8303c6754efb32cd09ffd146f4f49 DependenciesID=c0c206a2785c8acb2042240a2f88798b StaticDependenciesID=ffe48f33e27a5f63f50b47fe4620e5e4 
Importing 'GUID: ae87256f29d9c8b50490f4caf75b2c41 - Path: Packages/com.unity.modules.unitywebrequestwww/package.ModuleCompilationTrigger' with importer (DefaultImporter)
Imported 'GUID: ae87256f29d9c8b50490f4caf75b2c41' -> (Import Result ID: '04c5ca5b57cafa76228e9ce9042e8863') in 0.002 seconds [static dependencies only]. Details - ImportResultOutputID=e6bac705e462011a5c14df84abae17b9 DependenciesID=313bca068a82967cd7169028c09e9c78 StaticDependenciesID=794bf6e576894272110ccdcb72c79620 
Importing 'GUID: be13c398521e3c1ad21fb9da30ab2ab6 - Path: Packages/com.unity.modules.imgui/package.ModuleCompilationTrigger' with importer (DefaultImporter)
Imported 'GUID: be13c398521e3c1ad21fb9da30ab2ab6' -> (Import Result ID: 'f88617f8755f3cc7c522b80bad4b2bff') in 0.002 seconds [static dependencies only]. Details - ImportResultOutputID=bbfcda24188a78ea8f934cd6f1d77d47 DependenciesID=1676049d7bfc560c2876453352831559 StaticDependenciesID=1484f2e44d4504480cf87fd155816ecc 
Importing 'GUID: fe6a6957b37b61417b457a1e0541791d - Path: Packages/com.unity.modules.physics2d/package.ModuleCompilationTrigger' with importer (DefaultImporter)
Imported 'GUID: fe6a6957b37b61417b457a1e0541791d' -> (Import Result ID: '277c9d9c9443fa4d20de51563b0d83a5') in 0.002 seconds [static dependencies only]. Details - ImportResultOutputID=0029339c38fd9ee58145f1e3cabdd15e DependenciesID=adeb826391ab9c6ccdea71424fa76aa4 StaticDependenciesID=a2616f4ea2d94c01ce1fa3af66244439 
Native extension for WindowsStandalone target not found
ScheduleIndexationOnStartup MainProcess:True IndexOnStartup:True
Scripting: successfully reloaded assembly
- Finished resetting the current domain, in  1.710 seconds
Domain Reload Profiling: 3579ms
	BeginReloadAssembly (869ms)
		DisableScriptedObjects (75ms)
		CreateAndSetChildDomain (232ms)
	RebuildCommonClasses (31ms)
	RebuildNativeTypeToScriptingClass (59ms)
	initialDomainReloadingComplete (166ms)
	LoadAllAssembliesAndSetupDomain (739ms)
		LoadAssemblies (687ms)
		TypeCache.Refresh (43ms)
			TypeCache.ScanAssembly (29ms)
		AnalyzeDomain (25ms)
			BuildScriptInfoCaches (21ms)
	FinalizeReload (1714ms)
		SetupLoadedEditorAssemblies (0ms)
			LogAssemblyErrors (4ms)
			InitializePlatformSupportModulesInManaged (5ms)
			BeforeProcessingInitializeOnLoad (378ms)
			ProcessInitializeOnLoadAttributes (423ms)
			ProcessInitializeOnLoadMethodAttributes (134ms)
			AfterProcessingInitializeOnLoad (38ms)
			EditorAssembliesLoaded (3ms)
		AwakeInstancesAfterBackupRestoration (101ms)
Starting new worker id: 0 with log in C:/Users/bijou/OneDrive/Documents/GitHub/CART 315/CART315_P1_Pong-main/Logs/AssetImportWorkerHW0.log
Importing 'GUID: 00000000000000005000000000000000 - Path: Library/BuildPlayer.prefs' with importer (DefaultImporter)
Imported 'GUID: 00000000000000005000000000000000' -> (Import Result ID: 'e7fde0b61ad1bb905306708466de98ff') in 0.023 seconds [static dependencies only]. Details - ImportResultOutputID=5acc0d65895b3924819acc0f7e0e29d2 DependenciesID=59ca58ea3aedb06da41e45fbc07180ca StaticDependenciesID=37539b702cdc10d1395751c96f99732e 
Importing 'GUID: 585c3fb85b32bd64e8814074e754163e - Path: Packages/com.unity.ide.visualstudio/Editor/VSWhere/vswhere.exe' with importer (DefaultImporter)
Imported 'GUID: 585c3fb85b32bd64e8814074e754163e' -> (Import Result ID: '701e5b472d57295940ce3e5e00167b53') in 0.019 seconds [static dependencies only]. Details - ImportResultOutputID=fd84ef82b906939aad1911d355b2029d DependenciesID=a9c3f6abe0e86ff7a75e134f5648d5a7 StaticDependenciesID=41bf4a9549fbc4054f90b893523d36b2 
Importing 'GUID: cb67edc1800c2ec4ba8dfb1cf0dfc84a - Path: Packages/com.unity.ide.visualstudio/Editor/COMIntegration/Release/COMIntegration.exe' with importer (DefaultImporter)
Imported 'GUID: cb67edc1800c2ec4ba8dfb1cf0dfc84a' -> (Import Result ID: '90829e31db53b07a994dc2fadb541224') in 0.002 seconds [static dependencies only]. Details - ImportResultOutputID=b9c287c27e0f1bb4e3c7a5e560e89af8 DependenciesID=b092e555a70bb69d0dae40a46a793207 StaticDependenciesID=06d3555c8fa1daca7c820cb967bf7888 
Importing 'GUID: 30b312a167534621b316172253b08723 - Path: Packages/com.unity.modules.subsystems/package.json' with importer (PackageManifestImporter)
Imported 'GUID: 30b312a167534621b316172253b08723' -> (Import Result ID: '91cadbda1f4551ba4ae374b5d4ebbb95') in 0.002 seconds [static dependencies only]. Details - ImportResultOutputID=f12373219448441b0341099e7af5eb41 DependenciesID=c3a1a64a1ed707356763ac5780bfff54 StaticDependenciesID=b0c5384f3a63b37ff1cc33155b308e39 
Importing 'GUID: 40bf3cec17fa0b49fe04443c8332d638 - Path: Packages/com.unity.modules.jsonserialize/package.json' with importer (PackageManifestImporter)
Imported 'GUID: 40bf3cec17fa0b49fe04443c8332d638' -> (Import Result ID: '062926dc2f811d5fa649e1a6cf35b2be') in 0.002 seconds [static dependencies only]. Details - ImportResultOutputID=d715bb69eb97158ae78ee98bcdc249c8 DependenciesID=4e6f9b5b81636b56298af5228107b3cb StaticDependenciesID=0fc633a2d442bf1460b6d27ccd581959 
Importing 'GUID: 6022bdd5b2896a54f94123b812705321 - Path: Packages/com.unity.ide.visualstudio/CHANGELOG.md' with importer (TextScriptImporter)
Imported 'GUID: 6022bdd5b2896a54f94123b812705321' -> (Import Result ID: 'ef287330416445f6e6232585ee0948a3') in 0.003 seconds [static dependencies only]. Details - ImportResultOutputID=c0e58df697d8d3aed0a3958a0ae37c00 DependenciesID=5dae0207f906ef7c56008bf3abe2c0ab StaticDependenciesID=3bc5f93312d6c771c47ec3111a32a56e 
Importing 'GUID: 80beef77cb19e713c7c2d481b65ed485 - Path: Packages/com.unity.modules.screencapture/package.json' with importer (PackageManifestImporter)
Imported 'GUID: 80beef77cb19e713c7c2d481b65ed485' -> (Import Result ID: '43371bca79999413678980d6fc470d9b') in 0.002 seconds [static dependencies only]. Details - ImportResultOutputID=b4ffc84b5928a9d8fa48bb1ab9ca0965 DependenciesID=c066d8070b2f6fb0d766951c3eb71b2b StaticDependenciesID=39cc6ec39bb1615df8637c27727a4672 
Importing 'GUID: 906c12bc9cd95d3963c6d58f62522c78 - Path: Packages/com.unity.modules.cloth/package.json' with importer (PackageManifestImporter)
Imported 'GUID: 906c12bc9cd95d3963c6d58f62522c78' -> (Import Result ID: '20459150db32dbf40baebe3351f8536a') in 0.002 seconds [static dependencies only]. Details - ImportResultOutputID=40599719a159f2424dc6caf7e57b374b DependenciesID=fa4d36e58cf5cfff9338af3c71e3bcd4 StaticDependenciesID=0cc8c8dd8d90fcd1bb3a740f254ee7cb 
Importing 'GUID: d0e3ad91972c66f5238f5b9b7d5ae58a - Path: Packages/com.unity.modules.unitywebrequesttexture/package.json' with importer (PackageManifestImporter)
Imported 'GUID: d0e3ad91972c66f5238f5b9b7d5ae58a' -> (Import Result ID: '29c257d3f95ab1385a113e0721079503') in 0.002 seconds [static dependencies only]. Details - ImportResultOutputID=f9819a2814b9d346b95c32cadc86b95f DependenciesID=519cc091285c3f57de53fce00a91dff1 StaticDependenciesID=de4675f32f28c25d668fe6a485729132 
Importing 'GUID: f0f13f2ab3d6d13cfc6e4656824bfca8 - Path: Packages/com.unity.modules.ai/package.json' with importer (PackageManifestImporter)
Imported 'GUID: f0f13f2ab3d6d13cfc6e4656824bfca8' -> (Import Result ID: 'e8ffbb81041722dd8a51842cf8aa5b1a') in 0.002 seconds [static dependencies only]. Details - ImportResultOutputID=6c1e1e68cc352ca0c8f4fa95c3c80fe9 DependenciesID=0836e57675788e3b5d3d53f00dfdf241 StaticDependenciesID=ef62caa18b85eae761e5b71f9a8f42c6 
Importing 'GUID: 8143d3a8390f2c64685e3bc272bd9e90 - Path: Packages/com.unity.ext.nunit/package.json' with importer (PackageManifestImporter)
Imported 'GUID: 8143d3a8390f2c64685e3bc272bd9e90' -> (Import Result ID: '348e755bcd88ed4be531481a0e37aaa3') in 0.002 seconds [static dependencies only]. Details - ImportResultOutputID=47b4f14681140d9bb1e09b9c9db18de3 DependenciesID=2695f3a8acff006aa04eff3e4dc77303 StaticDependenciesID=cf644d6770398a85ed11d59f3fc82bcf 
Importing 'GUID: e1ef8466c8fd01a549f10baa4d51fa17 - Path: Packages/com.unity.modules.assetbundle/package.json' with importer (PackageManifestImporter)
Imported 'GUID: e1ef8466c8fd01a549f10baa4d51fa17' -> (Import Result ID: '748132f011a260c8df556b8cee535e4c') in 0.002 seconds [static dependencies only]. Details - ImportResultOutputID=cfe9da6d42ce96a22193f1d8b2af86ad DependenciesID=16c55702c0aaaab1de43bc36cec08d92 StaticDependenciesID=7a1bc9322701c6205e280c430adfb524 
Importing 'GUID: 42fe78c8fe682715a2cb531422e6ccb3 - Path: Packages/com.unity.modules.imgui/package.json' with importer (PackageManifestImporter)
Imported 'GUID: 42fe78c8fe682715a2cb531422e6ccb3' -> (Import Result ID: '38d3bb719d37ec99f8a9f6c14d39c414') in 0.001 seconds [static dependencies only]. Details - ImportResultOutputID=a5346159d22bce0395fd3c3cfff1d1a1 DependenciesID=bb3e0f71c194a791f04bcb82e59b0e77 StaticDependenciesID=fcba81c59960cbb5fd08016f128ba1a0 
Importing 'GUID: 92a378669877c05c6071d0fed687bb95 - Path: Packages/com.unity.modules.tilemap/package.json' with importer (PackageManifestImporter)
Imported 'GUID: 92a378669877c05c6071d0fed687bb95' -> (Import Result ID: '08175b43d19d068c3d070bec5e4db444') in 0.002 seconds [static dependencies only]. Details - ImportResultOutputID=23dd1249d007cf65d61b546a4fe02828 DependenciesID=d50bdc650850cd95506663c9d7227b68 StaticDependenciesID=7ba57acf13f14af7fe4f557b15547504 
Importing 'GUID: 43674d438e19b89d7fe6af07234f3252 - Path: Packages/com.unity.modules.accessibility/package.json' with importer (PackageManifestImporter)
Imported 'GUID: 43674d438e19b89d7fe6af07234f3252' -> (Import Result ID: 'f8c87b4fbc6298e300bc3ef00722b65a') in 0.002 seconds [static dependencies only]. Details - ImportResultOutputID=09acbb368a6bac60c9ab3566ee7106ae DependenciesID=921d601850da1ec9b05f1f468436ab0e StaticDependenciesID=c19d0189e83c9cd3e5aa4d1c325afb07 
Importing 'GUID: 939b89fc6b924ea2e821fc1be1b09f56 - Path: Packages/com.unity.modules.tetgen/package.json' with importer (PackageManifestImporter)
Imported 'GUID: 939b89fc6b924ea2e821fc1be1b09f56' -> (Import Result ID: '11768157ac485b2639961b8822c46966') in 0.002 seconds [static dependencies only]. Details - ImportResultOutputID=29fa5e06454fd7d4a3de4ebaad1b9fb3 DependenciesID=c1b4948256745152fc2049e828600095 StaticDependenciesID=85fe6b83da180efd3b8a71f4f73ea1d2 
Importing 'GUID: a3f71b076c36a204a864f8c44142b3a9 - Path: Packages/com.unity.ide.visualstudio/ValidationConfig.json' with importer (TextScriptImporter)
Imported 'GUID: a3f71b076c36a204a864f8c44142b3a9' -> (Import Result ID: '6bc194c0e5cf2c0ea377129ee0200221') in 0.002 seconds [static dependencies only]. Details - ImportResultOutputID=cff9390ab0252068bea3e095f4d8ef8d DependenciesID=9d8b025ffb710ac31101c22b75c904b3 StaticDependenciesID=cb892ee866859957be28e6dcd81741fb 
Importing 'GUID: d3cbe921f7b3d9a3257e7c61a5761796 - Path: Packages/com.unity.modules.terrainphysics/package.json' with importer (PackageManifestImporter)
Imported 'GUID: d3cbe921f7b3d9a3257e7c61a5761796' -> (Import Result ID: 'c6962603b20062c5a3d8cbe46638f06b') in 0.002 seconds [static dependencies only]. Details - ImportResultOutputID=dd1e3adb7083a3027e8e76a0f466a653 DependenciesID=6517e97cccb0ebb2f51518d264d97ccd StaticDependenciesID=89337a2390f409565d8be9f960167083 
Importing 'GUID: 2479a4656ed89570ebd1de1fdda3dae5 - Path: Packages/com.unity.modules.timelinefoundation/package.json' with importer (PackageManifestImporter)
Imported 'GUID: 2479a4656ed89570ebd1de1fdda3dae5' -> (Import Result ID: '0302208327ef60b38a6c6ef73efb8e67') in 0.002 seconds [static dependencies only]. Details - ImportResultOutputID=46a2b4bb43d4824a41d6c5129c0be0e9 DependenciesID=da2ed76247ab9d845fc0bddff5663209 StaticDependenciesID=89e750f67239ef258d2e24cbb0e9b393 
Importing 'GUID: f49bbe06ffa5ae24abe32abdab430c24 - Path: Packages/com.unity.ext.nunit/CHANGELOG.md' with importer (TextScriptImporter)
Imported 'GUID: f49bbe06ffa5ae24abe32abdab430c24' -> (Import Result ID: 'cd4dff66c699a226bf55f5e7c0a1f4b0') in 0.002 seconds [static dependencies only]. Details - ImportResultOutputID=01168eb68a0f3be6f532fd87433b1d0d DependenciesID=410372227720ae096651114bf4c0a19e StaticDependenciesID=afa1787e8d8c28cb672470fcab17a9b6 
Importing 'GUID: 05f7f519769978b79b31d063a7fc6fa1 - Path: Packages/com.unity.modules.unitywebrequestassetbundle/package.json' with importer (PackageManifestImporter)
Imported 'GUID: 05f7f519769978b79b31d063a7fc6fa1' -> (Import Result ID: '4e7f058c964e1e63e1c953b992af019b') in 0.002 seconds [static dependencies only]. Details - ImportResultOutputID=bc2c97e74faeca88ac7413fb1ab6bdad DependenciesID=4922d3f5480f1c735012b971dc672e06 StaticDependenciesID=d86e0c2d1b53ce6b8f92e493f4765894 
Importing 'GUID: 5598b14661b5f4c43bed757f34b6d172 - Path: Packages/com.unity.ide.rider/LICENSE.md' with importer (TextScriptImporter)
Imported 'GUID: 5598b14661b5f4c43bed757f34b6d172' -> (Import Result ID: 'edf5f386fa5935ba76146f2e667a75ce') in 0.002 seconds [static dependencies only]. Details - ImportResultOutputID=327a019b016b061199b139089c9f7588 DependenciesID=26e7eae126c0167609ad958f04cf5999 StaticDependenciesID=9b3fb3b79c2968dbd1c57f75c7eec358 
Importing 'GUID: 656f74f6edaa396458412b9e3903d8cd - Path: Packages/com.unity.ide.visualstudio/package.json' with importer (PackageManifestImporter)
Imported 'GUID: 656f74f6edaa396458412b9e3903d8cd' -> (Import Result ID: '026fbff18d6d8ccd2105aaf4207fab86') in 0.002 seconds [static dependencies only]. Details - ImportResultOutputID=c6c234ec4788ad4daafb8100490de712 DependenciesID=e856ee9d89f09216e15ef763c814698e StaticDependenciesID=d58099b9ef64c5201453a22746692171 
Importing 'GUID: 953fab16d15d5885b3600fcd6388b2ad - Path: Packages/com.unity.modules.imageconversion/package.json' with importer (PackageManifestImporter)
Imported 'GUID: 953fab16d15d5885b3600fcd6388b2ad' -> (Import Result ID: 'f429bdfb79f913ce8c501a82d8358497') in 0.002 seconds [static dependencies only]. Details - ImportResultOutputID=0e4995c3f3dd5769464d8a543795eb59 DependenciesID=65c452b17df9a2ed2f86b3ad31f5fd59 StaticDependenciesID=3a87574dc1bf2139ab2e833c570d41ac 
Importing 'GUID: b5930dbc378b45d406aeb881f06b6dfa - Path: Packages/com.unity.modules.physicscore2d/package.json' with importer (PackageManifestImporter)
Imported 'GUID: b5930dbc378b45d406aeb881f06b6dfa' -> (Import Result ID: '2a94add01761f8fc65c922a501319370') in 0.002 seconds [static dependencies only]. Details - ImportResultOutputID=af44914a33c884dc4608f0447aad1ab8 DependenciesID=bbce0d58c26795613a52965175925ea9 StaticDependenciesID=920f07d595124003c9dbccbb35574a76 
Importing 'GUID: 26a4f29db434fd79025c91f6126382cc - Path: Packages/com.unity.modules.unityanalytics/package.json' with importer (PackageManifestImporter)
Imported 'GUID: 26a4f29db434fd79025c91f6126382cc' -> (Import Result ID: '1f638ec50865121ee10f404e14c75ab5') in 0.002 seconds [static dependencies only]. Details - ImportResultOutputID=d24cdca416056c3767c03f6739fd11b9 DependenciesID=8bdea4c5466816daf6e8103cf30828da StaticDependenciesID=4ebdb3799ab953706fae87a220b5817b 
Importing 'GUID: 66c95bb3c74257f41bae2622511dc02d - Path: Packages/com.unity.ide.rider/package.json' with importer (PackageManifestImporter)
Imported 'GUID: 66c95bb3c74257f41bae2622511dc02d' -> (Import Result ID: '2d48b3247060e80247497281f12a74d8') in 0.002 seconds [static dependencies only]. Details - ImportResultOutputID=f89ff0383dd1cd9973d5836fc09a4be8 DependenciesID=71ba70c35d6bc9f6ffbb1a3f64b3d602 StaticDependenciesID=af2497d9d1327f4cf331ec0b6078f68f 
Importing 'GUID: 8645aa9c3c74fb34ba9499e14fb332b5 - Path: Packages/com.unity.ide.rider/CHANGELOG.md' with importer (TextScriptImporter)
Imported 'GUID: 8645aa9c3c74fb34ba9499e14fb332b5' -> (Import Result ID: 'ca2f202aafa234975268fc06aed9535b') in 0.002 seconds [static dependencies only]. Details - ImportResultOutputID=dd3c231205f1535e4e5415aae999a968 DependenciesID=11a9b17e0d5c1acc8c70bad97de3a745 StaticDependenciesID=58ddf74d8480a0ce5936b8187118a61f 
Importing 'GUID: 96d14b71b907bb52333b2886e665aba6 - Path: Packages/com.unity.modules.video/package.json' with importer (PackageManifestImporter)
Imported 'GUID: 96d14b71b907bb52333b2886e665aba6' -> (Import Result ID: '6b4f50a4e00b550b15fbd8f3ac5e84b5') in 0.002 seconds [static dependencies only]. Details - ImportResultOutputID=0a5bae1cac69280d6b37914850384cc6 DependenciesID=77125f870918faa373ab6ef5167113de StaticDependenciesID=68f521bd5c1f61d426b3051a918c6b9e 
Importing 'GUID: b6029123aa4ab4e0481a4b3ad8a15af9 - Path: Packages/com.unity.ide.rider/ValidationExceptions.json' with importer (TextScriptImporter)
Imported 'GUID: b6029123aa4ab4e0481a4b3ad8a15af9' -> (Import Result ID: 'bae1c1b0434e288081f0fd8719c30c3d') in 0.002 seconds [static dependencies only]. Details - ImportResultOutputID=6f52e86b1f5116132a8a30131b940fa4 DependenciesID=6a83c3389cff2b6a1a377c08c7d8e8ac StaticDependenciesID=699685fe34e51757b946cd0401fbce0a 
Importing 'GUID: d691174143fd3774ba63d7c493633b99 - Path: Packages/com.unity.test-framework/CHANGELOG.md' with importer (TextScriptImporter)
Imported 'GUID: d691174143fd3774ba63d7c493633b99' -> (Import Result ID: 'c3fca394a9cc09d5d88d3d5a76ec5eb4') in 0.002 seconds [static dependencies only]. Details - ImportResultOutputID=574d6ecf949752cdaa9f864cbd026df1 DependenciesID=3ebce2b7a7e20f8a29d788af81daa402 StaticDependenciesID=3db3ee678f4ead70f7573c01750b7294 
Importing 'GUID: d6a2e6e4803de7b43baacdc355fc144d - Path: Packages/com.unity.test-framework/package.json' with importer (PackageManifestImporter)
Imported 'GUID: d6a2e6e4803de7b43baacdc355fc144d' -> (Import Result ID: '4b899eafef6618b34266f7fa52222bf0') in 0.002 seconds [static dependencies only]. Details - ImportResultOutputID=8016505d6f82683b7a680276e2efcb9a DependenciesID=0ec88bb72c4f9ee5507e3a35aa7adfc4 StaticDependenciesID=40dee2580fdace20e4fd62895bc53e8f 
Importing 'GUID: 87d720faa37005c08600090e04d8c739 - Path: Packages/com.unity.modules.particlesystem/package.json' with importer (PackageManifestImporter)
Imported 'GUID: 87d720faa37005c08600090e04d8c739' -> (Import Result ID: '15ba545013c55640b4ce8e0d94e20d46') in 0.002 seconds [static dependencies only]. Details - ImportResultOutputID=af5c3885a5831dbe4c34a3756290e84a DependenciesID=bbdc17fc46e2a3d1111a4d4e4153fb2a StaticDependenciesID=06de8909aa29b12b2795f90e8aee05d2 
Importing 'GUID: f7a8357347c80dc69c08d0b1a05e2122 - Path: Packages/com.unity.modules.physics2d/package.json' with importer (PackageManifestImporter)
Imported 'GUID: f7a8357347c80dc69c08d0b1a05e2122' -> (Import Result ID: '8e18bbb66b2b3d8f7842ee3a260e5e45') in 0.002 seconds [static dependencies only]. Details - ImportResultOutputID=ffdd5cf71990097dc8e67f888e336b27 DependenciesID=68187d32eb6aebb86cb290844636b6d9 StaticDependenciesID=f56b4961831f9b23bfaa0e5ff6985f7e 
Importing 'GUID: 78e5667e52329c3ceef41288763404ae - Path: Packages/com.unity.modules.vectorgraphics/package.json' with importer (PackageManifestImporter)
Imported 'GUID: 78e5667e52329c3ceef41288763404ae' -> (Import Result ID: '09f01d89e95ac1113032cda9f5947657') in 0.002 seconds [static dependencies only]. Details - ImportResultOutputID=ef5e6b3fee8048647d8f25b6cde53588 DependenciesID=cc5ecf416d7daecaadaacc0456f35c38 StaticDependenciesID=084b183a4b093193949ce92dec6e1dc4 
Importing 'GUID: 7809f42f64c877f4b90ac233e5ec2372 - Path: Packages/com.unity.ide.visualstudio/ThirdPartyNotices.md' with importer (TextScriptImporter)
Imported 'GUID: 7809f42f64c877f4b90ac233e5ec2372' -> (Import Result ID: 'a28aa1402ac8e637190ddf8440cc5e87') in 0.002 seconds [static dependencies only]. Details - ImportResultOutputID=f154d8c91844fe25266ca0011028e787 DependenciesID=5c2ffb1af8d1a639e99b218df7f42831 StaticDependenciesID=43742991ad5fb88fc39b2047e4b47ea1 
Importing 'GUID: 788fbcfc0abc6c54b9504cfee3176c22 - Path: Packages/com.unity.ide.visualstudio/ValidationExceptions.json' with importer (TextScriptImporter)
Imported 'GUID: 788fbcfc0abc6c54b9504cfee3176c22' -> (Import Result ID: '81135997c364631328a054147938fac8') in 0.002 seconds [static dependencies only]. Details - ImportResultOutputID=99c9b320b2a231cc13cad939eaabe428 DependenciesID=6dad5110de8a6794f881a3e6a17a8b63 StaticDependenciesID=9764ead717ca00dc09d6f901b9296d05 
Importing 'GUID: b83f06ac0c0696e9563230865ca72b81 - Path: Packages/com.unity.modules.wind/package.json' with importer (PackageManifestImporter)
Imported 'GUID: b83f06ac0c0696e9563230865ca72b81' -> (Import Result ID: '9dc79958c73e3a55e2560d2ec74ff90d') in 0.002 seconds [static dependencies only]. Details - ImportResultOutputID=86a5be3d0a8a6444c0847994148a04c5 DependenciesID=95d8fc5d2bbd997a55ecfbddefb96c80 StaticDependenciesID=66cc94a4346663330b5c6298f2e148dc 
Importing 'GUID: d85e5eeaf8f135aeaaebdc8aa3cff6c3 - Path: Packages/com.unity.modules.umbra/package.json' with importer (PackageManifestImporter)
Imported 'GUID: d85e5eeaf8f135aeaaebdc8aa3cff6c3' -> (Import Result ID: 'ee2615399b279152b0335e685f9e4f21') in 0.002 seconds [static dependencies only]. Details - ImportResultOutputID=6667220eaf37b9411d76bda967a29351 DependenciesID=bb715ffc975102cf4a247ccc967a7412 StaticDependenciesID=eb37a685219cb5aef5fbd5df60eae697 
Importing 'GUID: e9df95f53f1c1d0c9199e235d6c42b50 - Path: Packages/com.unity.modules.audio/package.json' with importer (PackageManifestImporter)
Imported 'GUID: e9df95f53f1c1d0c9199e235d6c42b50' -> (Import Result ID: '3da0abae5321bad105734fca4c4bca28') in 0.002 seconds [static dependencies only]. Details - ImportResultOutputID=9e7a8ca17c9ada176ee8f9feaacb145a DependenciesID=b61383e346dbc8a029c6c7d93da0c63e StaticDependenciesID=a6ba264de710eb848c1def723963e3cc 
Importing 'GUID: f91a00d2dca52b843b2d50ccf750737d - Path: Packages/com.unity.ext.nunit/LICENSE.md' with importer (TextScriptImporter)
Imported 'GUID: f91a00d2dca52b843b2d50ccf750737d' -> (Import Result ID: '4a79da6677dd67cc5d5f747357bc40de') in 0.002 seconds [static dependencies only]. Details - ImportResultOutputID=d854dc97e3ddfb1399f46d637df03eb9 DependenciesID=4a66b8c1e54c8eb3ce2459fec3d8a4ef StaticDependenciesID=4e9ac9040dec2c3da17f383824ffe8cc 
Importing 'GUID: 1a4266815e998967becf686f9c71f0a6 - Path: Packages/com.unity.modules.physics/package.json' with importer (PackageManifestImporter)
Imported 'GUID: 1a4266815e998967becf686f9c71f0a6' -> (Import Result ID: '7b29e9278b7ae7ab0bcead621cf46af3') in 0.002 seconds [static dependencies only]. Details - ImportResultOutputID=a2d6f3bfd9bb75782461acb9a5eb4f5a DependenciesID=bd4510c5c9c050edfefb2c84c95abf90 StaticDependenciesID=ff880c4980be6e10637516ee80719398 
Importing 'GUID: 6afb166a156df2d20433d981f4bb2832 - Path: Packages/com.unity.modules.vehicles/package.json' with importer (PackageManifestImporter)
Imported 'GUID: 6afb166a156df2d20433d981f4bb2832' -> (Import Result ID: '8b13c179e857afa8bd8b8fea88399ef0') in 0.002 seconds [static dependencies only]. Details - ImportResultOutputID=913c781524e2f88f1f61dedb313e4c06 DependenciesID=76d2c74133d94ef22145f285a1490df1 StaticDependenciesID=0ea68813f79d4edf8309ce9abbe27516 
Importing 'GUID: fa27413e9edb06a6058d6c894eca0338 - Path: Packages/com.unity.modules.unitywebrequestwww/package.json' with importer (PackageManifestImporter)
Imported 'GUID: fa27413e9edb06a6058d6c894eca0338' -> (Import Result ID: '9a74feef4dcfee670a5eb21bda97016d') in 0.002 seconds [static dependencies only]. Details - ImportResultOutputID=5205eed9bc215ff67b1f0174ef8ee9e2 DependenciesID=5bcd3dbd358387d2ec18d64b6a8aac49 StaticDependenciesID=63a1a8073e35af2c81c07d08e1454c22 
Importing 'GUID: 4b518b37798c97b0f860962cbf615533 - Path: Packages/com.unity.modules.unitywebrequestaudio/package.json' with importer (PackageManifestImporter)
Imported 'GUID: 4b518b37798c97b0f860962cbf615533' -> (Import Result ID: 'e725fec144678b00eb2da485abf6a653') in 0.003 seconds [static dependencies only]. Details - ImportResultOutputID=3ac3d29a7b2daa2a646425d6f9137196 DependenciesID=2e46841df581e962aa2293fc9a833445 StaticDependenciesID=593560aa1b7a7af813f7b98c268e79f8 
Importing 'GUID: 9b1a5759726ef9d39a0ab82047b615f1 - Path: Packages/com.unity.modules.hierarchycore/package.json' with importer (PackageManifestImporter)
Imported 'GUID: 9b1a5759726ef9d39a0ab82047b615f1' -> (Import Result ID: 'e2f2a4dc1806eafb567812fa13071323') in 0.002 seconds [static dependencies only]. Details - ImportResultOutputID=1dea4a637fffff459a716aab2b4544dc DependenciesID=d8bebc9a9b7a84bd405ce0fcce71b5c8 StaticDependenciesID=882b96a1432b49929b6e23cde2929d1c 
Importing 'GUID: 2c814623cb42764d304be0c5ddd03ceb - Path: Packages/com.unity.modules.xr/package.json' with importer (PackageManifestImporter)
Imported 'GUID: 2c814623cb42764d304be0c5ddd03ceb' -> (Import Result ID: '3da53f8cacc6be07556e579b152a3075') in 0.002 seconds [static dependencies only]. Details - ImportResultOutputID=1262664d19c2258369288d30beb2cdb6 DependenciesID=57697ae4248f807eca533f4fde7c490c StaticDependenciesID=50443b01181fb4ffad09dd60cbe10d44 
Importing 'GUID: 4c413a81cadcce7038e446e56570117e - Path: Packages/com.unity.modules.adaptiveperformance/package.json' with importer (PackageManifestImporter)
Imported 'GUID: 4c413a81cadcce7038e446e56570117e' -> (Import Result ID: '6bc9096e03b526a234bd93df8e40474d') in 0.002 seconds [static dependencies only]. Details - ImportResultOutputID=1f07c1ff1eeefc2532264b0ab169267a DependenciesID=2824091591b7cc56042c6ee0b731bf44 StaticDependenciesID=1a42c6fc11b3b4a5a41df228177a979d 
Importing 'GUID: ec02776fe29df900b897106d61977735 - Path: Packages/com.unity.modules.director/package.json' with importer (PackageManifestImporter)
Imported 'GUID: ec02776fe29df900b897106d61977735' -> (Import Result ID: '492a653eef361c2234f2ab95b5e32efa') in 0.002 seconds [static dependencies only]. Details - ImportResultOutputID=e6c46672aaf283c4f268e9bb004b543a DependenciesID=c278012f0e730bd8614bf4ae12d7f0cf StaticDependenciesID=e4ecc0992a31879a4dc5fafeaa443773 
Importing 'GUID: 5da62a0c1c5218c4aa16b74546a7822d - Path: Packages/com.unity.ext.nunit/README.md' with importer (TextScriptImporter)
Imported 'GUID: 5da62a0c1c5218c4aa16b74546a7822d' -> (Import Result ID: '592d9dd6a64470a9f8e825fd6229006b') in 0.002 seconds [static dependencies only]. Details - ImportResultOutputID=c8657eaa0cd2cb7909b75292d5c2cac7 DependenciesID=a0989442b53f21c8891136d7e7395d08 StaticDependenciesID=2412cf4b705c843d874bb0f8c90adae9 
Importing 'GUID: 6d56244f8c39a851975d3c0bd432c66f - Path: Packages/com.unity.modules.terrain/package.json' with importer (PackageManifestImporter)
Imported 'GUID: 6d56244f8c39a851975d3c0bd432c66f' -> (Import Result ID: 'acdf629200802dc846f4b01de6f3d421') in 0.002 seconds [static dependencies only]. Details - ImportResultOutputID=5e40d0b8d35162ad5eb9813bcce344e1 DependenciesID=0fdc6c03230f00196d66509291acf7a7 StaticDependenciesID=98ac750c63e45666278d0decee7f0873 
Importing 'GUID: bd1af0a6633ee94ae21c7d1d702cdc12 - Path: Packages/com.unity.modules.androidjni/package.json' with importer (PackageManifestImporter)
Imported 'GUID: bd1af0a6633ee94ae21c7d1d702cdc12' -> (Import Result ID: 'c66b3a289a73bbec2fda23e48bc08026') in 0.002 seconds [static dependencies only]. Details - ImportResultOutputID=7126a0377f515e9a6995b9946f69e957 DependenciesID=3460a296a7931240235c48d675c04d07 StaticDependenciesID=766670ff5734e879714b6e5bd1fc3fee 
Importing 'GUID: cd78ce5b75b8be84d8b94cd99903161f - Path: Packages/com.unity.ide.visualstudio/CONTRIBUTING.md' with importer (TextScriptImporter)
Imported 'GUID: cd78ce5b75b8be84d8b94cd99903161f' -> (Import Result ID: '90ce997c7b0b9a72c1a4bbc8359255a1') in 0.002 seconds [static dependencies only]. Details - ImportResultOutputID=2e903f86b6274379e888bf8205a28a62 DependenciesID=70fad9e9c5fb93c90ae3bc1cfaf55621 StaticDependenciesID=83a52b79b18beab5b489fe9907122b65 
Importing 'GUID: 3ec7596410385054a9e0bc90377fbe63 - Path: Packages/com.unity.test-framework/LICENSE.md' with importer (TextScriptImporter)
Imported 'GUID: 3ec7596410385054a9e0bc90377fbe63' -> (Import Result ID: '3a1c9d30bdeada97253cfb6695045bc3') in 0.002 seconds [static dependencies only]. Details - ImportResultOutputID=bba2943017dac050fc7c7408db0545e8 DependenciesID=2a5c50339c505478545b9a6b332308d4 StaticDependenciesID=979fcfe7b19f9d33c0758a6b2a5be9b4 
Importing 'GUID: 5e83f8baac96eaa47bdd9ca781cd2002 - Path: Packages/com.unity.ide.rider/CONTRIBUTING.md' with importer (TextScriptImporter)
Imported 'GUID: 5e83f8baac96eaa47bdd9ca781cd2002' -> (Import Result ID: 'df0cebd9447d1612751bd7af1f3a21de') in 0.002 seconds [static dependencies only]. Details - ImportResultOutputID=299398a35b0d6ab073c07e25e1931264 DependenciesID=4420fbc427b51d1f4f4759a393a225ad StaticDependenciesID=dbd5140748e3c8e099a6a3e5d2e4ab08 
Importing 'GUID: 7ef8348b8ea834d7e1bc214b07f7fb87 - Path: Packages/com.unity.modules.animation/package.json' with importer (PackageManifestImporter)
Imported 'GUID: 7ef8348b8ea834d7e1bc214b07f7fb87' -> (Import Result ID: '82e086625e3caaa7556c47741779fbbd') in 0.002 seconds [static dependencies only]. Details - ImportResultOutputID=b91668c34ad33289ab3788464c3773fc DependenciesID=0065dbae8c760ef394d86b185f8b83a2 StaticDependenciesID=a1cddf4511130d831d577e406d2312e6 
Importing 'GUID: 1fe9e6e1ae93cf64bbdfbd29300752e1 - Path: Packages/com.unity.ide.visualstudio/LICENSE.md' with importer (TextScriptImporter)
Imported 'GUID: 1fe9e6e1ae93cf64bbdfbd29300752e1' -> (Import Result ID: '3810f04e5a6dea9d7192322c518317fc') in 0.002 seconds [static dependencies only]. Details - ImportResultOutputID=59b2bdb7a2a944bdd850427bde77d577 DependenciesID=63009f1a6fb1b534e5b44aa1d21f03d3 StaticDependenciesID=cfdc7fb9a1450b6ca3a201af1edec05b 
Importing 'GUID: 3fdd83b151eb8d25c5e2f82fc39dcb04 - Path: Packages/com.unity.modules.unitywebrequest/package.json' with importer (PackageManifestImporter)
Imported 'GUID: 3fdd83b151eb8d25c5e2f82fc39dcb04' -> (Import Result ID: '92635879e69b098a24aed6b11124d6af') in 0.002 seconds [static dependencies only]. Details - ImportResultOutputID=c3fdc439e8f1f75cc7a0e86c4c6ba96d DependenciesID=af541476494a73d8e0e3c25128f3ed67 StaticDependenciesID=7d8ffda6dfec0ff398f84144af32c448 
Importing 'GUID: 4f0f9b9f3ed97ad2b9ba8f1a8e4666c2 - Path: Packages/com.unity.modules.uielements/package.json' with importer (PackageManifestImporter)
Imported 'GUID: 4f0f9b9f3ed97ad2b9ba8f1a8e4666c2' -> (Import Result ID: '184794dd62116f07f31b8718f7db4388') in 0.002 seconds [static dependencies only]. Details - ImportResultOutputID=c6edeb5d9bc578ffca7fbf049f13618e DependenciesID=55e8d1ec6ce87a14c2bd6ab2efec80b4 StaticDependenciesID=6a093705c82ba59492894df208618d92 
Importing 'GUID: bfd567a3d1631a761bca9e99fa53d86d - Path: Packages/com.unity.modules.ui/package.json' with importer (PackageManifestImporter)
Imported 'GUID: bfd567a3d1631a761bca9e99fa53d86d' -> (Import Result ID: '4dd710bbce123bc757f4a8a01bdf269a') in 0.002 seconds [static dependencies only]. Details - ImportResultOutputID=2c146ae310e14069b7968d16cdff2b0b DependenciesID=b1c5e489db4e32517744613cffb974f4 StaticDependenciesID=9d4c7cf74df7148af2e86e5b6924c57c 
Importing 'GUID: bfcb3ba499f7d452b92d9a9cc3378788 - Path: Packages/com.unity.ext.nunit/Third Party Notices.md' with importer (TextScriptImporter)
Imported 'GUID: bfcb3ba499f7d452b92d9a9cc3378788' -> (Import Result ID: 'e6cfe1d808178a6dfdb4b89ccfc62c2a') in 0.002 seconds [static dependencies only]. Details - ImportResultOutputID=13e034fa650cd897dd3935828cea6abc DependenciesID=75baafcacaf8f610432359dceece7d61 StaticDependenciesID=c41ef689649a42705725ae0c14ba6db5 
No restricted APIs configured; Validation skipped.
Checking 2 assemblies for restricted APIs found 0 usage(s) in 12 ms
Launched and connected shader compiler UnityShaderCompiler.exe after 0.04 seconds
Loading style catalogs (6)
	StyleSheets/Extensions/base/common.uss
	UIPackageResources/StyleSheets/Default/Variables/Public/common.uss
	StyleSheets/Northstar/common.uss
	StyleSheets/Extensions/fonts/inter.uss
	StyleSheets/Extensions/base/dark.uss
	UIPackageResources/StyleSheets/Default/Northstar/Palette/dark.uss

Asset Pipeline Refresh (id=7b35a9e9e616b0345bde5d7fda575bab): Total: 23.956 seconds - Initiated by InitialRefreshV2(ForceSynchronousImport)
	(Values over 0.05ms)
	Summary:
		Imports: total=230 (actual=230, local cache=0, cache server=0)
		Asset DB Process Time: managed=31 ms, native=2805 ms
		Asset DB Callback time: managed=789 ms, native=9888 ms
		Scripting: domain reloads=1, domain reload time=1986 ms, compile time=8413 ms, other=42 ms
		Project Asset Count: scripts=169, non-scripts=61
		Asset File Changes: new=713, changed=713, moved=0, deleted=0
		Scan Filter Count: 0
	InvokePackagesCallback: 8474.114ms
	ApplyChangesToAssetFolders: 1.566ms
	Scan: 210.789ms
	Collect global state as custom dependencies: 28.620ms
	OnSourceAssetsModified: 4.713ms
	CategorizeScriptCompilationAssets: 13.672ms
	ProcessAssetsWithTransientArtifactChanges: 16.624ms
	CategorizeAssets: 6.136ms
	CompileScripts: 8412.590ms
	ImportOutOfDateAssets: 2383.868ms (1724.950ms without children)
		ImportManagerImport: 607.919ms (25.280ms without children)
			UpdateCategorizedAssets: 1.678ms
		UnloadImportedAssets: 0.461ms
		ReloadImportedAssets: 0.149ms
		EnsureUptoDateAssetsAreRegisteredWithGuidPM: 0.140ms
		ImportSchedulerStart: 50.387ms
	PostProcessAllAssets: 2215.733ms
		VersionControlSettings.HiddenFilePostprocess 9.317ms
		PostProcessCallbackCreateDeferredMaterials 8.705ms
		AssemblyValidation.PostprocessAllAssets 6.216ms
		ShaderAssetModifiedCallback 5.549ms
		RaytracingShaderImportPostprocess 3.131ms
		ComputeShaderImportPostprocess 2.734ms
		SpeedTreeImporter.PostprocessAllAssets 2.426ms
		LocalizationDatabase.AssetDatabasePostprocessCallback 2.036ms
		BlockShaderImporter.PostprocessAllAssets 0.791ms
		MonoPostProcessAllAssets: 784.540ms
			SyncVS.PostprocessSyncProject 334.340ms
			StyleCatalogPostProcessor.OnPostprocessAllAssets 283.442ms
			AssetPostprocessor.OnPostprocessAllAssets 40.729ms
			WindowAssetPostprocessingWatcher.OnPostprocessAllAssets 27.290ms
			AssetChangedListener.OnPostprocessAllAssets 23.313ms
			BuilderAssetPostprocessor.OnPostprocessAllAssets 16.231ms
			TextAssetPostProcessor.OnPostprocessAllAssets 8.297ms
			RetainedModeAssetPostprocessor.OnPostprocessAllAssets 4.829ms
			SpeedTree9Postprocessor.OnPostprocessAllAssets 2.890ms
			EditModeScopePostprocessor.OnPostprocessAllAssets 2.793ms
			ArtifactBrowserPostProcessor.OnPostprocessAllAssets 1.656ms
			ReferencedClipsPostProcessor.OnPostprocessAllAssets 1.092ms
			AudioMixerPostprocessor.OnPostprocessAllAssets 0.824ms
			AssetEvents.OnPostprocessAllAssets 0.761ms
			ConfigAssetsTracker.OnPostprocessAllAssets 0.625ms
			ThemePostprocessor.OnPostprocessAllAssets 0.607ms
			TerrainToolbarOverlayPostProcessor.OnPostprocessAllAssets 0.581ms
			ScenarioDriftAssetsTracker.OnPostprocessAllAssets 0.578ms
			AssetDatabaseCallbacks.OnPostprocessAllAssets 0.518ms
			SpeedTreePostProcessor.OnPostprocessAllAssets 0.431ms
			RenderPipelineGlobalSettingsPostprocessor.OnPostprocessAllAssets 0.265ms
			AudioContainerPostProcessor.OnPostprocessAllAssets 0.190ms
	PostAssetChangesProfiler: 3.252ms
	UnloadStreamsBegin: 2.241ms
	PersistCurrentRevisions: 0.662ms
	Untracked: 2155.309ms

Application.AssetDatabase Initial Refresh End
Scanning for USB devices : 5.112ms
Initializing Unity extensions:
[MODES] ModeService[none].Initialize
[MODES] ModeService[none].LoadModes
[MODES] Loading mode Default (0) for mode-current-id-CART315_P1_Pong-main
Setting up noproxy from UNITY_NOPROXY environment variable. Setting to: localhost,127.0.0.1
Unloading 3 Unused Serialized files (Serialized files now loaded: 0)
Unloading 497 unused Assets / (0.6 MB). Loaded Objects now: 1244.
Memory consumption went from 245.8 MB to 245.2 MB.
Total: 21.611600 ms (FindLiveObjects: 0.436900 ms CreateObjectMapping: 0.062600 ms MarkObjects: 17.156800 ms  DeleteObjects: 3.498600 ms)

[LAYOUT] About to load C:/Users/bijou/AppData/Roaming/Unity/Editor-5.x/Preferences\Layouts\current\default-6000.dwlt, keepMainWindow=False
[LAYOUT] About to save layout C:\Users\bijou\OneDrive\Documents\GitHub\CART 315\CART315_P1_Pong-main\UserSettings\Layouts\default-6000.dwlt
[LAYOUT] About to save layout C:/Users/bijou/AppData/Roaming/Unity/Editor-5.x/Preferences\Layouts\current\default-6000.dwlt
[MODES] ModeService[default].InitializeCurrentMode
[MODES] ModeService[default].RaiseModeChanged(default, default)
This project uses Input Manager, which is marked for deprecation. To manage input in your project, use the <a href="https://docs.unity3d.com/Packages/com.unity.inputsystem@latest">Input System package</a> instead.
<RI> Initializing input.
<RI> Input initialized.
[Project] Loading completed in 44.518 seconds
	Project init time: 				41.328 seconds
		Template init time: 		0.000 seconds
		Package Manager init time: 		0.803 seconds
		Asset Database init time: 		10.076 seconds
		Global illumination init time: 	0.009 seconds
		Assemblies load time: 			3.982 seconds
		Unity extensions init time: 	0.002 seconds
		Asset Database refresh time: 	23.957 seconds
	Scene opening time: 			2.689 seconds
##utp:{"type":"ProjectInfo","version":2,"phase":"Immediate","time":1789862495539,"processId":33800,"projectLoad":44.5177803,"projectInit":41.3277185,"templateInit":0.0,"packageManagerInit":0.8030984,"assetDatabaseInit":10.0760732,"globalIlluminationInit":0.0085019,"assembliesLoad":3.9824197,"unityExtensionsInit":0.0022895,"assetDatabaseRefresh":23.9566172,"sceneOpening":2.6887561}
##utp:{"type":"EditorInfo","version":2,"phase":"Immediate","time":1789862495539,"processId":33800,"editorVersion":"6000.6.0f1 (f7f8ed4d1e24)","branch":"6000.6/respin/6000.6.0f1-fa21a270ab12","buildType":"Release","platform":"Windows"}
Worker ready: AssetImportWorkerHW0 0
Launched and connected shader compiler UnityShaderCompiler.exe after 0.03 seconds
Launched and connected shader compiler UnityShaderCompiler.exe after 0.02 seconds
[MODES] ModeService[default].LoadModes
Created GICache directory at C:/Users/bijou/AppData/LocalLow/Unity/Caches/GiCache. Took: 0.069s, timestamps: [47.053 - 47.121]
[Licensing::Client] Successfully resolved entitlement details
[Licensing::Client] Successfully resolved entitlement details
[Licensing::Client] Successfully updated the access token
[Licensing::Module] Successfully updated access token: "EaT96M-A"... (expires: 2026-09-20T00:10:06Z)
Setting up noproxy from UNITY_NOPROXY environment variable. Setting to: localhost,127.0.0.1
Setting up noproxy from UNITY_NOPROXY environment variable. Setting to: localhost,127.0.0.1
Setting up noproxy from UNITY_NOPROXY environment variable. Setting to: localhost,127.0.0.1
Setting up noproxy from UNITY_NOPROXY environment variable. Setting to: localhost,127.0.0.1
Setting up noproxy from UNITY_NOPROXY environment variable. Setting to: localhost,127.0.0.1
Setting up noproxy from UNITY_NOPROXY environment variable. Setting to: localhost,127.0.0.1
[Licensing::Client] Successfully resolved entitlement details
[Licensing::Client] Successfully resolved entitlement details
[Licensing::Client] Successfully resolved entitlement details
[Licensing::Client] Successfully resolved entitlement details
[Licensing::Client] Successfully resolved entitlement details
[Licensing::Client] Successfully resolved entitlement details
[Licensing::Client] Successfully resolved entitlement details
[Licensing::Client] Successfully resolved entitlement details
[Licensing::Client] Successfully resolved entitlement details
[Licensing::Client] Successfully resolved entitlement details
Asset Pipeline Refresh (id=2d6011f348e507a4d85a8dd6177a10e9): Total: 0.040 seconds - Initiated by RefreshV2(AllowForceSynchronousImport)
Start Indexing on Editor startup
[Indexing] Starting Initial Indexing for Assets
Starting new worker id: 1 with log in C:/Users/bijou/OneDrive/Documents/GitHub/CART 315/CART315_P1_Pong-main/Logs/AssetImportWorkerHW1.log
[Worker0] Imported GUID: b73b3de0d473d4a1c887ab31f69b1a8d - Path: Packages/com.unity.ide.visualstudio/Editor/Testing/TestAdaptor.cs - Importer: ScriptedImporter/UnityEditor.QuickSearchModule:UnityEditor.Search:ASIAI0B -> (ImportResultId: '906ac91a5f2adcd7543d0225412fbc38') in 0.2489349 seconds
Starting new worker id: 2 with log in C:/Users/bijou/OneDrive/Documents/GitHub/CART 315/CART315_P1_Pong-main/Logs/AssetImportWorkerHW2.log
[Worker0] Imported GUID: fbbb1ee655846b043baf6c3502b5ce49 - Path: Packages/com.unity.ide.visualstudio/Editor/SolutionParser.cs - Importer: ScriptedImporter/UnityEditor.QuickSearchModule:UnityEditor.Search:ASIAI0B -> (ImportResultId: 'a6ec0516c4903e4df585f63e569aeac5') in 0.0074283 seconds
[Worker0] Imported GUID: a3f71b076c36a204a864f8c44142b3a9 - Path: Packages/com.unity.ide.visualstudio/ValidationConfig.json - Importer: ScriptedImporter/UnityEditor.QuickSearchModule:UnityEditor.Search:ASIAI0B -> (ImportResultId: 'ba738c617b2a9ae4df3c19ae0350dff9') in 0.0061356 seconds
[Worker0] Imported GUID: 5c1b8a755d2c97640bbb207c43f4cf61 - Path: Packages/com.unity.ide.visualstudio/Editor/SolutionProjectEntry.cs - Importer: ScriptedImporter/UnityEditor.QuickSearchModule:UnityEditor.Search:ASIAI0B -> (ImportResultId: 'cbbceb2f1f6d8fa9a8c54a99b8cd70c1') in 0.0081286 seconds
[Worker0] Imported GUID: f7b5530092b3a7646bdc7865f1f6ee94 - Path: Packages/com.unity.ide.visualstudio/Editor/Cli.cs - Importer: ScriptedImporter/UnityEditor.QuickSearchModule:UnityEditor.Search:ASIAI0B -> (ImportResultId: '24a517ff401ea39e0595020d3a51ca46') in 0.0055104 seconds
[Worker0] Imported GUID: 3070b6395b0f5f04faaab13164c6256d - Path: Packages/com.unity.ide.visualstudio/Editor/ProjectGeneration/LegacyStyleProjectGeneration.cs - Importer: ScriptedImporter/UnityEditor.QuickSearchModule:UnityEditor.Search:ASIAI0B -> (ImportResultId: '668a1a31ea652e8e0ae00bfd74e8934a') in 0.0065476 seconds
[Worker0] Imported GUID: b9308b762484008498bb5cd1886aa491 - Path: Packages/com.unity.ide.visualstudio/Editor/Symbols.cs - Importer: ScriptedImporter/UnityEditor.QuickSearchModule:UnityEditor.Search:ASIAI0B -> (ImportResultId: 'f8e0742f30d1bce461c0fac2c1bc07d6') in 0.0076844 seconds
[Worker0] Imported GUID: cd78ce5b75b8be84d8b94cd99903161f - Path: Packages/com.unity.ide.visualstudio/CONTRIBUTING.md - Importer: ScriptedImporter/UnityEditor.QuickSearchModule:UnityEditor.Search:ASIAI0B -> (ImportResultId: '0c7d8983327811b3dc15d0edc3f7dd95') in 0.0063209 seconds
[Worker0] Imported GUID: ffe1bdf971d321f4db593c4c6ebd6e47 - Path: Packages/com.unity.ide.visualstudio/Editor/VersionPair.cs - Importer: ScriptedImporter/UnityEditor.QuickSearchModule:UnityEditor.Search:ASIAI0B -> (ImportResultId: 'b262e4d1711e406b864cacad18c2712e') in 0.004339 seconds
[Worker0] Imported GUID: 0173aff8c07e06b42af07ebdd7f08032 - Path: Packages/com.unity.ide.visualstudio/Editor/VisualStudioEditor.cs - Importer: ScriptedImporter/UnityEditor.QuickSearchModule:UnityEditor.Search:ASIAI0B -> (ImportResultId: '7fbb1141344ea4532e68608b98531eab') in 0.0052491 seconds
[Worker0] Imported GUID: 48fcd6ebd5ce8fd4cbe931895233677d - Path: Packages/com.unity.ide.visualstudio/Editor/VisualStudioIntegration.cs - Importer: ScriptedImporter/UnityEditor.QuickSearchModule:UnityEditor.Search:ASIAI0B -> (ImportResultId: 'fc6b02682377adb927035341d79d4a7b') in 0.0040605 seconds
[Worker0] Imported GUID: 553737203d61a8109f9544a97201e1aa - Path: Packages/com.unity.modules.unitywebrequestaudio/package.ModuleCompilationTrigger - Importer: ScriptedImporter/UnityEditor.QuickSearchModule:UnityEditor.Search:ASIAI0B -> (ImportResultId: '03e11b76972681e8f8472bc8d4c971b8') in 0.0051508 seconds
[Worker0] Imported GUID: fa7011e2ea1ff024083fea2179f3df08 - Path: Packages/com.unity.ide.visualstudio/Editor/ProjectGeneration/ProjectProperties.cs - Importer: ScriptedImporter/UnityEditor.QuickSearchModule:UnityEditor.Search:ASIAI0B -> (ImportResultId: '9bc65df29e3667715c0cac5491be7a9c') in 0.0038664 seconds
[Worker0] Imported GUID: ed8e7c93c781e48df93d063a3c0d2972 - Path: Packages/com.unity.ide.visualstudio/Editor/SimpleJSON.cs - Importer: ScriptedImporter/UnityEditor.QuickSearchModule:UnityEditor.Search:ASIAI0B -> (ImportResultId: 'd76fe3864f8aee067fcb767b00d81b00') in 0.0056417 seconds
[Worker0] Imported GUID: 369c09afe05d2c346af49faef943c773 - Path: Packages/com.unity.ide.visualstudio/Editor/Messaging/Serializer.cs - Importer: ScriptedImporter/UnityEditor.QuickSearchModule:UnityEditor.Search:ASIAI0B -> (ImportResultId: '5332d29de09b996d5bb66584143ab781') in 0.0053956 seconds
[Worker0] Imported GUID: af4c2c762e1d8e949a6bc458973df6e7 - Path: Packages/com.unity.ide.visualstudio/Editor/Solution.cs - Importer: ScriptedImporter/UnityEditor.QuickSearchModule:UnityEditor.Search:ASIAI0B -> (ImportResultId: '3900ff28c7c4e5d526a5cb30d2a4a471') in 0.0039277 seconds
[Worker0] Imported GUID: a8c76505bcc613640ade706bdb0f1cba - Path: Packages/com.unity.ide.visualstudio/Editor/UnityInstallation.cs - Importer: ScriptedImporter/UnityEditor.QuickSearchModule:UnityEditor.Search:ASIAI0B -> (ImportResultId: 'e276546c211a71ab346cca92d777fb8a') in 0.006021 seconds
[Worker0] Imported GUID: 555fcccd6b79a864f83e7a319daa1c3e - Path: Packages/com.unity.ide.visualstudio/Editor/ProjectGeneration/ProjectGenerationFlag.cs - Importer: ScriptedImporter/UnityEditor.QuickSearchModule:UnityEditor.Search:ASIAI0B -> (ImportResultId: '9612438a873209c70736bdf9afdeb906') in 0.0057401 seconds
[Worker0] Imported GUID: 6022bdd5b2896a54f94123b812705321 - Path: Packages/com.unity.ide.visualstudio/CHANGELOG.md - Importer: ScriptedImporter/UnityEditor.QuickSearchModule:UnityEditor.Search:ASIAI0B -> (ImportResultId: 'b90d1f0f983763d0e15d5a2e6159ebb7') in 0.0051092 seconds
[Worker0] Imported GUID: 917a51fff055ce547b4ad1215321f3da - Path: Packages/com.unity.ide.visualstudio/Editor/Messaging/ExceptionEventArgs.cs - Importer: ScriptedImporter/UnityEditor.QuickSearchModule:UnityEditor.Search:ASIAI0B -> (ImportResultId: '56db50f5702c4732682d1d2c4ac229c6') in 0.0044196 seconds
[Worker0] Imported GUID: cbccb6292dce08a489e6e742243154e7 - Path: Packages/com.unity.ide.visualstudio/Editor/KnownAssemblies.cs - Importer: ScriptedImporter/UnityEditor.QuickSearchModule:UnityEditor.Search:ASIAI0B -> (ImportResultId: 'b9b4d3950a6c18a0f34385e6cecf11c0') in 0.0044677 seconds
[Worker0] Imported GUID: 1fe9e6e1ae93cf64bbdfbd29300752e1 - Path: Packages/com.unity.ide.visualstudio/LICENSE.md - Importer: ScriptedImporter/UnityEditor.QuickSearchModule:UnityEditor.Search:ASIAI0B -> (ImportResultId: 'cdceddbc3db793a476a5918aba53a98d') in 0.0051678 seconds
[Worker0] Imported GUID: ec80b1fb8938b3b4ab442d10390c5315 - Path: Packages/com.unity.ide.visualstudio/Editor/ProjectGeneration/FileIOProvider.cs - Importer: ScriptedImporter/UnityEditor.QuickSearchModule:UnityEditor.Search:ASIAI0B -> (ImportResultId: '90b54045249b32ce4221386e750695e9') in 0.0046855 seconds
[Worker0] Imported GUID: 788fbcfc0abc6c54b9504cfee3176c22 - Path: Packages/com.unity.ide.visualstudio/ValidationExceptions.json - Importer: ScriptedImporter/UnityEditor.QuickSearchModule:UnityEditor.Search:ASIAI0B -> (ImportResultId: 'd42a240d23544095715c61150ebcd8c3') in 0.0042212 seconds
[Worker0] Imported GUID: 829d4d6bc39fd1044ba4c5fc2a9c911f - Path: Packages/com.unity.ide.visualstudio/Editor/SolutionProperties.cs - Importer: ScriptedImporter/UnityEditor.QuickSearchModule:UnityEditor.Search:ASIAI0B -> (ImportResultId: '24983299736f110f23b4ee3687e1ba13') in 0.0055611 seconds
[Worker0] Imported GUID: e8aed47cdce10fd4cae32fefa2c34f8f - Path: Packages/com.unity.ide.visualstudio/Editor/ProjectGeneration/SdkStyleProjectGeneration.cs - Importer: ScriptedImporter/UnityEditor.QuickSearchModule:UnityEditor.Search:ASIAI0B -> (ImportResultId: '97e3b63c9cc4a9c4e67bd2022973b930') in 0.006035 seconds
[Worker0] Imported GUID: a31a332ce3485f00f7df8d987302a29c - Path: Packages/com.unity.modules.unitywebrequesttexture/package.ModuleCompilationTrigger - Importer: ScriptedImporter/UnityEditor.QuickSearchModule:UnityEditor.Search:ASIAI0B -> (ImportResultId: '3168225fec421bdd5e1087ca32d05056') in 0.004766 seconds
[Worker0] Imported GUID: d791d407901442e49862d3aa783ce8af - Path: Packages/com.unity.ide.visualstudio/Editor/AssemblyInfo.cs - Importer: ScriptedImporter/UnityEditor.QuickSearchModule:UnityEditor.Search:ASIAI0B -> (ImportResultId: '03968474726c24b28cde8f949c10e8f8') in 0.0055579 seconds
[Worker0] Imported GUID: 5e249ae353801f043a6e4173410c6152 - Path: Packages/com.unity.ide.visualstudio/Editor/Messaging/Messenger.cs - Importer: ScriptedImporter/UnityEditor.QuickSearchModule:UnityEditor.Search:ASIAI0B -> (ImportResultId: 'bce09ba0484bd6a855ecf2ab7f34c9ae') in 0.0032773 seconds
[Worker0] Imported GUID: be7ef402265a7a549b2e43c11d1a22c5 - Path: Packages/com.unity.ide.visualstudio/Editor/VisualStudioForWindowsInstallation.cs - Importer: ScriptedImporter/UnityEditor.QuickSearchModule:UnityEditor.Search:ASIAI0B -> (ImportResultId: '185cb16f2887bbba3c54375c63063d64') in 0.0053813 seconds
[Worker0] Imported GUID: 4b518b37798c97b0f860962cbf615533 - Path: Packages/com.unity.modules.unitywebrequestaudio/package.json - Importer: ScriptedImporter/UnityEditor.QuickSearchModule:UnityEditor.Search:ASIAI0B -> (ImportResultId: 'fbdebf0dc0636ffc47cc8f9f71466ea4') in 0.0056324 seconds
[Worker0] Imported GUID: 656f74f6edaa396458412b9e3903d8cd - Path: Packages/com.unity.ide.visualstudio/package.json - Importer: ScriptedImporter/UnityEditor.QuickSearchModule:UnityEditor.Search:ASIAI0B -> (ImportResultId: 'd57e59a9a9930caa8312b117b510b3ec') in 0.004065 seconds
[Worker0] Imported GUID: 8e6c7ea7c059fb547b6723aaf225900b - Path: Packages/com.unity.ide.visualstudio/Editor/Image.cs - Importer: ScriptedImporter/UnityEditor.QuickSearchModule:UnityEditor.Search:ASIAI0B -> (ImportResultId: 'eef4f98e3c8145ddfb8fe5f61e0caa89') in 0.0038399 seconds
[Worker0] Imported GUID: de1c9ea7b82c9904d9e5fba2ee70a998 - Path: Packages/com.unity.ide.visualstudio/Editor/Messaging/Message.cs - Importer: ScriptedImporter/UnityEditor.QuickSearchModule:UnityEditor.Search:ASIAI0B -> (ImportResultId: 'f40c87344a8ec665d4f01cfd01ff4674') in 0.0081061 seconds
[Worker0] Imported GUID: a1c42005fe7c5d78585a77ce396a5eea - Path: Packages/com.unity.modules.tilemap/package.ModuleCompilationTrigger - Importer: ScriptedImporter/UnityEditor.QuickSearchModule:UnityEditor.Search:ASIAI0B -> (ImportResultId: '53828ee25c066ff583ad743064ad77d3') in 0.0035433 seconds
[Worker0] Imported GUID: fae6007c1ac2cc744b2891fd4d279c96 - Path: Packages/com.unity.ide.visualstudio/Editor/Testing/TestRunnerCallbacks.cs - Importer: ScriptedImporter/UnityEditor.QuickSearchModule:UnityEditor.Search:ASIAI0B -> (ImportResultId: 'c97e31c4b5ffa3d7a918f8771d1d3d1b') in 0.0037158 seconds
[Worker0] Imported GUID: ded625cf0d03fa94c9f939fd13ced18d - Path: Packages/com.unity.ide.visualstudio/Editor/Messaging/TcpListener.cs - Importer: ScriptedImporter/UnityEditor.QuickSearchModule:UnityEditor.Search:ASIAI0B -> (ImportResultId: '0d84c08ff04885820151f7c35128c8a3') in 0.0058341 seconds
[Worker0] Imported GUID: cbb1a39d56ce4d9ac1a46ac505893fa7 - Path: Packages/com.unity.modules.terrainphysics/package.ModuleCompilationTrigger - Importer: ScriptedImporter/UnityEditor.QuickSearchModule:UnityEditor.Search:ASIAI0B -> (ImportResultId: '0dc810fae9a41929642aca7c0d11a99b') in 0.0038819 seconds
[Worker0] Imported GUID: bb86eea06f54fb24caa7046a8a764945 - Path: Packages/com.unity.ide.visualstudio/Editor/VisualStudioInstallation.cs - Importer: ScriptedImporter/UnityEditor.QuickSearchModule:UnityEditor.Search:ASIAI0B -> (ImportResultId: '4a892fa4469fe369a4cf1248f74d341a') in 0.0041446 seconds
[Worker0] Imported GUID: c6c8b2f6152bd1348ae35f9f95719f75 - Path: Packages/com.unity.ide.visualstudio/Editor/AsyncOperation.cs - Importer: ScriptedImporter/UnityEditor.QuickSearchModule:UnityEditor.Search:ASIAI0B -> (ImportResultId: '8b8428f9cc3d454b3e55422b97b6382f') in 0.0049604 seconds
[Worker0] Imported GUID: 40bf3cec17fa0b49fe04443c8332d638 - Path: Packages/com.unity.modules.jsonserialize/package.json - Importer: ScriptedImporter/UnityEditor.QuickSearchModule:UnityEditor.Search:ASIAI0B -> (ImportResultId: '0b62b67715a0a7c981a9272ba17bb1c9') in 0.0034355 seconds
[Worker0] Imported GUID: 0b59b40c84c6a5348a188c16b17c7b40 - Path: Packages/com.unity.ide.visualstudio/Editor/Testing/TestRunnerApiListener.cs - Importer: ScriptedImporter/UnityEditor.QuickSearchModule:UnityEditor.Search:ASIAI0B -> (ImportResultId: 'ccc0288d812ad052a9917041428fc2fa') in 0.0032101 seconds
[Worker0] Imported GUID: f3edbdc86577af648a23263aa75161e1 - Path: Packages/com.unity.ide.visualstudio/Editor/Messaging/MessageType.cs - Importer: ScriptedImporter/UnityEditor.QuickSearchModule:UnityEditor.Search:ASIAI0B -> (ImportResultId: '381b74717ef4a46bcdcec1127810890b') in 0.0073705 seconds
[Worker0] Imported GUID: 5a7aba2d3d458e04eb4210c0303fbf64 - Path: Packages/com.unity.ide.visualstudio/Editor/UsageUtility.cs - Importer: ScriptedImporter/UnityEditor.QuickSearchModule:UnityEditor.Search:ASIAI0B -> (ImportResultId: '97ad73109c146693d6032496a96a4738') in 0.0046284 seconds
[Worker0] Imported GUID: d3cbe921f7b3d9a3257e7c61a5761796 - Path: Packages/com.unity.modules.terrainphysics/package.json - Importer: ScriptedImporter/UnityEditor.QuickSearchModule:UnityEditor.Search:ASIAI0B -> (ImportResultId: '05b76339ac164e09adae8992d964310a') in 0.0039678 seconds
[Worker0] Imported GUID: 9f3705b95d031e84c82f140d8e980867 - Path: Packages/com.unity.ide.visualstudio/Editor/ProjectGeneration/ProjectGeneration.cs - Importer: ScriptedImporter/UnityEditor.QuickSearchModule:UnityEditor.Search:ASIAI0B -> (ImportResultId: '9606fbb7b041168a0a8b91fbc9a15f83') in 0.0044108 seconds
[Worker0] Imported GUID: abe003ac6fee32e4892100a78f555011 - Path: Packages/com.unity.ide.visualstudio/Editor/Discovery.cs - Importer: ScriptedImporter/UnityEditor.QuickSearchModule:UnityEditor.Search:ASIAI0B -> (ImportResultId: '439bc591b3a57a9e4791c38237e1cc8e') in 0.0034131 seconds
[Worker0] Imported GUID: 6f1dc05fb6e7d3e4f89ae9ca482735be - Path: Packages/com.unity.ide.visualstudio/Editor/FileUtility.cs - Importer: ScriptedImporter/UnityEditor.QuickSearchModule:UnityEditor.Search:ASIAI0B -> (ImportResultId: 'bf3c479b6149ecbd94350e5a45001960') in 0.0032218 seconds
[Worker0] Imported GUID: c94f13e05ef0a7a49bdd39f197f39e5e - Path: Packages/com.unity.ide.visualstudio/Editor/ProjectGeneration/GeneratorFactory.cs - Importer: ScriptedImporter/UnityEditor.QuickSearchModule:UnityEditor.Search:ASIAI0B -> (ImportResultId: 'b8de01dfb9da2b8dcb14ee179a161fd7') in 0.0066996 seconds
[Worker0] Imported GUID: 7809f42f64c877f4b90ac233e5ec2372 - Path: Packages/com.unity.ide.visualstudio/ThirdPartyNotices.md - Importer: ScriptedImporter/UnityEditor.QuickSearchModule:UnityEditor.Search:ASIAI0B -> (ImportResultId: 'f2a494d3fc99db5e564b1be59d9e261f') in 0.0042786 seconds
[Worker0] Imported GUID: f6674c38820d12a49ac116d416521d85 - Path: Packages/com.unity.ide.visualstudio/Editor/Messaging/TcpClient.cs - Importer: ScriptedImporter/UnityEditor.QuickSearchModule:UnityEditor.Search:ASIAI0B -> (ImportResultId: 'f373adb5058d101d4bf1c241b6f8c34a') in 0.0044661 seconds
[Worker0] Imported GUID: d0e3ad91972c66f5238f5b9b7d5ae58a - Path: Packages/com.unity.modules.unitywebrequesttexture/package.json - Importer: ScriptedImporter/UnityEditor.QuickSearchModule:UnityEditor.Search:ASIAI0B -> (ImportResultId: '4974ee6700615e4e83271bfe3648dfce') in 0.0055818 seconds
[Worker0] Imported GUID: 1be5c96ff30e6ec40876f28fd9ab7e24 - Path: Packages/com.unity.ide.visualstudio/Editor/VisualStudioCodeInstallation.cs - Importer: ScriptedImporter/UnityEditor.QuickSearchModule:UnityEditor.Search:ASIAI0B -> (ImportResultId: 'ab41f273f0111a6691fdcb0eff710b14') in 0.0050653 seconds
[Worker0] Imported GUID: 3eda7a83649158546826efb3ffe6c1e3 - Path: Packages/com.unity.ide.visualstudio/Editor/Messaging/Deserializer.cs - Importer: ScriptedImporter/UnityEditor.QuickSearchModule:UnityEditor.Search:ASIAI0B -> (ImportResultId: '6b0344b9eae3a196ecaefe59468b1726') in 0.0048417 seconds
[Worker0] Imported GUID: e6a135e3ea9cb46795d1b0e05ac3e1e5 - Path: Packages/com.unity.modules.jsonserialize/package.ModuleCompilationTrigger - Importer: ScriptedImporter/UnityEditor.QuickSearchModule:UnityEditor.Search:ASIAI0B -> (ImportResultId: 'b9f04aa2d80b199d06487732e2b20022') in 0.0109304 seconds
[Worker0] Imported GUID: f47f2d030bc1d415a8d15a51dbcc39a2 - Path: Packages/com.unity.ide.visualstudio/Editor/Testing/TestResultAdaptor.cs - Importer: ScriptedImporter/UnityEditor.QuickSearchModule:UnityEditor.Search:ASIAI0B -> (ImportResultId: 'bd81ae808667b95dbe3f2a0b99233496') in 0.0055801 seconds
[Worker0] Imported GUID: 957a5f2d2660a894d926660de2a9d577 - Path: Packages/com.unity.ide.visualstudio/Editor/ProcessRunner.cs - Importer: ScriptedImporter/UnityEditor.QuickSearchModule:UnityEditor.Search:ASIAI0B -> (ImportResultId: '75058a46ca25945a9dd0625b9ba2c38b') in 0.0053709 seconds
[Worker0] Imported GUID: b93f844d45cfcc44fa2b0eed5c9ec6bb - Path: Packages/com.unity.ide.visualstudio/Editor/com.unity.ide.visualstudio.asmdef - Importer: ScriptedImporter/UnityEditor.QuickSearchModule:UnityEditor.Search:ASIAI0B -> (ImportResultId: '4eab8473580b7357665490a085fb5f28') in 0.0064698 seconds
[Worker0] Imported GUID: eeb21ffd7b0188542b348935f4b04fe8 - Path: Packages/com.unity.ide.visualstudio/Editor/ProjectGeneration/TypeCacheHelper.cs - Importer: ScriptedImporter/UnityEditor.QuickSearchModule:UnityEditor.Search:ASIAI0B -> (ImportResultId: '8acc7e46f90f8ebf4d9e6cc1a60ded14') in 0.0053968 seconds
[Worker0] Imported GUID: 275143c81d816ef4286fdc67aabc20c8 - Path: Packages/com.unity.ide.visualstudio/Editor/Messaging/MessageEventArgs.cs - Importer: ScriptedImporter/UnityEditor.QuickSearchModule:UnityEditor.Search:ASIAI0B -> (ImportResultId: 'dc3051daa2411e5eb0645540fa5f3f79') in 0.0057137 seconds
[Worker0] Imported GUID: 7652904b1008e324fb7cfb952ea87656 - Path: Packages/com.unity.ide.visualstudio/Editor/ProjectGeneration/GUIDProvider.cs - Importer: ScriptedImporter/UnityEditor.QuickSearchModule:UnityEditor.Search:ASIAI0B -> (ImportResultId: '9253822c63375b3d71a954547d7d4aa5') in 0.0057566 seconds
[Worker0] Imported GUID: 38cb3a4a17d2cfd41926da95ce675934 - Path: Packages/com.unity.ide.visualstudio/Editor/Messaging/UdpSocket.cs - Importer: ScriptedImporter/UnityEditor.QuickSearchModule:UnityEditor.Search:ASIAI0B -> (ImportResultId: 'b7f626e5e837a59828f0a2f48c13aa40') in 0.0051166 seconds
[Worker0] Imported GUID: 57537f08f8e923f488e4aadabb831c9b - Path: Packages/com.unity.ide.visualstudio/Editor/ProjectGeneration/AssemblyNameProvider.cs - Importer: ScriptedImporter/UnityEditor.QuickSearchModule:UnityEditor.Search:ASIAI0B -> (ImportResultId: '0b2b72b9eb2f4822f2c63bbad137d4c3') in 0.005223 seconds
[Worker0] Imported GUID: 92a378669877c05c6071d0fed687bb95 - Path: Packages/com.unity.modules.tilemap/package.json - Importer: ScriptedImporter/UnityEditor.QuickSearchModule:UnityEditor.Search:ASIAI0B -> (ImportResultId: '3a4221d678a6e464c070699772cfe8ea') in 0.0057774 seconds
[Worker0] Imported GUID: 2b301b727225f1941974d69e61a55620 - Path: Packages/com.unity.test-framework/UnityEditor.TestRunner/TestRunnerWindowSettings.cs - Importer: ScriptedImporter/UnityEditor.QuickSearchModule:UnityEditor.Search:ASIAI0B -> (ImportResultId: '420d485da3a8f3023ba052db21debe20') in 0.0058293 seconds
[Worker0] Imported GUID: 3ec7596410385054a9e0bc90377fbe63 - Path: Packages/com.unity.test-framework/LICENSE.md - Importer: ScriptedImporter/UnityEditor.QuickSearchModule:UnityEditor.Search:ASIAI0B -> (ImportResultId: 'f6877cb04ba32056bb16fa00483bba3a') in 0.0052179 seconds
[Worker0] Imported GUID: be13c398521e3c1ad21fb9da30ab2ab6 - Path: Packages/com.unity.modules.imgui/package.ModuleCompilationTrigger - Importer: ScriptedImporter/UnityEditor.QuickSearchModule:UnityEditor.Search:ASIAI0B -> (ImportResultId: '57ba410c4cf81ac6fcf1665fb8e753f4') in 0.0045505 seconds
[Worker0] Imported GUID: 585c3fb85b32bd64e8814074e754163e - Path: Packages/com.unity.ide.visualstudio/Editor/VSWhere/vswhere.exe - Importer: ScriptedImporter/UnityEditor.QuickSearchModule:UnityEditor.Search:ASIAI0B -> (ImportResultId: 'bac9ef6759dd9b817f602ba19e80931d') in 0.0055536 seconds
[Worker0] Imported GUID: 9db19a04003fca7439552acd4de9baa1 - Path: Packages/com.unity.test-framework/UnityEditor.TestRunner/AssemblyInfo.cs - Importer: ScriptedImporter/UnityEditor.QuickSearchModule:UnityEditor.Search:ASIAI0B -> (ImportResultId: '9019d7f63f8b6279ef22e1d90d0cb2bc') in 0.0039062 seconds
[Worker0] Imported GUID: 222fc39b0c85d800342910da2cd64781 - Path: Packages/com.unity.modules.assetbundle/package.ModuleCompilationTrigger - Importer: ScriptedImporter/UnityEditor.QuickSearchModule:UnityEditor.Search:ASIAI0B -> (ImportResultId: '9d110c0a859425703cb1de6cb59f4d11') in 0.0033153 seconds
[Worker0] Imported GUID: e1ef8466c8fd01a549f10baa4d51fa17 - Path: Packages/com.unity.modules.assetbundle/package.json - Importer: ScriptedImporter/UnityEditor.QuickSearchModule:UnityEditor.Search:ASIAI0B -> (ImportResultId: '4e2e9a023bc208aabd6c307f58c07864') in 0.00425 seconds
[Worker0] Imported GUID: 3411e19edd44cfd46b548b058c3bc36c - Path: Packages/com.unity.test-framework/UnityEditor.TestRunner/TestBuildAssemblyFilter.cs - Importer: ScriptedImporter/UnityEditor.QuickSearchModule:UnityEditor.Search:ASIAI0B -> (ImportResultId: 'ea04e462eafd7d0c7e8d9d7b9ff31fed') in 0.0055289 seconds
[Worker0] Imported GUID: 939b89fc6b924ea2e821fc1be1b09f56 - Path: Packages/com.unity.modules.tetgen/package.json - Importer: ScriptedImporter/UnityEditor.QuickSearchModule:UnityEditor.Search:ASIAI0B -> (ImportResultId: '55cf5fd821cb4bf28954c1eb586329d4') in 0.003837 seconds
[Worker0] Imported GUID: 5c1ee4056d0ac7ad3c5a16597fcaa38a - Path: Packages/com.unity.modules.physics/package.ModuleCompilationTrigger - Importer: ScriptedImporter/UnityEditor.QuickSearchModule:UnityEditor.Search:ASIAI0B -> (ImportResultId: '070ffb047f194b722133c36af3b2c9cd') in 0.0040804 seconds
[Worker0] Imported GUID: a667f6654ad7a9548b8c8e68b51c8895 - Path: Packages/com.unity.test-framework/UnityEditor.TestRunner/RequireApiProfileAttribute.cs - Importer: ScriptedImporter/UnityEditor.QuickSearchModule:UnityEditor.Search:ASIAI0B -> (ImportResultId: 'c233b06d03a46af2c8a519bc3d7181e8') in 0.0042721 seconds
[Worker0] Imported GUID: 0719f1a8b2a284e1182b352e6c8c3c60 - Path: Packages/com.unity.ide.visualstudio/Editor/Testing/TestStatusAdaptor.cs - Importer: ScriptedImporter/UnityEditor.QuickSearchModule:UnityEditor.Search:ASIAI0B -> (ImportResultId: 'ad5683d07194c52c42c6cff77ebc0862') in 0.0032514 seconds
[Worker0] Imported GUID: db8e609a39b9b231fccc54e5fa4cbd1b - Path: Packages/com.unity.modules.animation/package.ModuleCompilationTrigger - Importer: ScriptedImporter/UnityEditor.QuickSearchModule:UnityEditor.Search:ASIAI0B -> (ImportResultId: '59bd74620a4b91d006b40d4f1e57f112') in 0.0043932 seconds
[Worker0] Imported GUID: 27619889b8ba8c24980f49ee34dbb44a - Path: Packages/com.unity.test-framework/UnityEngine.TestRunner/UnityEngine.TestRunner.asmdef - Importer: ScriptedImporter/UnityEditor.QuickSearchModule:UnityEditor.Search:ASIAI0B -> (ImportResultId: 'ffba98834f6ccd2598330d283783bc6f') in 0.0060133 seconds
[Worker0] Imported GUID: 80beef77cb19e713c7c2d481b65ed485 - Path: Packages/com.unity.modules.screencapture/package.json - Importer: ScriptedImporter/UnityEditor.QuickSearchModule:UnityEditor.Search:ASIAI0B -> (ImportResultId: '46365ed617f0ab35127bef2ec932f7e1') in 0.0034558 seconds
[Worker0] Imported GUID: 85dd7af03f02aea4aae13a3945e3b313 - Path: Packages/com.unity.test-framework/UnityEditor.TestRunner/Api/ITestAdaptor.cs - Importer: ScriptedImporter/UnityEditor.QuickSearchModule:UnityEditor.Search:ASIAI0B -> (ImportResultId: '5bad7d31948207359a1279d2a92d61f2') in 0.0053129 seconds
[Worker0] Imported GUID: 1a4266815e998967becf686f9c71f0a6 - Path: Packages/com.unity.modules.physics/package.json - Importer: ScriptedImporter/UnityEditor.QuickSearchModule:UnityEditor.Search:ASIAI0B -> (ImportResultId: '246f546b0b485244468d661b68f3f0d1') in 0.0066892 seconds
[Worker0] Imported GUID: ec02776fe29df900b897106d61977735 - Path: Packages/com.unity.modules.director/package.json - Importer: ScriptedImporter/UnityEditor.QuickSearchModule:UnityEditor.Search:ASIAI0B -> (ImportResultId: '1b98691d8bec9ca2f499bd62573449c6') in 0.0036439 seconds
[Worker0] Imported GUID: 71e7167b55a3448b38774a3bb6e05bac - Path: Packages/com.unity.modules.timelinefoundation/package.ModuleCompilationTrigger - Importer: ScriptedImporter/UnityEditor.QuickSearchModule:UnityEditor.Search:ASIAI0B -> (ImportResultId: '68d07065eed3421c11d8bda0549e7aa0') in 0.0042058 seconds
[Worker0] Imported GUID: c82e859b16636ddd2ca4a1f63fd34938 - Path: Packages/com.unity.modules.androidjni/package.ModuleCompilationTrigger - Importer: ScriptedImporter/UnityEditor.QuickSearchModule:UnityEditor.Search:ASIAI0B -> (ImportResultId: '54f4570923a14dd9bf2d44f5a74ffa44') in 0.0042035 seconds
[Worker0] Imported GUID: 559482fe33c79e44882d3a6cedc55fb5 - Path: Packages/com.unity.test-framework/UnityEditor.TestRunner/TestResultSerializer.cs - Importer: ScriptedImporter/UnityEditor.QuickSearchModule:UnityEditor.Search:ASIAI0B -> (ImportResultId: '20fc9d333464935b191b7c9895de8d39') in 0.0035184 seconds
[Worker0] Imported GUID: 4c413a81cadcce7038e446e56570117e - Path: Packages/com.unity.modules.adaptiveperformance/package.json - Importer: ScriptedImporter/UnityEditor.QuickSearchModule:UnityEditor.Search:ASIAI0B -> (ImportResultId: '82db4a9340f0c0c97a29f99ce270180a') in 0.0028135 seconds
[Worker0] Imported GUID: eea34a28297f9bc4c9f4c573bc8d5d1c - Path: Packages/com.unity.test-framework/UnityEditor.TestRunner/Api/ExecutionSettings.cs - Importer: ScriptedImporter/UnityEditor.QuickSearchModule:UnityEditor.Search:ASIAI0B -> (ImportResultId: '62d0e79f34138b6be717b69b58ce22c1') in 0.0067628 seconds
[Worker0] Imported GUID: bd1af0a6633ee94ae21c7d1d702cdc12 - Path: Packages/com.unity.modules.androidjni/package.json - Importer: ScriptedImporter/UnityEditor.QuickSearchModule:UnityEditor.Search:ASIAI0B -> (ImportResultId: 'a7adbdeb371ccef70323895b6e71a179') in 0.0032353 seconds
[Worker0] Imported GUID: 2479a4656ed89570ebd1de1fdda3dae5 - Path: Packages/com.unity.modules.timelinefoundation/package.json - Importer: ScriptedImporter/UnityEditor.QuickSearchModule:UnityEditor.Search:ASIAI0B -> (ImportResultId: 'a0b5cb498665faf4f3c964968d232e32') in 0.003425 seconds
[Worker0] Imported GUID: 93eea84e53d0226479c9a584f19427b5 - Path: Packages/com.unity.test-framework/UnityEditor.TestRunner/Api/ICallbacks.cs - Importer: ScriptedImporter/UnityEditor.QuickSearchModule:UnityEditor.Search:ASIAI0B -> (ImportResultId: 'ff7fd252a9cc44efe481582ae3a719c0') in 0.0037309 seconds
[Worker0] Imported GUID: 4dfcd3a631f61d248b7cc0b845d40345 - Path: Packages/com.unity.test-framework/UnityEditor.TestRunner/TestRunnerWindow.cs - Importer: ScriptedImporter/UnityEditor.QuickSearchModule:UnityEditor.Search:ASIAI0B -> (ImportResultId: '515a9c468470e44fc22893656896abdb') in 0.0039605 seconds
[Worker0] Imported GUID: 1a06c562b0c5eb046bcb876a29f93c98 - Path: Packages/com.unity.test-framework/UnityEditor.TestRunner/Api/IErrorCallbacks.cs - Importer: ScriptedImporter/UnityEditor.QuickSearchModule:UnityEditor.Search:ASIAI0B -> (ImportResultId: 'a7c45d776d1b9c4079efb8acb67be1fe') in 0.0033188 seconds
[Worker0] Imported GUID: 7ef8348b8ea834d7e1bc214b07f7fb87 - Path: Packages/com.unity.modules.animation/package.json - Importer: ScriptedImporter/UnityEditor.QuickSearchModule:UnityEditor.Search:ASIAI0B -> (ImportResultId: 'c91b8e3239e8005200d60d96c354abea') in 0.003247 seconds
[Worker0] Imported GUID: 082fbee38a82835433261a5e9c00e267 - Path: Packages/com.unity.modules.cloth/package.ModuleCompilationTrigger - Importer: ScriptedImporter/UnityEditor.QuickSearchModule:UnityEditor.Search:ASIAI0B -> (ImportResultId: 'b85084972b5107cde173e0a2fff39211') in 0.0034455 seconds
[Worker0] Imported GUID: b5930dbc378b45d406aeb881f06b6dfa - Path: Packages/com.unity.modules.physicscore2d/package.json - Importer: ScriptedImporter/UnityEditor.QuickSearchModule:UnityEditor.Search:ASIAI0B -> (ImportResultId: 'f3d518d9d52104ee9a77edf007b78090') in 0.0053393 seconds
[Worker0] Imported GUID: 51fa60bb2bd1e5bc74e8cc95a7bfd5b7 - Path: Packages/com.unity.modules.ui/package.ModuleCompilationTrigger - Importer: ScriptedImporter/UnityEditor.QuickSearchModule:UnityEditor.Search:ASIAI0B -> (ImportResultId: '1e0fa75770486ebb2d666c346cf0912f') in 0.0042155 seconds
[Worker0] Imported GUID: d742f2caefd9f934d9f19dad07a08e6f - Path: Packages/com.unity.test-framework/UnityEditor.TestRunner/Api/ICallbacksHolder.cs - Importer: ScriptedImporter/UnityEditor.QuickSearchModule:UnityEditor.Search:ASIAI0B -> (ImportResultId: 'e7954334649eb7cf80be5966f917a9be') in 0.0041948 seconds
[Worker0] Imported GUID: cd561f5f687aed43bf280c27a84f79e3 - Path: Packages/com.unity.modules.screencapture/package.ModuleCompilationTrigger - Importer: ScriptedImporter/UnityEditor.QuickSearchModule:UnityEditor.Search:ASIAI0B -> (ImportResultId: 'b847bb0094ccfa7686a4b0c84ee8d683') in 0.0038752 seconds
[Worker0] Imported GUID: b83f06ac0c0696e9563230865ca72b81 - Path: Packages/com.unity.modules.wind/package.json - Importer: ScriptedImporter/UnityEditor.QuickSearchModule:UnityEditor.Search:ASIAI0B -> (ImportResultId: '28774213c114c4c3708a79c99a8ffc92') in 0.0035826 seconds
[Worker0] Imported GUID: 4bf139fc5e9d9240edc107e25d67d398 - Path: Packages/com.unity.modules.tetgen/package.ModuleCompilationTrigger - Importer: ScriptedImporter/UnityEditor.QuickSearchModule:UnityEditor.Search:ASIAI0B -> (ImportResultId: '8784ae25aba0eab9b347c0d84e495c33') in 0.0044722 seconds
[Worker0] Imported GUID: 803abab0f7e17044db56f8760186dbd1 - Path: Packages/com.unity.test-framework/UnityEditor.TestRunner/Api/ITestAdaptorFactory.cs - Importer: ScriptedImporter/UnityEditor.QuickSearchModule:UnityEditor.Search:ASIAI0B -> (ImportResultId: 'f5fdee944e239ec4a5a78f111e93352e') in 0.0050682 seconds
[Worker0] Imported GUID: 14e86f88e9a8c9c448d7e7df92f2aeec - Path: Packages/com.unity.modules.physicscore2d/package.ModuleCompilationTrigger - Importer: ScriptedImporter/UnityEditor.QuickSearchModule:UnityEditor.Search:ASIAI0B -> (ImportResultId: '79cfbc3fbc50adf77c4f0181eab7054f') in 0.0035846 seconds
[Worker0] Imported GUID: 0acc523941302664db1f4e527237feb3 - Path: Packages/com.unity.test-framework/UnityEditor.TestRunner/UnityEditor.TestRunner.asmdef - Importer: ScriptedImporter/UnityEditor.QuickSearchModule:UnityEditor.Search:ASIAI0B -> (ImportResultId: '6407bf7f016cd83d6d80f1b6ef910247') in 0.0041888 seconds
[Worker0] Imported GUID: c88e90bad18cceb5d182d0c805883056 - Path: Packages/com.unity.modules.director/package.ModuleCompilationTrigger - Importer: ScriptedImporter/UnityEditor.QuickSearchModule:UnityEditor.Search:ASIAI0B -> (ImportResultId: '8b0b8f53b90c161ada5fe4ddfd73f81a') in 0.0035236 seconds
[Worker0] Imported GUID: cb67edc1800c2ec4ba8dfb1cf0dfc84a - Path: Packages/com.unity.ide.visualstudio/Editor/COMIntegration/Release/COMIntegration.exe - Importer: ScriptedImporter/UnityEditor.QuickSearchModule:UnityEditor.Search:ASIAI0B -> (ImportResultId: '23733a206342202ebd37677eb3e95b57') in 0.0044158 seconds
[Worker0] Imported GUID: 42fe78c8fe682715a2cb531422e6ccb3 - Path: Packages/com.unity.modules.imgui/package.json - Importer: ScriptedImporter/UnityEditor.QuickSearchModule:UnityEditor.Search:ASIAI0B -> (ImportResultId: 'd39384c09d0ec263f041feea0f90a556') in 0.0028513 seconds
[Worker0] Imported GUID: 0de03ebd74e2b474fa23d05ab42d0cd8 - Path: Packages/com.unity.test-framework/UnityEditor.TestRunner/Api/CallbacksDelegator.cs - Importer: ScriptedImporter/UnityEditor.QuickSearchModule:UnityEditor.Search:ASIAI0B -> (ImportResultId: 'eea00e58bf5baf85f68f3647aae5aac5') in 0.0031093 seconds
[Worker0] Imported GUID: 8f8f74fe8e363da42875d9cab025d3b2 - Path: Packages/com.unity.test-framework/UnityEditor.TestRunner/Api/ICallbacksDelegator.cs - Importer: ScriptedImporter/UnityEditor.QuickSearchModule:UnityEditor.Search:ASIAI0B -> (ImportResultId: 'a155e6e975bc3818b46d11e11240eb15') in 0.0057437 seconds
[Worker0] Imported GUID: 906c12bc9cd95d3963c6d58f62522c78 - Path: Packages/com.unity.modules.cloth/package.json - Importer: ScriptedImporter/UnityEditor.QuickSearchModule:UnityEditor.Search:ASIAI0B -> (ImportResultId: 'c541ba6cbb6b4ff130d572168e09db5c') in 0.003672 seconds
[Worker0] Imported GUID: cc22cc13b69c1094c85e176c008b9ef8 - Path: Packages/com.unity.test-framework/UnityEngine.TestRunner/AssemblyInfo.cs - Importer: ScriptedImporter/UnityEditor.QuickSearchModule:UnityEditor.Search:ASIAI0B -> (ImportResultId: '20ad6b9d074245ef55fe951d1c4cf510') in 0.0060862 seconds
[Worker0] Imported GUID: 71136fc5cf34f2cc10be0e33c0b08019 - Path: Packages/com.unity.modules.unityanalytics/package.ModuleCompilationTrigger - Importer: ScriptedImporter/UnityEditor.QuickSearchModule:UnityEditor.Search:ASIAI0B -> (ImportResultId: '0fa49a12ff46d3c7ab097b6b09dd2beb') in 0.0046419 seconds
[Worker0] Imported GUID: a785dd14005a471483d6732fabeee0ea - Path: Packages/com.unity.test-framework/UnityEditor.TestRunner/Api/IgnoreTest.cs - Importer: ScriptedImporter/UnityEditor.QuickSearchModule:UnityEditor.Search:ASIAI0B -> (ImportResultId: '07e8f40e5dc8fada70cb810adc1a6576') in 0.00372 seconds
[Worker0] Imported GUID: 1af35a910338381f753e8a985eb5daab - Path: Packages/com.unity.modules.adaptiveperformance/package.ModuleCompilationTrigger - Importer: ScriptedImporter/UnityEditor.QuickSearchModule:UnityEditor.Search:ASIAI0B -> (ImportResultId: '073a9fb29424c1a7857788ce6739347d') in 0.0036358 seconds
[Worker0] Imported GUID: 4884ccc3528cb2e40a0e6f0a19a2b35b - Path: Packages/com.unity.test-framework/UnityEditor.TestRunner/Api/CallbacksHolder.cs - Importer: ScriptedImporter/UnityEditor.QuickSearchModule:UnityEditor.Search:ASIAI0B -> (ImportResultId: '4092f87000a4ca88b838417aa261d9f8') in 0.0048744 seconds
[Worker0] Imported GUID: 05f92e4a2414cb144a92157752dfa324 - Path: Packages/com.unity.test-framework/UnityEditor.TestRunner/Api/Filter.cs - Importer: ScriptedImporter/UnityEditor.QuickSearchModule:UnityEditor.Search:ASIAI0B -> (ImportResultId: 'c30f5609b9bdc432a869b055200b8b32') in 0.0043923 seconds
[Worker0] Imported GUID: 2adec19fac7df68adf1fd6eb83197bb1 - Path: Packages/com.unity.modules.wind/package.ModuleCompilationTrigger - Importer: ScriptedImporter/UnityEditor.QuickSearchModule:UnityEditor.Search:ASIAI0B -> (ImportResultId: 'cafab051242d2d07eb02cd29006af0b2') in 0.0043195 seconds
[Worker0] Imported GUID: bfd567a3d1631a761bca9e99fa53d86d - Path: Packages/com.unity.modules.ui/package.json - Importer: ScriptedImporter/UnityEditor.QuickSearchModule:UnityEditor.Search:ASIAI0B -> (ImportResultId: 'ee491072e30ee6c5e4419538cd43b8d1') in 0.0039795 seconds
[Worker0] Imported GUID: 26a4f29db434fd79025c91f6126382cc - Path: Packages/com.unity.modules.unityanalytics/package.json - Importer: ScriptedImporter/UnityEditor.QuickSearchModule:UnityEditor.Search:ASIAI0B -> (ImportResultId: '45adeef30b1d78f2fc155f5e0600345d') in 0.0040609 seconds
[Worker0] Imported GUID: d2146428d3f1ad54eb7326c9a44b3284 - Path: Packages/com.unity.test-framework/UnityEditor.TestRunner/RequirePlatformSupportAttribute.cs - Importer: ScriptedImporter/UnityEditor.QuickSearchModule:UnityEditor.Search:ASIAI0B -> (ImportResultId: 'a4924f92914d0a4343160884af254f97') in 0.0041298 seconds
[Worker0] Imported GUID: d6a2e6e4803de7b43baacdc355fc144d - Path: Packages/com.unity.test-framework/package.json - Importer: ScriptedImporter/UnityEditor.QuickSearchModule:UnityEditor.Search:ASIAI0B -> (ImportResultId: '0f9bad011de5bf0179b015d0548dc0d5') in 0.0027816 seconds
[Worker0] Imported GUID: d691174143fd3774ba63d7c493633b99 - Path: Packages/com.unity.test-framework/CHANGELOG.md - Importer: ScriptedImporter/UnityEditor.QuickSearchModule:UnityEditor.Search:ASIAI0B -> (ImportResultId: 'e895bbadce4c6e4dc6df302ca5d3a589') in 0.0039467 seconds
[Worker0] Imported GUID: fd57cf917f61bbb42b8f030436426ddd - Path: Packages/com.unity.test-framework/UnityEditor.TestRunner/GUI/IGuiHelper.cs - Importer: ScriptedImporter/UnityEditor.QuickSearchModule:UnityEditor.Search:ASIAI0B -> (ImportResultId: '7aee9f25f9b851408731c2110740895d') in 0.0033445 seconds
[Worker0] Imported GUID: 1ebc1994f9a3d5649a1201d3a84b38df - Path: Packages/com.unity.test-framework/UnityEditor.TestRunner/TestRunner/EditorEnumeratorTestWorkItem.cs - Importer: ScriptedImporter/UnityEditor.QuickSearchModule:UnityEditor.Search:ASIAI0B -> (ImportResultId: 'de3abd06ff8777ab624a26e8b2f5a753') in 0.0039929 seconds
[Worker0] Imported GUID: 9ec94545c5b00344c9bd8e691f15d799 - Path: Packages/com.unity.test-framework/UnityEditor.TestRunner/Api/TestStatus.cs - Importer: ScriptedImporter/UnityEditor.QuickSearchModule:UnityEditor.Search:ASIAI0B -> (ImportResultId: 'e7c2cacfc54799b98f4a8e40a661328d') in 0.0043715 seconds
[Worker0] Imported GUID: c3a75354f6ceac94ca15ca9d96593290 - Path: Packages/com.unity.test-framework/UnityEditor.TestRunner/CommandLineTest/ExecutionSettings.cs - Importer: ScriptedImporter/UnityEditor.QuickSearchModule:UnityEditor.Search:ASIAI0B -> (ImportResultId: '9a5dfd2f3038fc002368fbd7b076f83c') in 0.0034832 seconds
[Worker0] Imported GUID: 0b677ddfd54046c498a20446baa4f932 - Path: Packages/com.unity.test-framework/UnityEditor.TestRunner/TestRun/TestJobRunner.cs - Importer: ScriptedImporter/UnityEditor.QuickSearchModule:UnityEditor.Search:ASIAI0B -> (ImportResultId: 'b5a155908dad1f5783ce10bfd35b9bba') in 0.0034484 seconds
[Worker0] Imported GUID: c1cba6f3ed484514097080a3bb835958 - Path: Packages/com.unity.test-framework/UnityEditor.TestRunner/TestLaunchers/PlayerLauncherTestRunSettings.cs - Importer: ScriptedImporter/UnityEditor.QuickSearchModule:UnityEditor.Search:ASIAI0B -> (ImportResultId: '2d7693588e536525c0860f148dd2924b') in 0.0066364 seconds
[Worker0] Imported GUID: 68993ba529ae04440916cb7c23bf3279 - Path: Packages/com.unity.test-framework/UnityEditor.TestRunner/Api/TestRunnerApi.cs - Importer: ScriptedImporter/UnityEditor.QuickSearchModule:UnityEditor.Search:ASIAI0B -> (ImportResultId: '83d2b2fbf6c07a359319f71738dd87fd') in 0.003245 seconds
[Worker0] Imported GUID: 6965880f76f40194593cb53a88f74005 - Path: Packages/com.unity.test-framework/UnityEditor.TestRunner/TestLaunchers/PlayerLauncherContextSettings.cs - Importer: ScriptedImporter/UnityEditor.QuickSearchModule:UnityEditor.Search:ASIAI0B -> (ImportResultId: '9489ab0de7b670a44a4ca03cb1391868') in 0.0042458 seconds
[Worker0] Imported GUID: d061ada5d3169454daf54243390b5fdb - Path: Packages/com.unity.test-framework/UnityEditor.TestRunner/Api/TestResultAdaptor.cs - Importer: ScriptedImporter/UnityEditor.QuickSearchModule:UnityEditor.Search:ASIAI0B -> (ImportResultId: '38a6d8d386ae355cd0fb6078c4fe691c') in 0.0041066 seconds
[Worker0] Imported GUID: 0efb23ecb373b6d4bbe5217485785138 - Path: Packages/com.unity.test-framework/UnityEditor.TestRunner/TestLaunchers/RuntimeTestLauncherBase.cs - Importer: ScriptedImporter/UnityEditor.QuickSearchModule:UnityEditor.Search:ASIAI0B -> (ImportResultId: 'e701dcf4c2fe3287a46c2dc5ad0bcd55') in 0.0033351 seconds
[Worker0] Imported GUID: 317f06562c344e22991ba4117cf7b71c - Path: Packages/com.unity.test-framework/UnityEditor.TestRunner/CommandLineTest/TestState.cs - Importer: ScriptedImporter/UnityEditor.QuickSearchModule:UnityEditor.Search:ASIAI0B -> (ImportResultId: '1920344c32ae6ca5654d2aa6f28a90c0') in 0.0031366 seconds
[Worker0] Imported GUID: d56e34a052c646e39a3317c404303e5f - Path: Packages/com.unity.test-framework/UnityEditor.TestRunner/CommandLineTest/IRunData.cs - Importer: ScriptedImporter/UnityEditor.QuickSearchModule:UnityEditor.Search:ASIAI0B -> (ImportResultId: '16c49d71cccda6c352d815a5c0759d49') in 0.0072253 seconds
[Worker0] Imported GUID: 8d20eedbe40f0ce41a4c4f633f225de8 - Path: Packages/com.unity.test-framework/UnityEditor.TestRunner/CommandLineTest/LogSavingCallbacks.cs - Importer: ScriptedImporter/UnityEditor.QuickSearchModule:UnityEditor.Search:ASIAI0B -> (ImportResultId: '963a5f421e884670222de1b9cffaecbf') in 0.0030488 seconds
[Worker0] Imported GUID: 416b65350c010294db54ceca7fd02072 - Path: Packages/com.unity.test-framework/UnityEditor.TestRunner/TestRun/RequiredTestRunDataMissingException.cs - Importer: ScriptedImporter/UnityEditor.QuickSearchModule:UnityEditor.Search:ASIAI0B -> (ImportResultId: '1d62876fe5c7171b7146a99a1b00b53c') in 0.0041204 seconds
[Worker0] Imported GUID: d0663d520c26b7c48a4135599e66acf8 - Path: Packages/com.unity.test-framework/UnityEditor.TestRunner/Api/TestAdaptorFactory.cs - Importer: ScriptedImporter/UnityEditor.QuickSearchModule:UnityEditor.Search:ASIAI0B -> (ImportResultId: '4f4395656282c0665c0b62ebf8b0eb36') in 0.0035398 seconds
[Worker0] Imported GUID: edd2a1fe1acbbde43aad39862bb3f4a8 - Path: Packages/com.unity.test-framework/UnityEditor.TestRunner/TestLaunchers/RemotePlayerLogController.cs - Importer: ScriptedImporter/UnityEditor.QuickSearchModule:UnityEditor.Search:ASIAI0B -> (ImportResultId: '879596406fbbfe5a058d09b6d800e20b') in 0.0043417 seconds
[Worker0] Imported GUID: 8bb59cb2f66d156418ca1bd1e2703233 - Path: Packages/com.unity.test-framework/UnityEditor.TestRunner/Api/RunState.cs - Importer: ScriptedImporter/UnityEditor.QuickSearchModule:UnityEditor.Search:ASIAI0B -> (ImportResultId: '63b6de22cfa51beb07d87110d7024e76') in 0.0030076 seconds
[Worker0] Imported GUID: b7468a027a77337478e133b40b42b4f9 - Path: Packages/com.unity.test-framework/UnityEditor.TestRunner/CommandLineTest/SettingsBuilder.cs - Importer: ScriptedImporter/UnityEditor.QuickSearchModule:UnityEditor.Search:ASIAI0B -> (ImportResultId: 'f0ad71bdd0c6c8bf16fa1eeba04fd013') in 0.0027371 seconds
[Worker0] Imported GUID: 208e46d59ff6e304db0318377d20f5a1 - Path: Packages/com.unity.test-framework/UnityEditor.TestRunner/GUI/IAssetsDatabaseHelper.cs - Importer: ScriptedImporter/UnityEditor.QuickSearchModule:UnityEditor.Search:ASIAI0B -> (ImportResultId: 'd7badcc2979cba904a6606d9eff80bcf') in 0.0036332 seconds
[Worker0] Imported GUID: d973fc1524e4d724081553934c55958c - Path: Packages/com.unity.test-framework/UnityEditor.TestRunner/TestLaunchers/PlayerLauncher.cs - Importer: ScriptedImporter/UnityEditor.QuickSearchModule:UnityEditor.Search:ASIAI0B -> (ImportResultId: 'a00234b17206b354c26cc0af11321e04') in 0.0037593 seconds
[Worker0] Imported GUID: 05778dd1de4433d418793b6f3d3c18cf - Path: Packages/com.unity.test-framework/UnityEditor.TestRunner/CommandLineTest/LogWriter.cs - Importer: ScriptedImporter/UnityEditor.QuickSearchModule:UnityEditor.Search:ASIAI0B -> (ImportResultId: '9ba4e5dfc720b026407cc1e37b1f8db7') in 0.0036557 seconds
[Worker0] Imported GUID: 740b3785866edda4b8d1e1a05570a5f8 - Path: Packages/com.unity.test-framework/UnityEditor.TestRunner/GUI/AssetsDatabaseHelper.cs - Importer: ScriptedImporter/UnityEditor.QuickSearchModule:UnityEditor.Search:ASIAI0B -> (ImportResultId: '30b28e5f86dbd636d73a539ba0c34464') in 0.0030469 seconds
[Worker0] Imported GUID: 7d36034e63ad8254b9b2f55280fcc040 - Path: Packages/com.unity.test-framework/UnityEditor.TestRunner/TestLaunchers/RemotePlayerTestController.cs - Importer: ScriptedImporter/UnityEditor.QuickSearchModule:UnityEditor.Search:ASIAI0B -> (ImportResultId: 'de42867b3a65b162f99e035b9e6c4dc2') in 0.0035948 seconds
[Worker0] Imported GUID: 241a47157da9420aaafa8cda2afd41a0 - Path: Packages/com.unity.test-framework/UnityEditor.TestRunner/TestRun/WaitForPlayerRunTask.cs - Importer: ScriptedImporter/UnityEditor.QuickSearchModule:UnityEditor.Search:ASIAI0B -> (ImportResultId: '7bf6159afceabef88544e15636c14335') in 0.0036239 seconds
[Worker0] Imported GUID: f445ca0c614a846449fcd8ae648c24e2 - Path: Packages/com.unity.test-framework/UnityEditor.TestRunner/CommandLineParser/ICommandLineOption.cs - Importer: ScriptedImporter/UnityEditor.QuickSearchModule:UnityEditor.Search:ASIAI0B -> (ImportResultId: 'bc31af4485cc44aaef6237ee2d96ada5') in 0.0031939 seconds
[Worker0] Imported GUID: 3dde15f260b0dd1469e60d16eaa795dc - Path: Packages/com.unity.test-framework/UnityEditor.TestRunner/TestRunner/EditmodeWorkItemFactory.cs - Importer: ScriptedImporter/UnityEditor.QuickSearchModule:UnityEditor.Search:ASIAI0B -> (ImportResultId: 'bf0afbcfadcce1e158e9175a6ea1df58') in 0.0035582 seconds
[Worker0] Imported GUID: 1d45b9d3cf85bee4f99c1492fca8438a - Path: Packages/com.unity.test-framework/UnityEditor.TestRunner/TestRun/TestRunCanceledException.cs - Importer: ScriptedImporter/UnityEditor.QuickSearchModule:UnityEditor.Search:ASIAI0B -> (ImportResultId: '6fc492afd13c9a0ac6ebcbb1dc42114b') in 0.0032193 seconds
[Worker0] Imported GUID: 83eda34b7da01e04aa894f268158b0c0 - Path: Packages/com.unity.test-framework/UnityEditor.TestRunner/TestSettings/ITestSettings.cs - Importer: ScriptedImporter/UnityEditor.QuickSearchModule:UnityEditor.Search:ASIAI0B -> (ImportResultId: '0cd434373f4d1755ef992f3bcac45f8a') in 0.0039073 seconds
[Worker0] Imported GUID: 8a13cbeb2099aca47bb456f49845f86c - Path: Packages/com.unity.test-framework/UnityEditor.TestRunner/CommandLineTest/ISettingsBuilder.cs - Importer: ScriptedImporter/UnityEditor.QuickSearchModule:UnityEditor.Search:ASIAI0B -> (ImportResultId: '91c1d860924f89a8557c4c4defde46a2') in 0.0037785 seconds
[Worker0] Imported GUID: 15f870c6975ad6449b5b52514b90dc2b - Path: Packages/com.unity.test-framework/UnityEditor.TestRunner/GUI/TestRunnerUIFilter.cs - Importer: ScriptedImporter/UnityEditor.QuickSearchModule:UnityEditor.Search:ASIAI0B -> (ImportResultId: 'db2c46d586207cee277bdaa22c1987e4') in 0.0039397 seconds
[Worker0] Imported GUID: 2ae2ce6274819484fa8747a28cebdf3a - Path: Packages/com.unity.test-framework/UnityEditor.TestRunner/Api/ITestRunSettings.cs - Importer: ScriptedImporter/UnityEditor.QuickSearchModule:UnityEditor.Search:ASIAI0B -> (ImportResultId: '4f89d93f82383c5536ac25c66ff5a1ed') in 0.0035301 seconds
[Worker0] Imported GUID: b1516a46a16d458e8debc6b459b107ea - Path: Packages/com.unity.test-framework/UnityEditor.TestRunner/TestRun/TaskList.cs - Importer: ScriptedImporter/UnityEditor.QuickSearchModule:UnityEditor.Search:ASIAI0B -> (ImportResultId: '227c3a29191ca4e1b06842de8de4ea86') in 0.0030566 seconds
[Worker0] Imported GUID: 29d603e0a726a9043b3503112271844a - Path: Packages/com.unity.test-framework/UnityEditor.TestRunner/Api/ResultsWriter.cs - Importer: ScriptedImporter/UnityEditor.QuickSearchModule:UnityEditor.Search:ASIAI0B -> (ImportResultId: '351580a72d7ee9620e3805952a668612') in 0.0036206 seconds
[Worker0] Imported GUID: 6d16f2e78a356d34c9a32108929de932 - Path: Packages/com.unity.test-framework/UnityEditor.TestRunner/TestRunner/EditModePCHelper.cs - Importer: ScriptedImporter/UnityEditor.QuickSearchModule:UnityEditor.Search:ASIAI0B -> (ImportResultId: '4df42c29e50d641eba0ce255ed8fc443') in 0.0050069 seconds
[Worker0] Imported GUID: 8069e1fc631e461ababf11f19a9c0df3 - Path: Packages/com.unity.test-framework/UnityEditor.TestRunner/GUI/UITestRunnerFilter.cs - Importer: ScriptedImporter/UnityEditor.QuickSearchModule:UnityEditor.Search:ASIAI0B -> (ImportResultId: 'a11a4586d51c97ceaa13f43112f3176f') in 0.0049886 seconds
[Worker0] Imported GUID: c9219e99d466b7741a057132d1994f35 - Path: Packages/com.unity.test-framework/UnityEditor.TestRunner/TestRunner/EditModeRunner.cs - Importer: ScriptedImporter/UnityEditor.QuickSearchModule:UnityEditor.Search:ASIAI0B -> (ImportResultId: '3a6fb1d641cd187de1898a7628114036') in 0.0030301 seconds
[Worker0] Imported GUID: 8a06b6fbaa6f4191aa47b7e31242f061 - Path: Packages/com.unity.test-framework/UnityEditor.TestRunner/Api/TestRunProgress.cs - Importer: ScriptedImporter/UnityEditor.QuickSearchModule:UnityEditor.Search:ASIAI0B -> (ImportResultId: '3ada9d3cb698a22541b033e0b8eabc17') in 0.0032804 seconds
[Worker0] Imported GUID: d0138170d24533e47b8e6c250c6d7fbc - Path: Packages/com.unity.test-framework/UnityEditor.TestRunner/GUI/GuiHelper.cs - Importer: ScriptedImporter/UnityEditor.QuickSearchModule:UnityEditor.Search:ASIAI0B -> (ImportResultId: 'b9849bdb9cf08234329b2c25b75e2fdd') in 0.0035438 seconds
[Worker0] Imported GUID: ef563c5a6ecf64d4193dc144cb7d472a - Path: Packages/com.unity.test-framework/UnityEditor.TestRunner/CommandLineTest/ResultsSavingCallbacks.cs - Importer: ScriptedImporter/UnityEditor.QuickSearchModule:UnityEditor.Search:ASIAI0B -> (ImportResultId: '7db6e262683548880ed4058b2e7ea22b') in 0.0044228 seconds
[Worker0] Imported GUID: a3529368f4cd0424a89aa51080a16b06 - Path: Packages/com.unity.test-framework/UnityEditor.TestRunner/CommandLineParser/CommandLineOption.cs - Importer: ScriptedImporter/UnityEditor.QuickSearchModule:UnityEditor.Search:ASIAI0B -> (ImportResultId: '91423968c4f71a334a7e5c5ea354cdb4') in 0.0039744 seconds
[Worker0] Imported GUID: 5a0dfda606a24736913c00edd76e55f6 - Path: Packages/com.unity.test-framework/UnityEditor.TestRunner/GUI/TestRunnerGUI.cs - Importer: ScriptedImporter/UnityEditor.QuickSearchModule:UnityEditor.Search:ASIAI0B -> (ImportResultId: 'ff8dfbfc9028c606d6f8d9c6525950d3') in 0.0030492 seconds
[Worker0] Imported GUID: a582090813554df479fb9ca03e9857d3 - Path: Packages/com.unity.test-framework/UnityEditor.TestRunner/TestLaunchers/EditModeLauncherContextSettings.cs - Importer: ScriptedImporter/UnityEditor.QuickSearchModule:UnityEditor.Search:ASIAI0B -> (ImportResultId: '1d46e249be2e82f256075fa3b23b1902') in 0.0045543 seconds
[Worker0] Imported GUID: 083c6a3a5426382449369ddc12b691d8 - Path: Packages/com.unity.test-framework/UnityEditor.TestRunner/CommandLineTest/Executer.cs - Importer: ScriptedImporter/UnityEditor.QuickSearchModule:UnityEditor.Search:ASIAI0B -> (ImportResultId: 'c0f587b874fe4e5ee4544a1bd4ea618c') in 0.0038751 seconds
[Worker0] Imported GUID: d3217d58bbd1d2b4aaee933e2e8b9195 - Path: Packages/com.unity.test-framework/UnityEditor.TestRunner/TestLaunchers/PlaymodeLauncher.cs - Importer: ScriptedImporter/UnityEditor.QuickSearchModule:UnityEditor.Search:ASIAI0B -> (ImportResultId: 'b3a7c1a97af760d2a57ca832c07f1191') in 0.0045049 seconds
[Worker0] Imported GUID: 1cddf785b0d07434d8e0607c97b09135 - Path: Packages/com.unity.test-framework/UnityEditor.TestRunner/TestLaunchers/TestLauncherBase.cs - Importer: ScriptedImporter/UnityEditor.QuickSearchModule:UnityEditor.Search:ASIAI0B -> (ImportResultId: '6c4318ab9a241bfd316c24252b2c4dfe') in 0.004289 seconds
[Worker0] Imported GUID: 124533853216377448d786fd7c725701 - Path: Packages/com.unity.test-framework/UnityEditor.TestRunner/NUnitExtension/TestRunnerStateSerializer.cs - Importer: ScriptedImporter/UnityEditor.QuickSearchModule:UnityEditor.Search:ASIAI0B -> (ImportResultId: '8d21d15a953bcb2daf5ddb31407837f1') in 0.0041471 seconds
[Worker0] Imported GUID: 3297738ef11b478a8b7ee802953ae768 - Path: Packages/com.unity.test-framework/UnityEditor.TestRunner/CommandLineTest/IExecuter.cs - Importer: ScriptedImporter/UnityEditor.QuickSearchModule:UnityEditor.Search:ASIAI0B -> (ImportResultId: '95a70cb70dc5f09e7af973ef73fb4a77') in 0.0036243 seconds
[Worker0] Imported GUID: 4230e406313f1db43a4b548e7a3ad2e2 - Path: Packages/com.unity.test-framework/UnityEditor.TestRunner/Api/ITestTreeRebuildCallbacks.cs - Importer: ScriptedImporter/UnityEditor.QuickSearchModule:UnityEditor.Search:ASIAI0B -> (ImportResultId: 'd132a6159768c54970a89b16828c4ce1') in 0.0036107 seconds
[Worker0] Imported GUID: a7842a837a4b13e41ae16193db753418 - Path: Packages/com.unity.test-framework/UnityEditor.TestRunner/Api/ITestRunnerApi.cs - Importer: ScriptedImporter/UnityEditor.QuickSearchModule:UnityEditor.Search:ASIAI0B -> (ImportResultId: 'bce4188b6b61a1fc8855a176ad914ff5') in 0.0034051 seconds
[Worker0] Imported GUID: cad095eccea17b741bc4cd264e7441cd - Path: Packages/com.unity.test-framework/UnityEditor.TestRunner/Api/TestMode.cs - Importer: ScriptedImporter/UnityEditor.QuickSearchModule:UnityEditor.Search:ASIAI0B -> (ImportResultId: '3902c86458156c247d8aad250b729a48') in 0.0043017 seconds
[Worker0] Imported GUID: 4f90cfe4bf5cfb44f84a5b11387f2a42 - Path: Packages/com.unity.test-framework/UnityEditor.TestRunner/Api/ITestResultAdaptor.cs - Importer: ScriptedImporter/UnityEditor.QuickSearchModule:UnityEditor.Search:ASIAI0B -> (ImportResultId: '2f93b1c7983da3cd73006a1862c9baae') in 0.0044143 seconds
[Worker0] Imported GUID: 4d616d1a494edd144b262cf6cd5e5fda - Path: Packages/com.unity.test-framework/UnityEditor.TestRunner/CommandLineTest/TestStarter.cs - Importer: ScriptedImporter/UnityEditor.QuickSearchModule:UnityEditor.Search:ASIAI0B -> (ImportResultId: '62e1c77a0c27527991f6b306c488651c') in 0.0033968 seconds
[Worker0] Imported GUID: a04a45bbed9e1714f9902fc9443669b9 - Path: Packages/com.unity.test-framework/UnityEditor.TestRunner/GUI/TestRunnerResult.cs - Importer: ScriptedImporter/UnityEditor.QuickSearchModule:UnityEditor.Search:ASIAI0B -> (ImportResultId: 'ba2491ebd86d3d4dd483367f8b8ee75c') in 0.0051271 seconds
[Worker0] Imported GUID: 8173ba5b162e4e5882521d173c36acec - Path: Packages/com.unity.test-framework/UnityEditor.TestRunner/TestRun/ITestJobRunner.cs - Importer: ScriptedImporter/UnityEditor.QuickSearchModule:UnityEditor.Search:ASIAI0B -> (ImportResultId: '9695812a94bfcc2dceeb458d102c54f6') in 0.0033301 seconds
[Worker0] Imported GUID: 3f8c1075884df0249b80e23a0598f9c1 - Path: Packages/com.unity.test-framework/UnityEditor.TestRunner/CommandLineTest/RunData.cs - Importer: ScriptedImporter/UnityEditor.QuickSearchModule:UnityEditor.Search:ASIAI0B -> (ImportResultId: 'a44578ebcf633d53d461d4789dd36307') in 0.0029512 seconds
[Worker0] Imported GUID: 63572993f2104574099a48392460b211 - Path: Packages/com.unity.test-framework/UnityEditor.TestRunner/CommandLineTest/SetupException.cs - Importer: ScriptedImporter/UnityEditor.QuickSearchModule:UnityEditor.Search:ASIAI0B -> (ImportResultId: '52d34d7455744e00e569b156c5ddd12f') in 0.0068679 seconds
[Worker0] Imported GUID: 6e0e62db88935c74288c97c907243bd0 - Path: Packages/com.unity.test-framework/UnityEditor.TestRunner/Api/TestAdaptor.cs - Importer: ScriptedImporter/UnityEditor.QuickSearchModule:UnityEditor.Search:ASIAI0B -> (ImportResultId: '01e9ea48a918bd85a8419e3aa9e85c0d') in 0.0043147 seconds
[Worker0] Imported GUID: 43db38ca7188900429bf8be95ebbe197 - Path: Packages/com.unity.test-framework/UnityEditor.TestRunner/CommandLineTest/RunStateCallbacks.cs - Importer: ScriptedImporter/UnityEditor.QuickSearchModule:UnityEditor.Search:ASIAI0B -> (ImportResultId: '6407a4ef421143729e815cec7529a570') in 0.0031259 seconds
[Worker0] Imported GUID: 7d0a7ea6062a4f42bcea6cb642817537 - Path: Packages/com.unity.test-framework/UnityEditor.TestRunner/TestRun/ITestJobDataHolder.cs - Importer: ScriptedImporter/UnityEditor.QuickSearchModule:UnityEditor.Search:ASIAI0B -> (ImportResultId: '2974b447bfc73ad63cf8f6501b66aa66') in 0.0047195 seconds
[Worker0] Imported GUID: 901b761c5c1e22d4e8a3ba7d95bc1f5d - Path: Packages/com.unity.test-framework/UnityEditor.TestRunner/TestRunner/EnumeratorStepHelper.cs - Importer: ScriptedImporter/UnityEditor.QuickSearchModule:UnityEditor.Search:ASIAI0B -> (ImportResultId: '6539ecf5e5214d565099e0d2792a6606') in 0.0033427 seconds
[Worker0] Imported GUID: 59d3f5586b341a74c84c8f72144a4568 - Path: Packages/com.unity.test-framework/UnityEditor.TestRunner/CommandLineTest/RunSettings.cs - Importer: ScriptedImporter/UnityEditor.QuickSearchModule:UnityEditor.Search:ASIAI0B -> (ImportResultId: 'c6c621fb4d1cb2478280b43a5cdbd87b') in 0.0036549 seconds
[Worker0] Imported GUID: 612b00d793cac3c49808ab3ee5428f16 - Path: Packages/com.unity.test-framework/UnityEditor.TestRunner/TestRun/TestJobDataHolder.cs - Importer: ScriptedImporter/UnityEditor.QuickSearchModule:UnityEditor.Search:ASIAI0B -> (ImportResultId: '3d8775ee0607d290ff7356f48c0f6140') in 0.0028728 seconds
[Worker0] Imported GUID: 139c5eac101a4dc4fb3098e30c29f15e - Path: Packages/com.unity.test-framework/UnityEditor.TestRunner/CommandLineParser/CommandLineOptionSet.cs - Importer: ScriptedImporter/UnityEditor.QuickSearchModule:UnityEditor.Search:ASIAI0B -> (ImportResultId: '7403cec135f1608a6c172e52950e310d') in 0.0054051 seconds
[Worker0] Imported GUID: d208a1684f8aa6a40ad91d6aa9600c14 - Path: Packages/com.unity.test-framework/UnityEditor.TestRunner/TestSettings/ITestSettingsDeserializer.cs - Importer: ScriptedImporter/UnityEditor.QuickSearchModule:UnityEditor.Search:ASIAI0B -> (ImportResultId: '2b89dc53f968b2cc41b2f9f58d04b34f') in 0.0031166 seconds
[Worker0] Imported GUID: 621fd19bcb071b64aa1d68f0271aa780 - Path: Packages/com.unity.test-framework/UnityEngine.TestRunner/Utils/PostBuildCleanupAttribute.cs - Importer: ScriptedImporter/UnityEditor.QuickSearchModule:UnityEditor.Search:ASIAI0B -> (ImportResultId: 'c6674e928fc6dafc11bf338a6d5e0e79') in 0.0039951 seconds
[Worker0] Imported GUID: 68a48d1900320ed458e118415857faf6 - Path: Packages/com.unity.test-framework/UnityEngine.TestRunner/Assertions/ConstraintsExtensions.cs - Importer: ScriptedImporter/UnityEditor.QuickSearchModule:UnityEditor.Search:ASIAI0B -> (ImportResultId: '87e909d0c4b1b2f8af8f8c7055ca7d51') in 0.0042712 seconds
[Worker0] Imported GUID: 6a3af79041a1431ab3a2a9395a7ed2ae - Path: Packages/com.unity.test-framework/UnityEngine.TestRunner/NUnitExtensions/OrderedTestSuiteModifier.cs - Importer: ScriptedImporter/UnityEditor.QuickSearchModule:UnityEditor.Search:ASIAI0B -> (ImportResultId: '48e9a65180116ca242add107655ece6b') in 0.00464 seconds
[Worker0] Imported GUID: d0abdd8cb6b29a24c8ee19626ef741b9 - Path: Packages/com.unity.test-framework/UnityEditor.TestRunner/UnityTestProtocol/UtpDebuglogger.cs - Importer: ScriptedImporter/UnityEditor.QuickSearchModule:UnityEditor.Search:ASIAI0B -> (ImportResultId: '551300adbb6fa656a20b145c32f9b28b') in 0.0034644 seconds
[Worker0] Imported GUID: 2fcdb9402e0a4427bd5bd01f71ecf6d5 - Path: Packages/com.unity.test-framework/UnityEngine.TestRunner/Assertions/OutOfOrderExpectedLogMessageException.cs - Importer: ScriptedImporter/UnityEditor.QuickSearchModule:UnityEditor.Search:ASIAI0B -> (ImportResultId: '00fa96d902c87c84896d86604d33ff02') in 0.0052002 seconds
[Worker0] Imported GUID: b9aec9d3b0a86466ab4647d01e8fc87d - Path: Packages/com.unity.test-framework/UnityEngine.TestRunner/TestRunner/SynchronousFilter.cs - Importer: ScriptedImporter/UnityEditor.QuickSearchModule:UnityEditor.Search:ASIAI0B -> (ImportResultId: '89821ddc755cf744f72b00c6aafcf5dd') in 0.0039111 seconds
[Worker0] Imported GUID: 1dd36da2e4e5540d5b2e44fc928a9d50 - Path: Packages/com.unity.test-framework/UnityEngine.TestRunner/Utils/IPostbuildCleanupWithTestData.cs - Importer: ScriptedImporter/UnityEditor.QuickSearchModule:UnityEditor.Search:ASIAI0B -> (ImportResultId: 'f4e2f17bc565cbe75ae198a6e5b3512b') in 0.004416 seconds
[Worker0] Imported GUID: 4c006cc4132f4e2d8b3e7208af3e208c - Path: Packages/com.unity.test-framework/UnityEngine.TestRunner/NUnitExtensions/ITestSuiteModifier.cs - Importer: ScriptedImporter/UnityEditor.QuickSearchModule:UnityEditor.Search:ASIAI0B -> (ImportResultId: '8ffd631287774f58336e8fed6367dae0') in 0.0048406 seconds
[Worker0] Imported GUID: d1b534518943030499685344fd1d476d - Path: Packages/com.unity.test-framework/UnityEngine.TestRunner/TestRunner/ITestRunnerListener.cs - Importer: ScriptedImporter/UnityEditor.QuickSearchModule:UnityEditor.Search:ASIAI0B -> (ImportResultId: '8fdc125cd45254e1c73f6ab91cc0f7f3') in 0.0029781 seconds
[Worker0] Imported GUID: 1c15a1275ff24d1092facf3f75065ab6 - Path: Packages/com.unity.test-framework/UnityEngine.TestRunner/UnityTestProtocol/MessageForRetryRepeat.cs - Importer: ScriptedImporter/UnityEditor.QuickSearchModule:UnityEditor.Search:ASIAI0B -> (ImportResultId: '5b5d166d9f8bfc994a870536a48dc77e') in 0.003126 seconds
[Worker0] Imported GUID: d09858396dd7adb4bbdb22ea0c8c3a37 - Path: Packages/com.unity.test-framework/UnityEngine.TestRunner/Assertions/AllocatingGCMemoryConstraint.cs - Importer: ScriptedImporter/UnityEditor.QuickSearchModule:UnityEditor.Search:ASIAI0B -> (ImportResultId: 'bfc2159e7f26c53aa70a9a8541c012f4') in 0.0031502 seconds
[Worker0] Imported GUID: acc16f0c684508f44813662a300c574b - Path: Packages/com.unity.test-framework/UnityEngine.TestRunner/Utils/IPrebuildSetup.cs - Importer: ScriptedImporter/UnityEditor.QuickSearchModule:UnityEditor.Search:ASIAI0B -> (ImportResultId: 'cf4cbfec2e3e69afd8bd80be4c005124') in 0.005258 seconds
[Worker0] Imported GUID: 78776d25d6504b16a629856dba391764 - Path: Packages/com.unity.test-framework/UnityEditor.TestRunner/UnityTestProtocol/DeterministicGuid.cs - Importer: ScriptedImporter/UnityEditor.QuickSearchModule:UnityEditor.Search:ASIAI0B -> (ImportResultId: '7ad1c6e093989b920feaac708b323b4c') in 0.0031849 seconds
[Worker0] Imported GUID: 8bc74398aa3944646ade4ee78cd57484 - Path: Packages/com.unity.test-framework/UnityEngine.TestRunner/NUnitExtensions/TestExtensions.cs - Importer: ScriptedImporter/UnityEditor.QuickSearchModule:UnityEditor.Search:ASIAI0B -> (ImportResultId: '0e70330ff16e3a97e86c5cf5e3c6af0b') in 0.0044605 seconds
[Worker0] Imported GUID: 26d207ea119f34117a1dc1a439e285e3 - Path: Packages/com.unity.test-framework/UnityEngine.TestRunner/Utils/PrebuildSetupWithTestDataAttribute.cs - Importer: ScriptedImporter/UnityEditor.QuickSearchModule:UnityEditor.Search:ASIAI0B -> (ImportResultId: '8bccd21f56faf12b64dd00e6bd5ca7b9') in 0.0074329 seconds
[Worker0] Imported GUID: ebcc5f899d9277642868aeda9a17cbaf - Path: Packages/com.unity.test-framework/UnityEditor.TestRunner/UnityTestProtocol/UtpMessageReporter.cs - Importer: ScriptedImporter/UnityEditor.QuickSearchModule:UnityEditor.Search:ASIAI0B -> (ImportResultId: 'f4206500d4c91e335a8823ae3875872a') in 0.0041135 seconds
[Worker0] Imported GUID: ae8ce3ffe04ac2c42945fd27e0291fc3 - Path: Packages/com.unity.test-framework/UnityEngine.TestRunner/Utils/AttributeHelper.cs - Importer: ScriptedImporter/UnityEditor.QuickSearchModule:UnityEditor.Search:ASIAI0B -> (ImportResultId: '57e2a9c515ac09ed1ba3c1573d0290b0') in 0.0049745 seconds
[Worker0] Imported GUID: 7dc341f3ffc346738912e0ae5aa6c7e4 - Path: Packages/com.unity.test-framework/UnityEditor.TestRunner/UnityTestProtocol/TesRunDataHolder.cs - Importer: ScriptedImporter/UnityEditor.QuickSearchModule:UnityEditor.Search:ASIAI0B -> (ImportResultId: 'e699e8325850f2f0771fd80abef1975b') in 0.0048274 seconds
[Worker0] Imported GUID: 900aac3710bc14542a8d164e3f0ff820 - Path: Packages/com.unity.test-framework/UnityEditor.TestRunner/UnityTestProtocol/UnityTestProtocolListener.cs - Importer: ScriptedImporter/UnityEditor.QuickSearchModule:UnityEditor.Search:ASIAI0B -> (ImportResultId: '94cc3704128277336a59252fd8db31e0') in 0.0046653 seconds
[Worker0] Imported GUID: 319fe8cda376431bb7987d94f916819b - Path: Packages/com.unity.test-framework/UnityEditor.TestRunner/UnityTestProtocol/UtpMessageBuilder.cs - Importer: ScriptedImporter/UnityEditor.QuickSearchModule:UnityEditor.Search:ASIAI0B -> (ImportResultId: '37bdf5f70cc9c1ad51a38d3100722600') in 0.0075498 seconds
[Worker0] Imported GUID: 6d5833966abeadb429de247e4316eef4 - Path: Packages/com.unity.test-framework/UnityEngine.TestRunner/Assertions/Is.cs - Importer: ScriptedImporter/UnityEditor.QuickSearchModule:UnityEditor.Search:ASIAI0B -> (ImportResultId: '1bf00145fd9cf1133d2143be98e4d35e') in 0.0044453 seconds
[Worker0] Imported GUID: 38d0b8a87b967304da08a2ae9b955066 - Path: Packages/com.unity.test-framework/UnityEngine.TestRunner/Utils/ITestRunCallback.cs - Importer: ScriptedImporter/UnityEditor.QuickSearchModule:UnityEditor.Search:ASIAI0B -> (ImportResultId: '4c0bb47aa1183542a979e53f3c568d57') in 0.0033988 seconds
[Worker0] Imported GUID: 98ba0396e4b4ee8498a8f097affcfddf - Path: Packages/com.unity.test-framework/UnityEngine.TestRunner/NUnitExtensions/UnityTestAssemblyBuilder.cs - Importer: ScriptedImporter/UnityEditor.QuickSearchModule:UnityEditor.Search:ASIAI0B -> (ImportResultId: '2feb3e0b291b56b155ea70c93f4e26da') in 0.0040587 seconds
[Worker0] Imported GUID: af5042802f06c804c8abddd544b77a4a - Path: Packages/com.unity.test-framework/UnityEngine.TestRunner/Utils/FloatEqualityComparer.cs - Importer: ScriptedImporter/UnityEditor.QuickSearchModule:UnityEditor.Search:ASIAI0B -> (ImportResultId: 'c5ed3ced956c45c1b0605164818d8d89') in 0.0050526 seconds
[Worker0] Imported GUID: 102e512f651ee834f951a2516c1ea3b8 - Path: Packages/com.unity.test-framework/UnityEngine.TestRunner/TestRunner/PlaymodeTestsController.cs - Importer: ScriptedImporter/UnityEditor.QuickSearchModule:UnityEditor.Search:ASIAI0B -> (ImportResultId: '40c119be2f97b8bfbd90aa48c7acf01d') in 0.0041412 seconds
[Worker0] Imported GUID: 58082d6ef6fd84b288e832c55741961e - Path: Packages/com.unity.test-framework/UnityEngine.TestRunner/Utils/IPrebuildSetupWithTestData.cs - Importer: ScriptedImporter/UnityEditor.QuickSearchModule:UnityEditor.Search:ASIAI0B -> (ImportResultId: '9db7deec4d1bdc6bbaceb3c5b3e5b154') in 0.003193 seconds
[Worker0] Imported GUID: 0fc9f45e5db884c07b28ac7207622a4b - Path: Packages/com.unity.test-framework/UnityEditor.TestRunner/UnityTestProtocol/TestRunData.cs - Importer: ScriptedImporter/UnityEditor.QuickSearchModule:UnityEditor.Search:ASIAI0B -> (ImportResultId: '387bf7b51ccfa76f618c71e892d7e40d') in 0.0036768 seconds
[Worker0] Imported GUID: 2011a59d3f76b3d4a85cb53f945fceee - Path: Packages/com.unity.test-framework/UnityEditor.TestRunner/UnityTestProtocol/TestRunnerApiMapper.cs - Importer: ScriptedImporter/UnityEditor.QuickSearchModule:UnityEditor.Search:ASIAI0B -> (ImportResultId: 'd9b5390a01a8db81532984db8ad2f2b2') in 0.0032018 seconds
[Worker0] Imported GUID: fc748d99f1f0d484a811a566fc7915ec - Path: Packages/com.unity.test-framework/UnityEngine.TestRunner/Utils/StacktraceFilter.cs - Importer: ScriptedImporter/UnityEditor.QuickSearchModule:UnityEditor.Search:ASIAI0B -> (ImportResultId: 'dae758720859d76fb8d15b84ea497488') in 0.0043634 seconds
[Worker0] Imported GUID: 77f432980bb30084299a138e15c6f571 - Path: Packages/com.unity.test-framework/UnityEditor.TestRunner/UnityTestProtocol/TestState.cs - Importer: ScriptedImporter/UnityEditor.QuickSearchModule:UnityEditor.Search:ASIAI0B -> (ImportResultId: '50bcc45d826e84f3790104f57cc62fa5') in 0.0037087 seconds
[Worker0] Imported GUID: c97b794b51780d349a16826a4c7898d7 - Path: Packages/com.unity.test-framework/UnityEngine.TestRunner/Assertions/LogAssert.cs - Importer: ScriptedImporter/UnityEditor.QuickSearchModule:UnityEditor.Search:ASIAI0B -> (ImportResultId: '35fdd1c61245eddcf4b8fa4ebd1a2026') in 0.0067128 seconds
[Worker0] Imported GUID: 1ac58cb55fc8daf4abd3945a2bbbb0c5 - Path: Packages/com.unity.test-framework/UnityEditor.TestRunner/UnityTestProtocol/UnityTestProtocolStarter.cs - Importer: ScriptedImporter/UnityEditor.QuickSearchModule:UnityEditor.Search:ASIAI0B -> (ImportResultId: '8909702f8b5d2603399c9a1fea31311d') in 0.0031339 seconds
[Worker0] Imported GUID: e64067e4f2ec4e818dba53b3d31847b8 - Path: Packages/com.unity.test-framework/UnityEngine.TestRunner/UnityTestProtocol/DeterministicGuid.cs - Importer: ScriptedImporter/UnityEditor.QuickSearchModule:UnityEditor.Search:ASIAI0B -> (ImportResultId: 'cb2d31213f88aabd5834b45afe10829e') in 0.0037051 seconds
[Worker0] Imported GUID: e440d63dae5d049ca83c823c9f246b17 - Path: Packages/com.unity.test-framework/UnityEngine.TestRunner/Utils/PostBuildCleanupWithTestDataAttribute.cs - Importer: ScriptedImporter/UnityEditor.QuickSearchModule:UnityEditor.Search:ASIAI0B -> (ImportResultId: '2edfb604dc2ca6b1d1593259b54dd626') in 0.0049249 seconds
[Worker0] Imported GUID: a8ed4063f2beecd41a234a582202f3c4 - Path: Packages/com.unity.test-framework/UnityEngine.TestRunner/Assertions/UnhandledLogMessageException.cs - Importer: ScriptedImporter/UnityEditor.QuickSearchModule:UnityEditor.Search:ASIAI0B -> (ImportResultId: '976a2ce3bd86a3c2fa48c8b121b9292b') in 0.0030349 seconds
[Worker0] Imported GUID: db9a20ff62f649c7b64172ebec68370c - Path: Packages/com.unity.test-framework/UnityEngine.TestRunner/UnityTestProtocol/TestStartedMessage.cs - Importer: ScriptedImporter/UnityEditor.QuickSearchModule:UnityEditor.Search:ASIAI0B -> (ImportResultId: 'fbe917c963bc8a9c068230c3f63ab3b3') in 0.0041079 seconds
[Worker0] Imported GUID: 4f939b9e23a0946439b812551e07ac81 - Path: Packages/com.unity.test-framework/UnityEngine.TestRunner/NUnitExtensions/ActionDelegator.cs - Importer: ScriptedImporter/UnityEditor.QuickSearchModule:UnityEditor.Search:ASIAI0B -> (ImportResultId: '22fcdad559f587db519a1c44fdbdc6da') in 0.0035598 seconds
[Worker0] Imported GUID: ff67c526455160f4690a44f74dee4cbe - Path: Packages/com.unity.test-framework/UnityEngine.TestRunner/Utils/IPostBuildCleanup.cs - Importer: ScriptedImporter/UnityEditor.QuickSearchModule:UnityEditor.Search:ASIAI0B -> (ImportResultId: '49686d2da29d58b47ded45d915836bed') in 0.0040533 seconds
[Worker0] Imported GUID: d6105bc8cf5ce544487daca4cbc62583 - Path: Packages/com.unity.test-framework/UnityEngine.TestRunner/Utils/ColorEqualityComparer.cs - Importer: ScriptedImporter/UnityEditor.QuickSearchModule:UnityEditor.Search:ASIAI0B -> (ImportResultId: 'ce73bfb533a66daae8c9badc073e5a6d') in 0.003597 seconds
[Worker0] Imported GUID: 37cea569bfefafe49a1513c4d7f0e9eb - Path: Packages/com.unity.test-framework/UnityEngine.TestRunner/NUnitExtensions/BaseDelegator.cs - Importer: ScriptedImporter/UnityEditor.QuickSearchModule:UnityEditor.Search:ASIAI0B -> (ImportResultId: '96d64995190de59610f662e9612ed515') in 0.0032388 seconds
[Worker0] Imported GUID: 9650d910fcaefb34cb45f121c1993892 - Path: Packages/com.unity.test-framework/UnityEngine.TestRunner/Assertions/InvalidSignatureException.cs - Importer: ScriptedImporter/UnityEditor.QuickSearchModule:UnityEditor.Search:ASIAI0B -> (ImportResultId: '04e7c2be3e541a5c8857044eaf022700') in 0.0084912 seconds
[Worker0] Imported GUID: 5aec7938f118041779fb739b38477100 - Path: Packages/com.unity.test-framework/UnityEngine.TestRunner/TestRunner/TestTaskWrapper.cs - Importer: ScriptedImporter/UnityEditor.QuickSearchModule:UnityEditor.Search:ASIAI0B -> (ImportResultId: 'e9c6c69a2934db4ed0fc721b13d9cdd6') in 0.0033046 seconds
[Worker0] Imported GUID: 2799eb4c84e72e54092a292cf626936b - Path: Packages/com.unity.test-framework/UnityEngine.TestRunner/TestRunner/PlaymodeTestsControllerSettings.cs - Importer: ScriptedImporter/UnityEditor.QuickSearchModule:UnityEditor.Search:ASIAI0B -> (ImportResultId: '9a20e97de04186155cf161f1b0c7c312') in 0.0029292 seconds
[Worker0] Imported GUID: 9ad0b0c865b01af4ca1b414689e71259 - Path: Packages/com.unity.test-framework/UnityEngine.TestRunner/TestRunner/TestEnumeratorWrapper.cs - Importer: ScriptedImporter/UnityEditor.QuickSearchModule:UnityEditor.Search:ASIAI0B -> (ImportResultId: 'b1995f5d76febad067e5459450e5306d') in 0.0047715 seconds
[Worker0] Imported GUID: 24a158219395ebf44a60547b97784ddc - Path: Packages/com.unity.test-framework/UnityEngine.TestRunner/Utils/CoroutineRunner.cs - Importer: ScriptedImporter/UnityEditor.QuickSearchModule:UnityEditor.Search:ASIAI0B -> (ImportResultId: '63ac130717b734e8e144be641854d807') in 0.0038243 seconds
[Worker0] Imported GUID: 5f875a14565308a40a5262d2504da705 - Path: Packages/com.unity.test-framework/UnityEngine.TestRunner/NUnitExtensions/IStateSerializer.cs - Importer: ScriptedImporter/UnityEditor.QuickSearchModule:UnityEditor.Search:ASIAI0B -> (ImportResultId: '6311bd922e485fb4e332e2f3a0800998') in 0.0035435 seconds
[Worker0] Imported GUID: 5b2eeca598284bd4abb4a15c30df1576 - Path: Packages/com.unity.test-framework/UnityEngine.TestRunner/Assertions/UnexpectedLogMessageException.cs - Importer: ScriptedImporter/UnityEditor.QuickSearchModule:UnityEditor.Search:ASIAI0B -> (ImportResultId: '9e9873c3219dcde01ef8dc9554172463') in 0.0031422 seconds
[Worker0] Imported GUID: 75e7d7a9a57458841a85fe42d9c9141f - Path: Packages/com.unity.test-framework/UnityEditor.TestRunner/TestSettings/TestSettingsDeserializer.cs - Importer: ScriptedImporter/UnityEditor.QuickSearchModule:UnityEditor.Search:ASIAI0B -> (ImportResultId: '56ff02a015245cc2d96404095a4382d7') in 0.0037727 seconds
[Worker0] Imported GUID: 65fb6da362a78334ab360a125cfafdaf - Path: Packages/com.unity.test-framework/UnityEngine.TestRunner/NUnitExtensions/TestResultExtensions.cs - Importer: ScriptedImporter/UnityEditor.QuickSearchModule:UnityEditor.Search:ASIAI0B -> (ImportResultId: '7ac843227906d5a209c4b953169c3832') in 0.0029804 seconds
[Worker0] Imported GUID: c3aa5c3d59b94854e843f10b75b3ad63 - Path: Packages/com.unity.test-framework/UnityEngine.TestRunner/NUnitExtensions/IAsyncTestAssemblyBuilder.cs - Importer: ScriptedImporter/UnityEditor.QuickSearchModule:UnityEditor.Search:ASIAI0B -> (ImportResultId: 'b28e59a5d4f62b5535f90cfe9f29e3d6') in 0.0044526 seconds
[Worker0] Imported GUID: ffb335140c799c4408411d81789fb05c - Path: Packages/com.unity.test-framework/UnityEngine.TestRunner/Assertions/UnityTestTimeoutException.cs - Importer: ScriptedImporter/UnityEditor.QuickSearchModule:UnityEditor.Search:ASIAI0B -> (ImportResultId: '2bfb1d5d23b8829afdce4094a09ea170') in 0.0044814 seconds
[Worker0] Imported GUID: d1b7ce919aa8864409412e809073cf96 - Path: Packages/com.unity.test-framework/UnityEngine.TestRunner/Utils/PrebuildSetupAttribute.cs - Importer: ScriptedImporter/UnityEditor.QuickSearchModule:UnityEditor.Search:ASIAI0B -> (ImportResultId: 'fa93f395c3c86abc5444fe9d6f5901c1') in 0.0041219 seconds
[Worker0] Imported GUID: 73deb9b8722aa284eab27c4dc90956c6 - Path: Packages/com.unity.test-framework/UnityEngine.TestRunner/TestRunner/TestListenerWrapper.cs - Importer: ScriptedImporter/UnityEditor.QuickSearchModule:UnityEditor.Search:ASIAI0B -> (ImportResultId: '751cc44abd36e21934f9766a25185a29') in 0.0040661 seconds
[Worker0] Imported GUID: b42e1db66fe9c634798674cb9e1df2ca - Path: Packages/com.unity.test-framework/UnityEngine.TestRunner/NUnitExtensions/ConstructDelegator.cs - Importer: ScriptedImporter/UnityEditor.QuickSearchModule:UnityEditor.Search:ASIAI0B -> (ImportResultId: 'bfebfcbcf1f0786d13e1b6ac7cd037ac') in 0.0048535 seconds
[Worker0] Imported GUID: a025ba7ee40d0104db8d08b1d9eabb0d - Path: Packages/com.unity.test-framework/UnityEngine.TestRunner/TestRunner/RuntimeTestRunnerFilter.cs - Importer: ScriptedImporter/UnityEditor.QuickSearchModule:UnityEditor.Search:ASIAI0B -> (ImportResultId: '35718ae77736f70334e9897ea9692039') in 0.003307 seconds
[Worker0] Imported GUID: b9c2a6302985d3846b7b9f6fd9e2da9a - Path: Packages/com.unity.test-framework/UnityEngine.TestRunner/Utils/IOuterUnityTestAction.cs - Importer: ScriptedImporter/UnityEditor.QuickSearchModule:UnityEditor.Search:ASIAI0B -> (ImportResultId: '7bd314e6dc9bd9af0e3edcb230202ce1') in 0.0052232 seconds
[Worker0] Imported GUID: 2cc8cb8ea0b84a54b6caf6601d63ece6 - Path: Packages/com.unity.test-framework/UnityEngine.TestRunner/UnityTestProtocol/TestFinishMessage.cs - Importer: ScriptedImporter/UnityEditor.QuickSearchModule:UnityEditor.Search:ASIAI0B -> (ImportResultId: '799fc0ba39d0ca98c1467e30b955ae61') in 0.0035012 seconds
[Worker0] Imported GUID: c3a9378562b345c4ac08e605d35c0d93 - Path: Packages/com.unity.test-framework/UnityEngine.TestRunner/UnityTestProtocol/TestState.cs - Importer: ScriptedImporter/UnityEditor.QuickSearchModule:UnityEditor.Search:ASIAI0B -> (ImportResultId: '6c5a7fca6f4f157a78d5835d1f52a2f0') in 0.0050913 seconds
[Worker0] Imported GUID: 6de79ae237e51554da96fd28f68b66a6 - Path: Packages/com.unity.test-framework/UnityEditor.TestRunner/UnityTestProtocol/ITestRunnerApiMapper.cs - Importer: ScriptedImporter/UnityEditor.QuickSearchModule:UnityEditor.Search:ASIAI0B -> (ImportResultId: '72a09acbc3412d86b6c4815522d22e66') in 0.0039128 seconds
[Worker0] Imported GUID: 952b3dc7b47846947b37c8d3ae46579a - Path: Packages/com.unity.test-framework/UnityEditor.TestRunner/UnityTestProtocol/IUtpMessageReporter.cs - Importer: ScriptedImporter/UnityEditor.QuickSearchModule:UnityEditor.Search:ASIAI0B -> (ImportResultId: 'c480571435da84014d7a947abe567d75') in 0.0040362 seconds
[Worker0] Imported GUID: 3b28913f21577de429da928d6d05219f - Path: Packages/com.unity.test-framework/UnityEngine.TestRunner/Utils/QuaternionEqualityComparer.cs - Importer: ScriptedImporter/UnityEditor.QuickSearchModule:UnityEditor.Search:ASIAI0B -> (ImportResultId: 'ebd98561c06818b1c2f676013de02a1b') in 0.006171 seconds
[Worker0] Imported GUID: 743879b4db4bc1a4b829aae4386f4acf - Path: Packages/com.unity.test-framework/UnityEngine.TestRunner/TestRunner/TestPlatform.cs - Importer: ScriptedImporter/UnityEditor.QuickSearchModule:UnityEditor.Search:ASIAI0B -> (ImportResultId: 'e542fa27b32abd0e228d280ce7fc3cd3') in 0.003128 seconds
[Worker0] Imported GUID: 6b32b6725087a0d4bb1670818d26996e - Path: Packages/com.unity.test-framework/UnityEditor.TestRunner/TestSettings/TestSettings.cs - Importer: ScriptedImporter/UnityEditor.QuickSearchModule:UnityEditor.Search:ASIAI0B -> (ImportResultId: '29faf1eef2f2d18f0e51dc9f45b6f1bf') in 0.0037899 seconds
[Worker0] Imported GUID: 9014630255533ed42915965b4065cde8 - Path: Packages/com.unity.test-framework/UnityEditor.TestRunner/UnityTestProtocol/IUtpLogger.cs - Importer: ScriptedImporter/UnityEditor.QuickSearchModule:UnityEditor.Search:ASIAI0B -> (ImportResultId: 'e761d0c89cd8b50310a3f08204711d58') in 0.004288 seconds
[Worker0] Imported GUID: 58ad09607a0d62d458a78d7174665566 - Path: Packages/com.unity.test-framework/UnityEngine.TestRunner/Utils/Vector2EqualityComparer.cs - Importer: ScriptedImporter/UnityEditor.QuickSearchModule:UnityEditor.Search:ASIAI0B -> (ImportResultId: 'f965527722b6c754221605ddfc4ea58b') in 0.0056686 seconds
[Worker0] Imported GUID: 65701ebe8bada6b4785e9c7afe7f5bee - Path: Packages/com.unity.test-framework/UnityEngine.TestRunner/Utils/Vector2ComparerWithEqualsOperator.cs - Importer: ScriptedImporter/UnityEditor.QuickSearchModule:UnityEditor.Search:ASIAI0B -> (ImportResultId: '4a6b004c7d505e01498ce6844aac28ef') in 0.0045501 seconds
[Worker0] Imported GUID: 76b3a3296de548f48b0c3d088fb4b490 - Path: Packages/com.unity.test-framework/UnityEngine.TestRunner/Utils/TestRunCallbackAttribute.cs - Importer: ScriptedImporter/UnityEditor.QuickSearchModule:UnityEditor.Search:ASIAI0B -> (ImportResultId: '7a3912663b0b7dfbb377668df1b062cb') in 0.0039159 seconds
[Worker0] Imported GUID: 68f09f0f82599b5448579854e622a4c1 - Path: Packages/com.unity.test-framework/UnityEngine.TestRunner/Utils/TestRunCallbackListener.cs - Importer: ScriptedImporter/UnityEditor.QuickSearchModule:UnityEditor.Search:ASIAI0B -> (ImportResultId: '4f36ef568c850dd633ee05d5e7e570b1') in 0.0050951 seconds
[Worker0] Imported GUID: 32da81683c22faf458026716a2b821aa - Path: Packages/com.unity.test-framework/UnityEngine.TestRunner/Utils/Vector4EqualityComparer.cs - Importer: ScriptedImporter/UnityEditor.QuickSearchModule:UnityEditor.Search:ASIAI0B -> (ImportResultId: 'f57d169277b20ef2be7b5abbc7d89e29') in 0.0051665 seconds
[Worker0] Imported GUID: d1bd8de22dbd64d6ea3e35a46217cb9b - Path: Packages/com.unity.test-framework/UnityEngine.TestRunner/Utils/TestMode.cs - Importer: ScriptedImporter/UnityEditor.QuickSearchModule:UnityEditor.Search:ASIAI0B -> (ImportResultId: '63ec7e9862dbc6ae672fbebe0d2f5f46') in 0.0040955 seconds
[Worker0] Imported GUID: 44100f5f60f351348b9719b46d46cebe - Path: Packages/com.unity.test-framework/UnityEngine.TestRunner/Utils/Vector4ComparerWithEqualsOperator.cs - Importer: ScriptedImporter/UnityEditor.QuickSearchModule:UnityEditor.Search:ASIAI0B -> (ImportResultId: 'dd776a33cb04d796a1121b2e52828479') in 0.0054487 seconds
[Worker0] Imported GUID: 9502550ba4785e3499d6c9251fa2114b - Path: Packages/com.unity.test-framework/UnityEngine.TestRunner/Utils/Utils.cs - Importer: ScriptedImporter/UnityEditor.QuickSearchModule:UnityEditor.Search:ASIAI0B -> (ImportResultId: 'efe96f0fec2f25d1cec3dbcd3a9f3152') in 0.0047915 seconds
[Worker0] Imported GUID: 4bd2bc28ff24d5c488844851cb785db0 - Path: Packages/com.unity.test-framework/UnityEngine.TestRunner/Utils/Vector3EqualityComparer.cs - Importer: ScriptedImporter/UnityEditor.QuickSearchModule:UnityEditor.Search:ASIAI0B -> (ImportResultId: 'd9eeeec39ba61cbce170d7f8e8752596') in 0.0041158 seconds
[Worker0] Imported GUID: 5b994928117e3db418da69c821da7e19 - Path: Packages/com.unity.test-framework/UnityEngine.TestRunner/Utils/Vector3ComparerWithEqualsOperator.cs - Importer: ScriptedImporter/UnityEditor.QuickSearchModule:UnityEditor.Search:ASIAI0B -> (ImportResultId: '066c05e8f416a42b6d2c45ad98a23f12') in 0.0052607 seconds
[Worker0] Imported GUID: 72ae18093c05147e4a680b41d4cd9e6f - Path: Packages/com.unity.test-framework/UnityEngine.TestRunner/Utils/TestData.cs - Importer: ScriptedImporter/UnityEditor.QuickSearchModule:UnityEditor.Search:ASIAI0B -> (ImportResultId: '515bfb119c4d2dcce850c3f539fce398') in 0.0046336 seconds
[Worker0] Imported GUID: c2247a4dfeae4607949780b219a7d3c8 - Path: Packages/com.unity.test-framework/UnityEditor.TestRunner/GUI/Controls/ISelectionDropDownContentProvider.cs - Importer: ScriptedImporter/UnityEditor.QuickSearchModule:UnityEditor.Search:ASIAI0B -> (ImportResultId: '8859ab15125cf9a97a9340be77b14a20') in 0.0040542 seconds
[Worker0] Imported GUID: d31403ec6b334194bdeb4c5ebad64097 - Path: Packages/com.unity.test-framework/UnityEditor.TestRunner/GUI/Controls/FlagEnumContentProvider.cs - Importer: ScriptedImporter/UnityEditor.QuickSearchModule:UnityEditor.Search:ASIAI0B -> (ImportResultId: 'fbe311754fa27a721861b48177f22659') in 0.0056385 seconds
[Worker0] Imported GUID: f7d5e5417ccd4aa0bfa39228c674f142 - Path: Packages/com.unity.test-framework/UnityEditor.TestRunner/GUI/Controls/SelectableItemContent.cs - Importer: ScriptedImporter/UnityEditor.QuickSearchModule:UnityEditor.Search:ASIAI0B -> (ImportResultId: '9abd4054e0dc6c482538503f65125b27') in 0.0045579 seconds
[Worker0] Imported GUID: fb736ed47b6da4b499431bf9c6de5890 - Path: Packages/com.unity.test-framework/UnityEditor.TestRunner/GUI/Controls/MultiValueContentProvider.cs - Importer: ScriptedImporter/UnityEditor.QuickSearchModule:UnityEditor.Search:ASIAI0B -> (ImportResultId: '2105098b47793f3f872330fec60ffd92') in 0.0036481 seconds
[Worker0] Imported GUID: f8f9b43d4e034c2d997f4eb6a0d85a96 - Path: Packages/com.unity.test-framework/UnityEditor.TestRunner/GUI/Controls/SelectionDropDown.cs - Importer: ScriptedImporter/UnityEditor.QuickSearchModule:UnityEditor.Search:ASIAI0B -> (ImportResultId: 'd46cad5f420da80ae63f77ab143065bf') in 0.0041804 seconds
[Worker0] Imported GUID: 24a5f331fec74c9aa9e1e5d74b5a9589 - Path: Packages/com.unity.test-framework/UnityEditor.TestRunner/GUI/Controls/BitUtility.cs - Importer: ScriptedImporter/UnityEditor.QuickSearchModule:UnityEditor.Search:ASIAI0B -> (ImportResultId: '749135cf4d524e70c6b9b4c71f9197f7') in 0.0054738 seconds
[Worker0] Imported GUID: f03c073fcc564ab582ac38999beb4b6d - Path: Packages/com.unity.test-framework/UnityEditor.TestRunner/GUI/TestAssets/CustomScriptAssemblyMappingFinder.cs - Importer: ScriptedImporter/UnityEditor.QuickSearchModule:UnityEditor.Search:ASIAI0B -> (ImportResultId: '1f7fd56a8cbe4f04489569ae96813d82') in 0.0037473 seconds
[Worker0] Imported GUID: dc781c79a6ac490f817bb70a01490d5c - Path: Packages/com.unity.test-framework/UnityEditor.TestRunner/Api/Analytics/RunFinishedData.cs - Importer: ScriptedImporter/UnityEditor.QuickSearchModule:UnityEditor.Search:ASIAI0B -> (ImportResultId: '1e2cc649c786ee0da2b002c60d56987b') in 0.0059476 seconds
[Worker0] Imported GUID: f5e82966bb8646269e2e46b6ddf2d89f - Path: Packages/com.unity.test-framework/UnityEditor.TestRunner/Api/Analytics/AnalyticsTestCallback.cs - Importer: ScriptedImporter/UnityEditor.QuickSearchModule:UnityEditor.Search:ASIAI0B -> (ImportResultId: 'ea70a7b4cd45e3876bc4bcf9544b5680') in 0.0049186 seconds
[Worker0] Imported GUID: f47c66e80010e4020b6803b930eb432c - Path: Packages/com.unity.test-framework/UnityEditor.TestRunner/GUI/TestAssets/ActiveFolderTemplateAssetCreator.cs - Importer: ScriptedImporter/UnityEditor.QuickSearchModule:UnityEditor.Search:ASIAI0B -> (ImportResultId: 'a61db9414fb95af43dbc13c2a225378a') in 0.0036805 seconds
[Worker0] Imported GUID: 3d92c578e28043ef95d4b703e008be64 - Path: Packages/com.unity.test-framework/UnityEditor.TestRunner/GUI/TestAssets/FolderPathTestCompilationContextProvider.cs - Importer: ScriptedImporter/UnityEditor.QuickSearchModule:UnityEditor.Search:ASIAI0B -> (ImportResultId: 'c42f6f4c32d04790476654ede5c4a4cd') in 0.0048858 seconds
[Worker0] Imported GUID: ea6cc55375344f10834cf6fa65197525 - Path: Packages/com.unity.test-framework/UnityEditor.TestRunner/GUI/Controls/FlagEnumUtility.cs - Importer: ScriptedImporter/UnityEditor.QuickSearchModule:UnityEditor.Search:ASIAI0B -> (ImportResultId: 'fc9a55fdb327dfad41d64deb59cd2cb7') in 0.0049031 seconds
[Worker0] Imported GUID: 7b076e8f3150431baf926fe9ee030b1e - Path: Packages/com.unity.test-framework/UnityEditor.TestRunner/GUI/Controls/ISelectableItem.cs - Importer: ScriptedImporter/UnityEditor.QuickSearchModule:UnityEditor.Search:ASIAI0B -> (ImportResultId: 'c0e5bf8d0da35243928fa7d6ec53d184') in 0.0034241 seconds
[Worker0] Imported GUID: 697ab794770540d6951f83d62b8fa444 - Path: Packages/com.unity.test-framework/UnityEditor.TestRunner/Api/Analytics/TestTreeData.cs - Importer: ScriptedImporter/UnityEditor.QuickSearchModule:UnityEditor.Search:ASIAI0B -> (ImportResultId: 'e89ff5907869be8d8fb45c3a9d0c1c8d') in 0.0040342 seconds
[Worker0] Imported GUID: 7348ecf02a70497d9a09bd05ad2038ac - Path: Packages/com.unity.test-framework/UnityEditor.TestRunner/GUI/Controls/GenericItemContentProvider.cs - Importer: ScriptedImporter/UnityEditor.QuickSearchModule:UnityEditor.Search:ASIAI0B -> (ImportResultId: '011c8d47d9a62ba9fa795cf8d6228dfd') in 0.0047135 seconds
[Worker0] Imported GUID: a85430cc5a4a4279a992be322de12b29 - Path: Packages/com.unity.test-framework/UnityEditor.TestRunner/Api/Analytics/AnalyticsReporter.cs - Importer: ScriptedImporter/UnityEditor.QuickSearchModule:UnityEditor.Search:ASIAI0B -> (ImportResultId: '1c59d92a709485d9767810d6e92ec36c') in 0.0040472 seconds
[Worker0] Imported GUID: c38ae0585d6a55042a2d678330689685 - Path: Packages/com.unity.test-framework/UnityEditor.TestRunner/TestLaunchers/PlatformSetup/LuminPlatformSetup.cs - Importer: ScriptedImporter/UnityEditor.QuickSearchModule:UnityEditor.Search:ASIAI0B -> (ImportResultId: '212b25c95cca7202f75ade359e321bf7') in 0.0058077 seconds
[Worker0] Imported GUID: 6d2f47eae5f447748892c46848956d5f - Path: Packages/com.unity.test-framework/UnityEditor.TestRunner/NUnitExtension/Attributes/ITestPlayerBuildModifier.cs - Importer: ScriptedImporter/UnityEditor.QuickSearchModule:UnityEditor.Search:ASIAI0B -> (ImportResultId: '11840a60d19bda10b820d70d0b43eed4') in 0.0042473 seconds
[Worker0] Imported GUID: 3b6931522502d68458016e3cadb89f1b - Path: Packages/com.unity.test-framework/UnityEditor.TestRunner/TestRun/Tasks/PostbuildCleanupTask.cs - Importer: ScriptedImporter/UnityEditor.QuickSearchModule:UnityEditor.Search:ASIAI0B -> (ImportResultId: 'f10e36be5770223e1a6dc4908fdb428e') in 0.0048436 seconds
[Worker0] Imported GUID: b9d121df8c444236a5b38ccfadfdd1a7 - Path: Packages/com.unity.test-framework/UnityEditor.TestRunner/TestLaunchers/Helpers/DelayedCallback.cs - Importer: ScriptedImporter/UnityEditor.QuickSearchModule:UnityEditor.Search:ASIAI0B -> (ImportResultId: 'dc17efdf2f17486b8aa88be51c733214') in 0.003857 seconds
[Worker0] Imported GUID: ee6c7dc47e844c3d823b833abbd5f981 - Path: Packages/com.unity.test-framework/UnityEditor.TestRunner/TestRun/Tasks/GenerateContextTask.cs - Importer: ScriptedImporter/UnityEditor.QuickSearchModule:UnityEditor.Search:ASIAI0B -> (ImportResultId: 'dcbe5c4b8b299fe2cd9d1a7705ec8dd8') in 0.0042346 seconds
[Worker0] Imported GUID: 961642509dec50b44a293d26240140ec - Path: Packages/com.unity.test-framework/UnityEditor.TestRunner/TestLaunchers/PlatformSetup/AndroidPlatformSetup.cs - Importer: ScriptedImporter/UnityEditor.QuickSearchModule:UnityEditor.Search:ASIAI0B -> (ImportResultId: 'f1405466ec2a58fedcf932cc57085aeb') in 0.0034874 seconds
[Worker0] Imported GUID: b8abb41ceb6f62c45a00197ae59224c1 - Path: Packages/com.unity.test-framework/UnityEditor.TestRunner/GUI/Views/TestListGUIBase.cs - Importer: ScriptedImporter/UnityEditor.QuickSearchModule:UnityEditor.Search:ASIAI0B -> (ImportResultId: '3609ffba3fb1fd78c1d0fc391d29e0d8') in 0.0041148 seconds
[Worker0] Imported GUID: 0cd0deb81d984e58952ccd7e1dd6b2bb - Path: Packages/com.unity.test-framework/UnityEditor.TestRunner/GUI/TestAssets/ICustomScriptAssemblyMappingFinder.cs - Importer: ScriptedImporter/UnityEditor.QuickSearchModule:UnityEditor.Search:ASIAI0B -> (ImportResultId: 'f806148efc1d38f1bbd939db33eb5516') in 0.003826 seconds
[Worker0] Imported GUID: 2c2dfcbbb77359547bcaa7cdabd47ebb - Path: Packages/com.unity.test-framework/UnityEditor.TestRunner/TestLaunchers/Helpers/PostbuildCleanupAttributeFinder.cs - Importer: ScriptedImporter/UnityEditor.QuickSearchModule:UnityEditor.Search:ASIAI0B -> (ImportResultId: '4a89c2f44178035c6b36493a51cdf190') in 0.0034041 seconds
[Worker0] Imported GUID: 84300802bfca1472f86e2179fa2a8ed7 - Path: Packages/com.unity.test-framework/UnityEditor.TestRunner/TestLaunchers/Helpers/TestFiltering.cs - Importer: ScriptedImporter/UnityEditor.QuickSearchModule:UnityEditor.Search:ASIAI0B -> (ImportResultId: 'd6bb73370073c65c2f4d13f0bc6a13f7') in 0.0038369 seconds
[Worker0] Imported GUID: dd57b1176859fc84e93586103d3b5f73 - Path: Packages/com.unity.test-framework/UnityEditor.TestRunner/NUnitExtension/Attributes/TestPlayerBuildModifierAttribute.cs - Importer: ScriptedImporter/UnityEditor.QuickSearchModule:UnityEditor.Search:ASIAI0B -> (ImportResultId: 'e24e5662e7f76c1fa11cdfdfae7e1933') in 0.0040872 seconds
[Worker0] Imported GUID: 4b45f42910304b00a63958173ee2c76f - Path: Packages/com.unity.test-framework/UnityEditor.TestRunner/TestRun/Tasks/EnterPlayModeTask.cs - Importer: ScriptedImporter/UnityEditor.QuickSearchModule:UnityEditor.Search:ASIAI0B -> (ImportResultId: 'b34e898fbe3241453a7f13eb0f7f76cb') in 0.0041484 seconds
[Worker0] Imported GUID: 5640d0c51961421997c9f36f0ec45480 - Path: Packages/com.unity.test-framework/UnityEditor.TestRunner/TestRun/Tasks/BuildNUnitFilterTask.cs - Importer: ScriptedImporter/UnityEditor.QuickSearchModule:UnityEditor.Search:ASIAI0B -> (ImportResultId: 'd9b11768b8e409f4bd192ea14d95bb17') in 0.0068718 seconds
[Worker0] Imported GUID: ad7bb166069f8414e9ad26606b305e66 - Path: Packages/com.unity.test-framework/UnityEditor.TestRunner/TestRun/Tasks/FileCleanupVerifierTaskBase.cs - Importer: ScriptedImporter/UnityEditor.QuickSearchModule:UnityEditor.Search:ASIAI0B -> (ImportResultId: 'cc7c9b99eb1f5c95f61208473f0fe863') in 0.0039915 seconds
[Worker0] Imported GUID: 1bace19a170f47bb8d19645cfc580796 - Path: Packages/com.unity.test-framework/UnityEditor.TestRunner/GUI/TestAssets/TestScriptAssetsCreator.cs - Importer: ScriptedImporter/UnityEditor.QuickSearchModule:UnityEditor.Search:ASIAI0B -> (ImportResultId: 'ed7c64d73c3eb33df46569f967e6ebdb') in 0.0038424 seconds
[Worker0] Imported GUID: 32829ea9e75c475295f73ff867e2f9d0 - Path: Packages/com.unity.test-framework/UnityEditor.TestRunner/GUI/TestAssets/ICustomScriptAssembly.cs - Importer: ScriptedImporter/UnityEditor.QuickSearchModule:UnityEditor.Search:ASIAI0B -> (ImportResultId: '699e9f8e69e7ca121e870c5ed2daafb9') in 0.0047737 seconds
[Worker0] Imported GUID: bd3135cd5079e43b383e0e53242ef502 - Path: Packages/com.unity.test-framework/UnityEditor.TestRunner/TestLaunchers/Helpers/PrebuildSetupWithJobDataAttributeFinder.cs - Importer: ScriptedImporter/UnityEditor.QuickSearchModule:UnityEditor.Search:ASIAI0B -> (ImportResultId: 'c7c8c56dbece7f22255fcfd6b3f2c74c') in 0.0042534 seconds
[Worker0] Imported GUID: 1c97cd557b334b27bc325649466d1872 - Path: Packages/com.unity.test-framework/UnityEditor.TestRunner/TestRun/Tasks/CleanUpContext.cs - Importer: ScriptedImporter/UnityEditor.QuickSearchModule:UnityEditor.Search:ASIAI0B -> (ImportResultId: '3a7b42d5d1c72dda3939ea65e7dd89a5') in 0.0039652 seconds
[Worker0] Imported GUID: 06e624de88cb4a808350b63994eb39ed - Path: Packages/com.unity.test-framework/UnityEditor.TestRunner/TestRun/Data/TaskMode.cs - Importer: ScriptedImporter/UnityEditor.QuickSearchModule:UnityEditor.Search:ASIAI0B -> (ImportResultId: 'b8a93a10ef7a782e4e4c8e2cba6f647c') in 0.0031206 seconds
[Worker0] Imported GUID: 52c907c81459f324497af504b84fd557 - Path: Packages/com.unity.test-framework/UnityEditor.TestRunner/GUI/TestListTreeView/TestListTreeViewGUI.cs - Importer: ScriptedImporter/UnityEditor.QuickSearchModule:UnityEditor.Search:ASIAI0B -> (ImportResultId: '94041974eba804713954150b1b39add6') in 0.0049889 seconds
[Worker0] Imported GUID: a155fee568ce42a4b561ee3a27d88532 - Path: Packages/com.unity.test-framework/UnityEditor.TestRunner/TestRun/Tasks/CleanupConstructDelegatorTask.cs - Importer: ScriptedImporter/UnityEditor.QuickSearchModule:UnityEditor.Search:ASIAI0B -> (ImportResultId: '32ee4879f64831505d91c10dde85ab82') in 0.0037334 seconds
[Worker0] Imported GUID: aed7ab02155e43341a2dbcb7bc17c160 - Path: Packages/com.unity.test-framework/UnityEditor.TestRunner/TestLaunchers/PlatformSetup/XboxOnePlatformSetup.cs - Importer: ScriptedImporter/UnityEditor.QuickSearchModule:UnityEditor.Search:ASIAI0B -> (ImportResultId: '19b9867e59f60de5d9f525dc55368377') in 0.0037958 seconds
[Worker0] Imported GUID: 881a6e4afaf6d1744a7aacea7f268f4c - Path: Packages/com.unity.test-framework/UnityEditor.TestRunner/TestRun/Data/TestProgress.cs - Importer: ScriptedImporter/UnityEditor.QuickSearchModule:UnityEditor.Search:ASIAI0B -> (ImportResultId: '42b7a3c9598bfb6ce1af594024ae85a6') in 0.0063217 seconds
[Worker0] Imported GUID: adf7bea9401c1834380d55601add6cfb - Path: Packages/com.unity.test-framework/UnityEditor.TestRunner/TestLaunchers/PlatformSetup/SwitchPlatformSetup.cs - Importer: ScriptedImporter/UnityEditor.QuickSearchModule:UnityEditor.Search:ASIAI0B -> (ImportResultId: '3e7742112969138c3a010f337df60293') in 0.0048159 seconds
[Worker0] Imported GUID: 0d2e1e2a782748e6acb8565ad040df60 - Path: Packages/com.unity.test-framework/UnityEditor.TestRunner/TestRun/Data/TaskInfo.cs - Importer: ScriptedImporter/UnityEditor.QuickSearchModule:UnityEditor.Search:ASIAI0B -> (ImportResultId: '911349e6918f9da236d385f15f8501e5') in 0.0048419 seconds
[Worker0] Imported GUID: 078a3968c1fd87047890f314894a20a1 - Path: Packages/com.unity.test-framework/UnityEditor.TestRunner/TestLaunchers/PlatformSetup/Switch2PlatformSetup.cs - Importer: ScriptedImporter/UnityEditor.QuickSearchModule:UnityEditor.Search:ASIAI0B -> (ImportResultId: '059c481405118f4dc85138389ad207a5') in 0.0039855 seconds
[Worker0] Imported GUID: 92de9780c7bec4f0f89c7c88a2ec15ed - Path: Packages/com.unity.test-framework/UnityEditor.TestRunner/TestRun/Tasks/FilterTestTreeTask.cs - Importer: ScriptedImporter/UnityEditor.QuickSearchModule:UnityEditor.Search:ASIAI0B -> (ImportResultId: 'd9a6bc342c7a81ecf94749477d82aacb') in 0.0032594 seconds
[Worker0] Imported GUID: a0288e1c9324e824bab7e2044a72a434 - Path: Packages/com.unity.test-framework/UnityEditor.TestRunner/TestRun/Tasks/BuildTestTreeTask.cs - Importer: ScriptedImporter/UnityEditor.QuickSearchModule:UnityEditor.Search:ASIAI0B -> (ImportResultId: '4ed4d5fa39b4ae1f29ff1923b2dad6ef') in 0.0039938 seconds
[Worker0] Imported GUID: ce87c287371edde43a4b5fcfdee7b9ef - Path: Packages/com.unity.test-framework/UnityEditor.TestRunner/GUI/TestListTreeView/TestListTreeViewDataSource.cs - Importer: ScriptedImporter/UnityEditor.QuickSearchModule:UnityEditor.Search:ASIAI0B -> (ImportResultId: 'd3903e456c0da3f1a32fee9499a66829') in 0.0043581 seconds
[Worker0] Imported GUID: b88caca58e05ee74486d86fb404c48e2 - Path: Packages/com.unity.test-framework/UnityEditor.TestRunner/NUnitExtension/Attributes/AssetPipelineIgnore.cs - Importer: ScriptedImporter/UnityEditor.QuickSearchModule:UnityEditor.Search:ASIAI0B -> (ImportResultId: '5a8d0f5d9243924d87f6c74d3d75042c') in 0.00387 seconds
[Worker0] Imported GUID: e17c88b021c2a4c409b3f15b0d80ac62 - Path: Packages/com.unity.test-framework/UnityEditor.TestRunner/GUI/TestListBuilder/TestTreeViewBuilder.cs - Importer: ScriptedImporter/UnityEditor.QuickSearchModule:UnityEditor.Search:ASIAI0B -> (ImportResultId: '373da7535f4d03853af5a266fe37fcdb') in 0.0039517 seconds
[Worker0] Imported GUID: fb1abebffd37bd4458c84e15a5d7ab04 - Path: Packages/com.unity.test-framework/UnityEditor.TestRunner/TestRun/Tasks/PerformUndoTask.cs - Importer: ScriptedImporter/UnityEditor.QuickSearchModule:UnityEditor.Search:ASIAI0B -> (ImportResultId: 'a0d6747c93c1f14128bfb5eb187e571b') in 0.0045482 seconds
[Worker0] Imported GUID: 3c4ccfb0896bcf44da13e152b267aa49 - Path: Packages/com.unity.test-framework/UnityEditor.TestRunner/TestLaunchers/Helpers/PrebuildSetupAttributeFinder.cs - Importer: ScriptedImporter/UnityEditor.QuickSearchModule:UnityEditor.Search:ASIAI0B -> (ImportResultId: '683ae78ce4824db54dabf3638e39bbd8') in 0.0047618 seconds
[Worker0] Imported GUID: e7f72702c2f04b999739380ef9c0de5f - Path: Packages/com.unity.test-framework/UnityEditor.TestRunner/GUI/TestAssets/ITestScriptAssetsCreator.cs - Importer: ScriptedImporter/UnityEditor.QuickSearchModule:UnityEditor.Search:ASIAI0B -> (ImportResultId: '63c8e2935beab4b6c0f8f7efab98be87') in 0.0097178 seconds
[Worker0] Imported GUID: 465c1d388f96ba143b216a9bbef88340 - Path: Packages/com.unity.test-framework/UnityEditor.TestRunner/TestLaunchers/PlatformSetup/GameCorePlatformSetup.cs - Importer: ScriptedImporter/UnityEditor.QuickSearchModule:UnityEditor.Search:ASIAI0B -> (ImportResultId: 'd3ad69a58be8104f1b83661d1f343c4e') in 0.0044088 seconds
[Worker0] Imported GUID: 19bb2cdbf1454aae9b90c628fb83ad9b - Path: Packages/com.unity.test-framework/UnityEditor.TestRunner/TestRun/Data/RunProgress.cs - Importer: ScriptedImporter/UnityEditor.QuickSearchModule:UnityEditor.Search:ASIAI0B -> (ImportResultId: '07d7e1b7014872c2bdaee5ffd8a9922b') in 0.0056526 seconds
[Worker0] Imported GUID: f6c189a159d3bde4c964cee562e508ea - Path: Packages/com.unity.test-framework/UnityEditor.TestRunner/TestLaunchers/PlatformSetup/ApplePlatformSetup.cs - Importer: ScriptedImporter/UnityEditor.QuickSearchModule:UnityEditor.Search:ASIAI0B -> (ImportResultId: 'd706fc14fe4c15b107fc1b7e8234c772') in 0.005265 seconds
[Worker0] Imported GUID: 667c6ad86a0b7a548aaa5c287f2c2861 - Path: Packages/com.unity.test-framework/UnityEditor.TestRunner/TestLaunchers/PlatformSetup/UwpPlatformSetup.cs - Importer: ScriptedImporter/UnityEditor.QuickSearchModule:UnityEditor.Search:ASIAI0B -> (ImportResultId: 'cbb6cc99004f870236eebb73fd557fd2') in 0.0036821 seconds
[Worker0] Imported GUID: 6cccd50ebf7384242bda4d7bcb282ebf - Path: Packages/com.unity.test-framework/UnityEditor.TestRunner/TestLaunchers/PlatformSetup/PlatformSpecificSetup.cs - Importer: ScriptedImporter/UnityEditor.QuickSearchModule:UnityEditor.Search:ASIAI0B -> (ImportResultId: '21570d3223c995c9fec0b9c786600949') in 0.004107 seconds
[Worker0] Imported GUID: b4246555189b5ee43b4857220f9fd29b - Path: Packages/com.unity.test-framework/UnityEditor.TestRunner/TestRun/Tasks/EditModeRunTask.cs - Importer: ScriptedImporter/UnityEditor.QuickSearchModule:UnityEditor.Search:ASIAI0B -> (ImportResultId: '28276326212ad5479f6e1d48158f2113') in 0.0048986 seconds
[Worker0] Imported GUID: 3c702cb84a2a4576bf275a76bc17f8e8 - Path: Packages/com.unity.test-framework/UnityEditor.TestRunner/GUI/TestAssets/TestScriptAssetMenuItems.cs - Importer: ScriptedImporter/UnityEditor.QuickSearchModule:UnityEditor.Search:ASIAI0B -> (ImportResultId: '64c35bb2db8b1848ab56fee836764cfe') in 0.0036448 seconds
[Worker0] Imported GUID: 5842bd968af34a328bb5a3f3c78db54a - Path: Packages/com.unity.test-framework/UnityEditor.TestRunner/TestRun/Tasks/ExitPlayModeTask.cs - Importer: ScriptedImporter/UnityEditor.QuickSearchModule:UnityEditor.Search:ASIAI0B -> (ImportResultId: '788be4aa7f1afb366fd0709b92b24c78') in 0.0034464 seconds
[Worker0] Imported GUID: 822fa0a65be2467b95721422157c93f0 - Path: Packages/com.unity.test-framework/UnityEditor.TestRunner/TestRun/Tasks/CleanupTestControllerTask.cs - Importer: ScriptedImporter/UnityEditor.QuickSearchModule:UnityEditor.Search:ASIAI0B -> (ImportResultId: '6ba6c97c6e05a68e893898aaaec59c5a') in 0.0030929 seconds
[Worker0] Imported GUID: c2441d353f9c42a44af6e224e4901b52 - Path: Packages/com.unity.test-framework/UnityEditor.TestRunner/TestRun/Tasks/BuildActionTaskBase.cs - Importer: ScriptedImporter/UnityEditor.QuickSearchModule:UnityEditor.Search:ASIAI0B -> (ImportResultId: '629fb6e41022d7dcbf6eba80a0227176') in 0.003356 seconds
[Worker0] Imported GUID: 5d4de3d4682a8d641907cc75e4fb950e - Path: Packages/com.unity.test-framework/UnityEditor.TestRunner/TestLaunchers/Helpers/AttributeFinderBase.cs - Importer: ScriptedImporter/UnityEditor.QuickSearchModule:UnityEditor.Search:ASIAI0B -> (ImportResultId: '9cfa1de67b769cb3a3e021cd4d606a88') in 0.0035492 seconds
[Worker0] Imported GUID: 80ac8f5b2a7fa904dbc80111be88c8be - Path: Packages/com.unity.test-framework/UnityEditor.TestRunner/TestRun/Data/TestJobData.cs - Importer: ScriptedImporter/UnityEditor.QuickSearchModule:UnityEditor.Search:ASIAI0B -> (ImportResultId: '66388ab3e8fe6d0fba1f302ecd4a3b35') in 0.0035883 seconds
[Worker0] Imported GUID: 83d2df796f82ab847a190a706f00d6eb - Path: Packages/com.unity.test-framework/UnityEditor.TestRunner/TestRun/Tasks/InitializeTestProgressTask.cs - Importer: ScriptedImporter/UnityEditor.QuickSearchModule:UnityEditor.Search:ASIAI0B -> (ImportResultId: '9df035131969fd3d4129e87498bc0abb') in 0.0063358 seconds
[Worker0] Imported GUID: e5f4a89476c1448abc7e0a9719b13b36 - Path: Packages/com.unity.test-framework/UnityEditor.TestRunner/GUI/TestAssets/IFolderPathTestCompilationContextProvider.cs - Importer: ScriptedImporter/UnityEditor.QuickSearchModule:UnityEditor.Search:ASIAI0B -> (ImportResultId: '3818d46c0e780aa977a9b938f9f46eae') in 0.0055382 seconds
[Worker0] Imported GUID: 4400cdda235b4ea48b9078953ffc8e89 - Path: Packages/com.unity.test-framework/UnityEditor.TestRunner/TestRun/Tasks/CreateBootstrapSceneTask.cs - Importer: ScriptedImporter/UnityEditor.QuickSearchModule:UnityEditor.Search:ASIAI0B -> (ImportResultId: '592bd0595f3c823f469e7d4f94b8e9d4') in 0.0039252 seconds
[Worker0] Imported GUID: 13b82b28a28254683a40756c27493b61 - Path: Packages/com.unity.test-framework/UnityEditor.TestRunner/TestLaunchers/Helpers/PostbuildCleanupWithJobDataAttributeFinder.cs - Importer: ScriptedImporter/UnityEditor.QuickSearchModule:UnityEditor.Search:ASIAI0B -> (ImportResultId: 'a370d2297d8efdb8d491c423434e9ec0') in 0.005704 seconds
[Worker0] Imported GUID: 1a9f3fcee3bd2334593373b00d7b5ca2 - Path: Packages/com.unity.test-framework/UnityEditor.TestRunner/TestRun/Tasks/EnableTestOutLoggerTask.cs - Importer: ScriptedImporter/UnityEditor.QuickSearchModule:UnityEditor.Search:ASIAI0B -> (ImportResultId: '9698bff1442dcdc7590071ad12352f88') in 0.0049953 seconds
[Worker0] Imported GUID: fa19b42bd3dc35e40a618448bd330270 - Path: Packages/com.unity.test-framework/UnityEditor.TestRunner/TestLaunchers/PlatformSetup/StadiaPlatformSetup.cs - Importer: ScriptedImporter/UnityEditor.QuickSearchModule:UnityEditor.Search:ASIAI0B -> (ImportResultId: '3bc6657ceb66ac835f1ccdfe64999f26') in 0.0044181 seconds
[Worker0] Imported GUID: 2a0bd678385f98e4d8eabdfc07d62b4f - Path: Packages/com.unity.test-framework/UnityEditor.TestRunner/TestLaunchers/Helpers/PlayerLauncherBuildOptions.cs - Importer: ScriptedImporter/UnityEditor.QuickSearchModule:UnityEditor.Search:ASIAI0B -> (ImportResultId: '19d06f08beb0844ea90911937972b76f') in 0.0055593 seconds
[Worker0] Imported GUID: 409ee14a63784dc0ab5d002081211814 - Path: Packages/com.unity.test-framework/UnityEditor.TestRunner/GUI/TestAssets/IActiveFolderTemplateAssetCreator.cs - Importer: ScriptedImporter/UnityEditor.QuickSearchModule:UnityEditor.Search:ASIAI0B -> (ImportResultId: 'f972e0cb4121b8e2c7f1876a83dc54de') in 0.005024 seconds
[Worker0] Imported GUID: ce567ddbf30368344bc7b80e20cac36e - Path: Packages/com.unity.test-framework/UnityEditor.TestRunner/GUI/TestListTreeView/TestTreeViewItem.cs - Importer: ScriptedImporter/UnityEditor.QuickSearchModule:UnityEditor.Search:ASIAI0B -> (ImportResultId: 'fedb5a8023b59decfa8ad47985940d71') in 0.0045465 seconds
[Worker0] Imported GUID: 27769e9b00b038d47aefe306a4d20bec - Path: Packages/com.unity.test-framework/UnityEditor.TestRunner/GUI/TestListTreeView/Icons.cs - Importer: ScriptedImporter/UnityEditor.QuickSearchModule:UnityEditor.Search:ASIAI0B -> (ImportResultId: 'f5ae504a323f1e032967cc9556df7016') in 0.0054191 seconds
[Worker0] Imported GUID: 9d614808f9add8a4f8e4860db2c7af0d - Path: Packages/com.unity.test-framework/UnityEditor.TestRunner/TestLaunchers/PlatformSetup/IPlatformSetup.cs - Importer: ScriptedImporter/UnityEditor.QuickSearchModule:UnityEditor.Search:ASIAI0B -> (ImportResultId: 'adf3f3432a442aa4567b1dc085e2a625') in 0.0057643 seconds
[Worker0] Imported GUID: 6465fa5b49fc4c739059189aca21f391 - Path: Packages/com.unity.test-framework/UnityEditor.TestRunner/TestRun/Tasks/DeleteBootstrapSceneTask.cs - Importer: ScriptedImporter/UnityEditor.QuickSearchModule:UnityEditor.Search:ASIAI0B -> (ImportResultId: 'ec967779ec5eb4058e6aebb20f2efa72') in 0.0042529 seconds
[Worker0] Imported GUID: 93eb6389f4fb6924987867ce0bc339ee - Path: Packages/com.unity.test-framework/UnityEditor.TestRunner/TestRun/Tasks/CleanupVerificationTask.cs - Importer: ScriptedImporter/UnityEditor.QuickSearchModule:UnityEditor.Search:ASIAI0B -> (ImportResultId: 'e2e77c1cb588b76c4ee267a6d8e36e62') in 0.0058763 seconds
[Worker0] Imported GUID: b93fe5bbea454ae438fcec241c5fa85b - Path: Packages/com.unity.test-framework/UnityEditor.TestRunner/TestRun/Tasks/LegacyPlayerRunTask.cs - Importer: ScriptedImporter/UnityEditor.QuickSearchModule:UnityEditor.Search:ASIAI0B -> (ImportResultId: '6649e02b3cf3dce835302d007a90e206') in 0.0049976 seconds
[Worker0] Imported GUID: 4769fe1e7475c8843b092338acbcad25 - Path: Packages/com.unity.test-framework/UnityEditor.TestRunner/TestRun/Tasks/PlayModeRunTask.cs - Importer: ScriptedImporter/UnityEditor.QuickSearchModule:UnityEditor.Search:ASIAI0B -> (ImportResultId: 'd94d988c5096f545102caa86fb23f532') in 0.0054986 seconds
[Worker0] Imported GUID: aa0bb8f0cb98b43a586f75ce4b79c576 - Path: Packages/com.unity.test-framework/UnityEditor.TestRunner/TestRun/Tasks/PostbuildCleanupWithTestDataTask.cs - Importer: ScriptedImporter/UnityEditor.QuickSearchModule:UnityEditor.Search:ASIAI0B -> (ImportResultId: '8a8727182fe13961ead2d83ccb3ec949') in 0.0040619 seconds
[Worker0] Imported GUID: 759855a435cd4b22ade51836cc8b00d6 - Path: Packages/com.unity.test-framework/UnityEditor.TestRunner/TestLaunchers/Helpers/FilePathMetaInfo.cs - Importer: ScriptedImporter/UnityEditor.QuickSearchModule:UnityEditor.Search:ASIAI0B -> (ImportResultId: '71a8a4db16413c515358b841db05ef0a') in 0.0039095 seconds
[Worker0] Imported GUID: 23383565f01f46dfa583710e5108e443 - Path: Packages/com.unity.test-framework/UnityEditor.TestRunner/TestRun/Tasks/MarkRunAsPlayModeTask.cs - Importer: ScriptedImporter/UnityEditor.QuickSearchModule:UnityEditor.Search:ASIAI0B -> (ImportResultId: 'f5d73d3c5a555a7d58f3097341bec093') in 0.0042357 seconds
[Worker0] Imported GUID: 3936a208997f4266b0b2d48aaca1e904 - Path: Packages/com.unity.test-framework/UnityEditor.TestRunner/UnityTestProtocol/Messages/ScreenSettingsMessage.cs - Importer: ScriptedImporter/UnityEditor.QuickSearchModule:UnityEditor.Search:ASIAI0B -> (ImportResultId: '71a0383262266a781d6a5b482f9953b3') in 0.0050826 seconds
[Worker0] Imported GUID: 2a616b371596515498e05300b6598c6a - Path: Packages/com.unity.test-framework/UnityEngine.TestRunner/NUnitExtensions/Attributes/UnityOneTimeTearDownAttribute.cs - Importer: ScriptedImporter/UnityEditor.QuickSearchModule:UnityEditor.Search:ASIAI0B -> (ImportResultId: '68e040384d6c400171a4d413ab649b38') in 0.0041422 seconds
[Worker0] Imported GUID: 750aad009559b814dbc27001341fc1c3 - Path: Packages/com.unity.test-framework/UnityEngine.TestRunner/NUnitExtensions/Attributes/TestEnumerator.cs - Importer: ScriptedImporter/UnityEditor.QuickSearchModule:UnityEditor.Search:ASIAI0B -> (ImportResultId: '4ee76f97b52ab83bba2635868d6e9569') in 0.0057452 seconds
[Worker0] Imported GUID: cc0ce06a7515c044bb8db4c75db84114 - Path: Packages/com.unity.test-framework/UnityEditor.TestRunner/TestRun/Tasks/SaveUndoIndexTask.cs - Importer: ScriptedImporter/UnityEditor.QuickSearchModule:UnityEditor.Search:ASIAI0B -> (ImportResultId: 'b74cbd2a1daf0eaadfb7cea711887506') in 0.0037621 seconds
[Worker0] Imported GUID: c82a8473f4a8f7b42a004c91e06d2f2b - Path: Packages/com.unity.test-framework/UnityEngine.TestRunner/NUnitExtensions/Attributes/ConditionalIgnoreAttribute.cs - Importer: ScriptedImporter/UnityEditor.QuickSearchModule:UnityEditor.Search:ASIAI0B -> (ImportResultId: '68f229a398fdbfdb822b8b14a7a313a8') in 0.0040812 seconds
[Worker0] Imported GUID: 528c8790cf844716aead80624be893aa - Path: Packages/com.unity.test-framework/UnityEngine.TestRunner/NUnitExtensions/Attributes/PreservedValuesAttribute.cs - Importer: ScriptedImporter/UnityEditor.QuickSearchModule:UnityEditor.Search:ASIAI0B -> (ImportResultId: 'e62294c441af5b922f78e22228cfdf75') in 0.0036014 seconds
[Worker0] Imported GUID: 3710fe6aef52449b9c9bbf0b17ae6960 - Path: Packages/com.unity.test-framework/UnityEditor.TestRunner/TestRun/Tasks/SetInteractionModeTask.cs - Importer: ScriptedImporter/UnityEditor.QuickSearchModule:UnityEditor.Search:ASIAI0B -> (ImportResultId: 'fe8f7c859f3f5c32b5fcd6810c07357a') in 0.0043196 seconds
[Worker0] Imported GUID: 423fe2ef878fa1140a7e1f7f9e365815 - Path: Packages/com.unity.test-framework/UnityEditor.TestRunner/UnityTestProtocol/Messages/TestFinishedMessage.cs - Importer: ScriptedImporter/UnityEditor.QuickSearchModule:UnityEditor.Search:ASIAI0B -> (ImportResultId: '50ba77e7e6e9bb6a17ed61715f727f69') in 0.0038955 seconds
[Worker0] Imported GUID: 9f33b8e923ff41deaa73bc2c1f90d9a1 - Path: Packages/com.unity.test-framework/UnityEditor.TestRunner/UnityTestProtocol/Messages/PlayerSystemInfoMessage.cs - Importer: ScriptedImporter/UnityEditor.QuickSearchModule:UnityEditor.Search:ASIAI0B -> (ImportResultId: '9df9942df972f3b4a4cf5ac2e509eb06') in 0.0041476 seconds
[Worker0] Imported GUID: 28c8fcb831e6e734a9f564bc4f495eba - Path: Packages/com.unity.test-framework/UnityEditor.TestRunner/TestRunner/Utils/IEditorCompilationInterfaceProxy.cs - Importer: ScriptedImporter/UnityEditor.QuickSearchModule:UnityEditor.Search:ASIAI0B -> (ImportResultId: 'e146729bd0cc7692e2e48e0e4b5be0b5') in 0.0061823 seconds
[Worker0] Imported GUID: bd3e81baa10021f4d877fa36382bab16 - Path: Packages/com.unity.test-framework/UnityEditor.TestRunner/UnityTestProtocol/Messages/TestStartedMessage.cs - Importer: ScriptedImporter/UnityEditor.QuickSearchModule:UnityEditor.Search:ASIAI0B -> (ImportResultId: 'ef575b868126a06e9cd15cb6b70d60f5') in 0.0057644 seconds
[Worker0] Imported GUID: cc6401f13df54ba44bfd7cdc93c7d64d - Path: Packages/com.unity.test-framework/UnityEngine.TestRunner/NUnitExtensions/Attributes/UnitySetUpAttribute.cs - Importer: ScriptedImporter/UnityEditor.QuickSearchModule:UnityEditor.Search:ASIAI0B -> (ImportResultId: '3f5956cb937fc521d47f9d414c58bfca') in 0.0044592 seconds
[Worker0] Imported GUID: b1694e597ba745169b292914291c136b - Path: Packages/com.unity.test-framework/UnityEditor.TestRunner/TestRun/Tasks/PreparePlayModeRunTask.cs - Importer: ScriptedImporter/UnityEditor.QuickSearchModule:UnityEditor.Search:ASIAI0B -> (ImportResultId: '0765064de6dbdec17759c451aa50537c') in 0.0048267 seconds
[Worker0] Imported GUID: ff0aad009559b814ffc27001341fc1c3 - Path: Packages/com.unity.test-framework/UnityEngine.TestRunner/NUnitExtensions/Attributes/EnumeratorHelper.cs - Importer: ScriptedImporter/UnityEditor.QuickSearchModule:UnityEditor.Search:ASIAI0B -> (ImportResultId: '972528e77cc8572d0474434bd61c0bf5') in 0.0069644 seconds
[Worker0] Imported GUID: aa5e75ed0aae4030a1720d08f7a5322e - Path: Packages/com.unity.test-framework/UnityEditor.TestRunner/UnityTestProtocol/Messages/PlayerSettingsMessage.cs - Importer: ScriptedImporter/UnityEditor.QuickSearchModule:UnityEditor.Search:ASIAI0B -> (ImportResultId: 'a7ff341a8fb32a2b04df8402c012c1fb') in 0.007609 seconds
[Worker0] Imported GUID: 9945ffed4692c6044b6d3acf81efd694 - Path: Packages/com.unity.test-framework/UnityEngine.TestRunner/Assertions/LogScope/LogMatch.cs - Importer: ScriptedImporter/UnityEditor.QuickSearchModule:UnityEditor.Search:ASIAI0B -> (ImportResultId: '48c2e9ce81133300e059e1f7aa2b9427') in 0.00823 seconds
[Worker0] Imported GUID: 98808b11e78f6c84a841a6b4bc5a29d2 - Path: Packages/com.unity.test-framework/UnityEditor.TestRunner/TestRunner/Utils/IEditorAssembliesProxy.cs - Importer: ScriptedImporter/UnityEditor.QuickSearchModule:UnityEditor.Search:ASIAI0B -> (ImportResultId: '4d432eac9bf6f887f8dd033a5754c541') in 0.0087728 seconds
[Worker0] Imported GUID: a398fde47a0349a40a9bdf8988c392c9 - Path: Packages/com.unity.test-framework/UnityEditor.TestRunner/TestRun/Tasks/RegisterFilesForCleanupVerificationTask.cs - Importer: ScriptedImporter/UnityEditor.QuickSearchModule:UnityEditor.Search:ASIAI0B -> (ImportResultId: 'b4f766514cd7fdf1d00ce07eba212e3f') in 0.0072117 seconds
[Worker0] Imported GUID: 4bbc17b35884fdf468e4b52ae4222882 - Path: Packages/com.unity.test-framework/UnityEngine.TestRunner/Assertions/LogScope/LogScope.cs - Importer: ScriptedImporter/UnityEditor.QuickSearchModule:UnityEditor.Search:ASIAI0B -> (ImportResultId: 'e03f9981b5b71bff808da7996a0feb3d') in 0.006472 seconds
[Worker0] Imported GUID: 5db0e0c612cd489a89d330acbc4ac585 - Path: Packages/com.unity.test-framework/UnityEditor.TestRunner/TestRun/Tasks/ResetInteractionModeTask.cs - Importer: ScriptedImporter/UnityEditor.QuickSearchModule:UnityEditor.Search:ASIAI0B -> (ImportResultId: '944d2fbcf4c045f0193dfc4f25871994') in 0.0048473 seconds
[Worker0] Imported GUID: 82075836be5e0c64bbe84e1f9436682e - Path: Packages/com.unity.test-framework/UnityEditor.TestRunner/TestRunner/Callbacks/WindowResultUpdaterDataHolder.cs - Importer: ScriptedImporter/UnityEditor.QuickSearchModule:UnityEditor.Search:ASIAI0B -> (ImportResultId: 'b54bbb3e426d30f2d170cf9b0bb199b2') in 0.0048807 seconds
[Worker0] Imported GUID: 25d1ed297163243c4a20d6321d057844 - Path: Packages/com.unity.test-framework/UnityEditor.TestRunner/TestRun/Tasks/PrebuildSetupWithTestDataTask.cs - Importer: ScriptedImporter/UnityEditor.QuickSearchModule:UnityEditor.Search:ASIAI0B -> (ImportResultId: 'b2d822c670ab6965a399cc14410f755e') in 0.0047229 seconds
[Worker0] Imported GUID: 3504aa04cda851b44a65973f9aead6f7 - Path: Packages/com.unity.test-framework/UnityEngine.TestRunner/Assertions/LogScope/ILogScope.cs - Importer: ScriptedImporter/UnityEditor.QuickSearchModule:UnityEditor.Search:ASIAI0B -> (ImportResultId: '091eea37e52ba3abcce05c60725ddb5f') in 0.0034471 seconds
[Worker0] Imported GUID: 9729063e08c4a4e438070c8319aff5f5 - Path: Packages/com.unity.test-framework/UnityEditor.TestRunner/TestRun/Tasks/UnlockReloadAssembliesTask.cs - Importer: ScriptedImporter/UnityEditor.QuickSearchModule:UnityEditor.Search:ASIAI0B -> (ImportResultId: 'c78fa958f921c0284dc7b86f4c59de5c') in 0.0033138 seconds
[Worker0] Imported GUID: f1b6399349763114d9361bc6dfcd025b - Path: Packages/com.unity.test-framework/UnityEditor.TestRunner/TestRunner/Utils/TestListCacheData.cs - Importer: ScriptedImporter/UnityEditor.QuickSearchModule:UnityEditor.Search:ASIAI0B -> (ImportResultId: '67df3d4b05a1cedd84959cd5003b303a') in 0.0049541 seconds
[Worker0] Imported GUID: 3b3dcba2081245eb916aee8fd3459fc8 - Path: Packages/com.unity.test-framework/UnityEditor.TestRunner/UnityTestProtocol/Messages/BuildSettingsMessage.cs - Importer: ScriptedImporter/UnityEditor.QuickSearchModule:UnityEditor.Search:ASIAI0B -> (ImportResultId: 'd1f9f52fece309d75d30b42e0d943e61') in 0.0041275 seconds
[Worker0] Imported GUID: e9c53c5109a7498ca4408e53f2593b1a - Path: Packages/com.unity.test-framework/UnityEngine.TestRunner/NUnitExtensions/Attributes/ParametrizedIgnoreAttribute.cs - Importer: ScriptedImporter/UnityEditor.QuickSearchModule:UnityEditor.Search:ASIAI0B -> (ImportResultId: 'a33a2abe8ba6565d8f855a698ff9fec7') in 0.0039997 seconds
[Worker0] Imported GUID: 7af6ac3e6b51b8d4aab04adc85b8de2f - Path: Packages/com.unity.test-framework/UnityEngine.TestRunner/NUnitExtensions/Attributes/UnityCombinatorialStrategy.cs - Importer: ScriptedImporter/UnityEditor.QuickSearchModule:UnityEditor.Search:ASIAI0B -> (ImportResultId: '68496ac0aa0bfb539818f020eeb56905') in 0.005863 seconds
[Worker0] Imported GUID: 7b9e2c4a8f1d6b3e5a0c8d2f4e6b1a9c - Path: Packages/com.unity.test-framework/UnityEngine.TestRunner/NUnitExtensions/Attributes/PlayModeTestsAttribute.cs - Importer: ScriptedImporter/UnityEditor.QuickSearchModule:UnityEditor.Search:ASIAI0B -> (ImportResultId: '9db797d0560e06779ab167504e652aac') in 0.0038347 seconds
[Worker0] Imported GUID: 6d468ee3657be7a43a2ef2178ec14239 - Path: Packages/com.unity.test-framework/UnityEditor.TestRunner/TestRunner/Callbacks/WindowResultUpdater.cs - Importer: ScriptedImporter/UnityEditor.QuickSearchModule:UnityEditor.Search:ASIAI0B -> (ImportResultId: '98ac8520e479a37c64ab51a8e3978eb0') in 0.0048965 seconds
[Worker0] Imported GUID: 408674d91d506a54aac9a7f07951c018 - Path: Packages/com.unity.test-framework/UnityEditor.TestRunner/TestRunner/Messages/ExitPlayMode.cs - Importer: ScriptedImporter/UnityEditor.QuickSearchModule:UnityEditor.Search:ASIAI0B -> (ImportResultId: '7d87124f6cb11858d7685d6c18162d96') in 0.0059945 seconds
[Worker0] Imported GUID: fc039194235714f48a39bd364885e744 - Path: Packages/com.unity.test-framework/UnityEditor.TestRunner/TestRun/Tasks/PrebuildSetupTask.cs - Importer: ScriptedImporter/UnityEditor.QuickSearchModule:UnityEditor.Search:ASIAI0B -> (ImportResultId: 'f8f658fde84db3601f193958aaef1ec4') in 0.0049004 seconds
[Worker0] Imported GUID: c9b23632c77de204abfe8bf7168d48c0 - Path: Packages/com.unity.test-framework/UnityEditor.TestRunner/TestRunner/Utils/EditorCompilationInterfaceProxy.cs - Importer: ScriptedImporter/UnityEditor.QuickSearchModule:UnityEditor.Search:ASIAI0B -> (ImportResultId: 'c7aee6d26148fdaabfc0a61822e79ca4') in 0.0067377 seconds
[Worker0] Imported GUID: 5df3c21c5237c994db89660fbdfee07d - Path: Packages/com.unity.test-framework/UnityEditor.TestRunner/TestRunner/Messages/WaitForDomainReload.cs - Importer: ScriptedImporter/UnityEditor.QuickSearchModule:UnityEditor.Search:ASIAI0B -> (ImportResultId: '92e9f998ecc5ae945f5284268bb89c80') in 0.0040642 seconds
[Worker0] Imported GUID: d685d97a1eb004f49afea0cc982ff728 - Path: Packages/com.unity.test-framework/UnityEditor.TestRunner/TestRunner/Utils/TestListCache.cs - Importer: ScriptedImporter/UnityEditor.QuickSearchModule:UnityEditor.Search:ASIAI0B -> (ImportResultId: 'a36267b8456b286ba561304c73923768') in 0.0039927 seconds
[Worker0] Imported GUID: 02ef7627f46742ae83071af8bf22f1af - Path: Packages/com.unity.test-framework/UnityEditor.TestRunner/UnityTestProtocol/Messages/EditorVersionMessage.cs - Importer: ScriptedImporter/UnityEditor.QuickSearchModule:UnityEditor.Search:ASIAI0B -> (ImportResultId: 'd127a697639c66d0e92f9cbebe9878a7') in 0.0078385 seconds
[Worker0] Imported GUID: dec9066d4afefe444be0dad3f137730d - Path: Packages/com.unity.test-framework/UnityEditor.TestRunner/TestRunner/Utils/TestListJob.cs - Importer: ScriptedImporter/UnityEditor.QuickSearchModule:UnityEditor.Search:ASIAI0B -> (ImportResultId: '471b74c96357706df883522815af5d4d') in 0.0035734 seconds
[Worker0] Imported GUID: 002201b186864f54ba07f1b2d7841fc7 - Path: Packages/com.unity.test-framework/UnityEngine.TestRunner/NUnitExtensions/Attributes/UnityCoreClrExplicitDisabledAttribute.cs - Importer: ScriptedImporter/UnityEditor.QuickSearchModule:UnityEditor.Search:ASIAI0B -> (ImportResultId: 'e42b52c65b34cb46da992abf1030a2e9') in 0.0029427 seconds
[Worker0] Imported GUID: d52ad1cdc75642419ac24e88b43a3821 - Path: Packages/com.unity.test-framework/UnityEditor.TestRunner/UnityTestProtocol/Data/PlayerSettings.cs - Importer: ScriptedImporter/UnityEditor.QuickSearchModule:UnityEditor.Search:ASIAI0B -> (ImportResultId: '9ac86d91cf220ba07a95d16d504f2c33') in 0.0040221 seconds
[Worker0] Imported GUID: 3803f736886e77842995ddbc3531afaa - Path: Packages/com.unity.test-framework/UnityEngine.TestRunner/NUnitExtensions/Attributes/TestMustExpectAllLogsAttribute.cs - Importer: ScriptedImporter/UnityEditor.QuickSearchModule:UnityEditor.Search:ASIAI0B -> (ImportResultId: '522a11ae76862fe15bba464ed785372c') in 0.0055106 seconds
[Worker0] Imported GUID: 01aa6c4633a44c2ca43e69d35747cb80 - Path: Packages/com.unity.test-framework/UnityEditor.TestRunner/TestRun/Tasks/SetupConstructDelegatorTask.cs - Importer: ScriptedImporter/UnityEditor.QuickSearchModule:UnityEditor.Search:ASIAI0B -> (ImportResultId: '543c4594189ed608138489e023e38bad') in 0.0049409 seconds
[Worker0] Imported GUID: f15cbb987069826429540d0ea0937442 - Path: Packages/com.unity.test-framework/UnityEditor.TestRunner/TestRunner/Utils/TestListProvider.cs - Importer: ScriptedImporter/UnityEditor.QuickSearchModule:UnityEditor.Search:ASIAI0B -> (ImportResultId: '7a073d317d41e2712a4b310f2154e891') in 0.004854 seconds
[Worker0] Imported GUID: 0f691f67e4ca49a386e31761b0ff8238 - Path: Packages/com.unity.test-framework/UnityEditor.TestRunner/TestRun/Tasks/RestoreProjectSettingsTask.cs - Importer: ScriptedImporter/UnityEditor.QuickSearchModule:UnityEditor.Search:ASIAI0B -> (ImportResultId: '9a37d71cbe861df7c2080e7fe48f9e7b') in 0.0032662 seconds
[Worker0] Imported GUID: f96d0ea807c081145a1170ed1b6d71e0 - Path: Packages/com.unity.test-framework/UnityEditor.TestRunner/TestRunner/Utils/EditorAssembliesProxy.cs - Importer: ScriptedImporter/UnityEditor.QuickSearchModule:UnityEditor.Search:ASIAI0B -> (ImportResultId: '449e17c0291aa996ac3578f8c405217a') in 0.0043758 seconds
[Worker0] Imported GUID: 321dc2c0720f8dd4f9396ecdc12b8746 - Path: Packages/com.unity.test-framework/UnityEditor.TestRunner/UnityTestProtocol/Messages/Message.cs - Importer: ScriptedImporter/UnityEditor.QuickSearchModule:UnityEditor.Search:ASIAI0B -> (ImportResultId: '13fc8fb9312cd589dff0a7ed51fc0d5c') in 0.0052582 seconds
[Worker0] Imported GUID: efce3ac61ba34d3590656de761a677e3 - Path: Packages/com.unity.test-framework/UnityEditor.TestRunner/UnityTestProtocol/Data/QualitySettings.cs - Importer: ScriptedImporter/UnityEditor.QuickSearchModule:UnityEditor.Search:ASIAI0B -> (ImportResultId: '353c2d0e0bb5e5f66e3a60eb455d5924') in 0.0048829 seconds
[Worker0] Imported GUID: 033c884ba52437d49bc55935939ef1c6 - Path: Packages/com.unity.test-framework/UnityEditor.TestRunner/TestRunner/Utils/EditorLoadedTestAssemblyProvider.cs - Importer: ScriptedImporter/UnityEditor.QuickSearchModule:UnityEditor.Search:ASIAI0B -> (ImportResultId: '4690a3710c996ce0ee547250f019e552') in 0.0046062 seconds
[Worker0] Imported GUID: 64689f8b25eadac4da519e96f514b653 - Path: Packages/com.unity.test-framework/UnityEditor.TestRunner/TestRunner/Utils/ITestListProvider.cs - Importer: ScriptedImporter/UnityEditor.QuickSearchModule:UnityEditor.Search:ASIAI0B -> (ImportResultId: '5df8fe57c77a16934dd4ce3a5321bf28') in 0.0045256 seconds
[Worker0] Imported GUID: 7ee0c4baf94a41009b0f9292988a2000 - Path: Packages/com.unity.test-framework/UnityEditor.TestRunner/UnityTestProtocol/Data/PlayerSystemInfo.cs - Importer: ScriptedImporter/UnityEditor.QuickSearchModule:UnityEditor.Search:ASIAI0B -> (ImportResultId: 'f274606e7cfdcc48bc5a1c2414604439') in 0.0051328 seconds
[Worker0] Imported GUID: 64f0c7c73db2d32469a5208a3cff96de - Path: Packages/com.unity.test-framework/UnityEngine.TestRunner/NUnitExtensions/Attributes/UnityOneTimeSetUpAttribute.cs - Importer: ScriptedImporter/UnityEditor.QuickSearchModule:UnityEditor.Search:ASIAI0B -> (ImportResultId: '81799c1e19c66bc03e48aed5415170dc') in 0.0046347 seconds
[Worker0] Imported GUID: 26f3e7301af463c4ca72fa98d59b429e - Path: Packages/com.unity.test-framework/UnityEditor.TestRunner/TestRunner/Utils/CachingTestListProvider.cs - Importer: ScriptedImporter/UnityEditor.QuickSearchModule:UnityEditor.Search:ASIAI0B -> (ImportResultId: 'ff192c94bedb554e9a0250d5d9fb7eb1') in 0.0048494 seconds
[Worker0] Imported GUID: 9bd5a110ed89025499ddee8c7e73778e - Path: Packages/com.unity.test-framework/UnityEditor.TestRunner/TestRunner/Messages/EnterPlayMode.cs - Importer: ScriptedImporter/UnityEditor.QuickSearchModule:UnityEditor.Search:ASIAI0B -> (ImportResultId: 'd4e04b80c5a5e1398683db8d7b9be3cc') in 0.0034747 seconds
[Worker0] Imported GUID: 58a43a62ecbe444d963930822e17d4cd - Path: Packages/com.unity.test-framework/UnityEditor.TestRunner/UnityTestProtocol/Data/ScreenSettings.cs - Importer: ScriptedImporter/UnityEditor.QuickSearchModule:UnityEditor.Search:ASIAI0B -> (ImportResultId: 'dd443feaa0807322d0cc108288f39ee7') in 0.0043452 seconds
[Worker0] Imported GUID: 7043e9a330ac2d84a80a965ada4589ad - Path: Packages/com.unity.test-framework/UnityEditor.TestRunner/TestRunner/Utils/ITestListCacheData.cs - Importer: ScriptedImporter/UnityEditor.QuickSearchModule:UnityEditor.Search:ASIAI0B -> (ImportResultId: '3401178f81eeed59a4df4eabcd355ac1') in 0.004403 seconds
[Worker0] Imported GUID: 6cf74526594248e88be90b91eb2dbe1c - Path: Packages/com.unity.test-framework/UnityEditor.TestRunner/UnityTestProtocol/Messages/QualitySettingsMessage.cs - Importer: ScriptedImporter/UnityEditor.QuickSearchModule:UnityEditor.Search:ASIAI0B -> (ImportResultId: '1a7234c22f4b9d098477061c76bc6dbb') in 0.0039932 seconds
[Worker0] Imported GUID: f699428dfee64165b017dced94d8ca70 - Path: Packages/com.unity.test-framework/UnityEditor.TestRunner/UnityTestProtocol/Data/BuildSettings.cs - Importer: ScriptedImporter/UnityEditor.QuickSearchModule:UnityEditor.Search:ASIAI0B -> (ImportResultId: '1abcc6f8dc791aee5a670ecf713e5e26') in 0.0039894 seconds
[Worker0] Imported GUID: 0c56471f08a0f6846afc792f0b4205b9 - Path: Packages/com.unity.test-framework/UnityEngine.TestRunner/Assertions/LogScope/LogEvent.cs - Importer: ScriptedImporter/UnityEditor.QuickSearchModule:UnityEditor.Search:ASIAI0B -> (ImportResultId: '20bedee200b32508942a5cc29f345ed6') in 0.0077495 seconds
[Worker0] Imported GUID: a704c010bcdb1ec4a9f3417b3c393164 - Path: Packages/com.unity.test-framework/UnityEditor.TestRunner/TestRunner/Utils/ITestListCache.cs - Importer: ScriptedImporter/UnityEditor.QuickSearchModule:UnityEditor.Search:ASIAI0B -> (ImportResultId: '5dee458e34604e3664319df70fd3278a') in 0.0043033 seconds
[Worker0] Imported GUID: 28f79a0d7e64c2345bc46f8c4cf788f8 - Path: Packages/com.unity.test-framework/UnityEditor.TestRunner/UnityTestProtocol/Messages/TestPlanMessage.cs - Importer: ScriptedImporter/UnityEditor.QuickSearchModule:UnityEditor.Search:ASIAI0B -> (ImportResultId: '30d331ba188854a830bf4594125efae5') in 0.0041092 seconds
[Worker0] Imported GUID: 936b6288befc460409cfdff3ac92fc95 - Path: Packages/com.unity.test-framework/UnityEditor.TestRunner/TestRunner/Utils/IEditorLoadedTestAssemblyProvider.cs - Importer: ScriptedImporter/UnityEditor.QuickSearchModule:UnityEditor.Search:ASIAI0B -> (ImportResultId: '34a725dd8dcb4e06b3ef4c22c81752c6') in 0.0048039 seconds
[Worker0] Imported GUID: 9202fbba95ea8294cb5e718f028f21b0 - Path: Packages/com.unity.test-framework/UnityEditor.TestRunner/TestRunner/Messages/RecompileScripts.cs - Importer: ScriptedImporter/UnityEditor.QuickSearchModule:UnityEditor.Search:ASIAI0B -> (ImportResultId: '70eb94b7ef77183bcba9bccf535f91bb') in 0.0032608 seconds
[Worker0] Imported GUID: 20cdb37e6fea6d946bbb84d2c923db85 - Path: Packages/com.unity.test-framework/UnityEditor.TestRunner/TestRunner/Utils/EditorAssemblyWrapper.cs - Importer: ScriptedImporter/UnityEditor.QuickSearchModule:UnityEditor.Search:ASIAI0B -> (ImportResultId: 'a11c3c8d0d9d50a84ddc6104dc529000') in 0.0035203 seconds
[Worker0] Imported GUID: 342d9ef4da0a19b49877f576c2deec14 - Path: Packages/com.unity.test-framework/UnityEditor.TestRunner/TestRun/Tasks/TestTaskBase.cs - Importer: ScriptedImporter/UnityEditor.QuickSearchModule:UnityEditor.Search:ASIAI0B -> (ImportResultId: '2b5ceec93b23fca0af84d46c72172a32') in 0.0036509 seconds
[Worker0] Imported GUID: 5440c1153b397e14c9c7b1d6eb83b9f9 - Path: Packages/com.unity.test-framework/UnityEngine.TestRunner/NUnitExtensions/Attributes/UnityPlatformAttribute.cs - Importer: ScriptedImporter/UnityEditor.QuickSearchModule:UnityEditor.Search:ASIAI0B -> (ImportResultId: '2f89b86b791b1ac33aea6a0b3441792a') in 0.0047363 seconds
[Worker0] Imported GUID: 5c15bf0966eb95847a4260d830a30d30 - Path: Packages/com.unity.test-framework/UnityEngine.TestRunner/NUnitExtensions/Runner/WorkItemFactory.cs - Importer: ScriptedImporter/UnityEditor.QuickSearchModule:UnityEditor.Search:ASIAI0B -> (ImportResultId: '8fd585af04857ce10452d0d993b10c95') in 0.0038226 seconds
[Worker0] Imported GUID: d2ca9278c9dd49df877d622d0f657ecf - Path: Packages/com.unity.test-framework/UnityEngine.TestRunner/NUnitExtensions/Commands/UnityTestMethodCommand.cs - Importer: ScriptedImporter/UnityEditor.QuickSearchModule:UnityEditor.Search:ASIAI0B -> (ImportResultId: 'c846fc2bf3e7f84c63142421ce115ffa') in 0.0043566 seconds
[Worker0] Imported GUID: f180b12c4cff494c91056caa03f9c109 - Path: Packages/com.unity.test-framework/UnityEngine.TestRunner/NUnitExtensions/Commands/RetryCommand.cs - Importer: ScriptedImporter/UnityEditor.QuickSearchModule:UnityEditor.Search:ASIAI0B -> (ImportResultId: '41e1237d1969697aee5cb14108cf1bc7') in 0.0035083 seconds
[Worker0] Imported GUID: 110d5035a36a6a34580fb65bb40cd78f - Path: Packages/com.unity.test-framework/UnityEngine.TestRunner/NUnitExtensions/Runner/CompositeWorkItem.cs - Importer: ScriptedImporter/UnityEditor.QuickSearchModule:UnityEditor.Search:ASIAI0B -> (ImportResultId: 'f81ea33babe8be045eef4f5950f400be') in 0.0041471 seconds
[Worker0] Imported GUID: 79ced2556f0af814a840b86232613ff1 - Path: Packages/com.unity.test-framework/UnityEngine.TestRunner/NUnitExtensions/Runner/UnityWorkItem.cs - Importer: ScriptedImporter/UnityEditor.QuickSearchModule:UnityEditor.Search:ASIAI0B -> (ImportResultId: '98016fcc3ecb1812408b5321614e767e') in 0.0030123 seconds
[Worker0] Imported GUID: 12dfd4bdbb5c8e6419432fbc54ef25d9 - Path: Packages/com.unity.test-framework/UnityEngine.TestRunner/Utils/AssemblyProvider/IAssemblyLoadProxy.cs - Importer: ScriptedImporter/UnityEditor.QuickSearchModule:UnityEditor.Search:ASIAI0B -> (ImportResultId: '4693cdcbf37361779701b50616ff197e') in 0.0047097 seconds
[Worker0] Imported GUID: 203984dce16ec4246a37d5b4f555c858 - Path: Packages/com.unity.test-framework/UnityEngine.TestRunner/NUnitExtensions/Runner/TestCommandWrapperRegistry.cs - Importer: ScriptedImporter/UnityEditor.QuickSearchModule:UnityEditor.Search:ASIAI0B -> (ImportResultId: 'c9e15c2d4ed76c3dfdfed67cc198ffe1') in 0.0037637 seconds
[Worker0] Imported GUID: 41d60936b62cc6d4ca7fe628b22b0e40 - Path: Packages/com.unity.test-framework/UnityEngine.TestRunner/TestRunner/RemoteHelpers/PlayerConnectionMessageIds.cs - Importer: ScriptedImporter/UnityEditor.QuickSearchModule:UnityEditor.Search:ASIAI0B -> (ImportResultId: '4c5a0faacf656b5f17b96ae3e97a81d0') in 0.0041705 seconds
[Worker0] Imported GUID: 2de8ba3b840049641897e0da7ce1d5cd - Path: Packages/com.unity.test-framework/UnityEngine.TestRunner/NUnitExtensions/Commands/TestActionCommand.cs - Importer: ScriptedImporter/UnityEditor.QuickSearchModule:UnityEditor.Search:ASIAI0B -> (ImportResultId: 'ca11157b259deb052439bdfb4386508b') in 0.0046147 seconds
[Worker0] Imported GUID: 68e5dc8bfd5d72647a93b7f2e1da831a - Path: Packages/com.unity.test-framework/UnityEngine.TestRunner/NUnitExtensions/Runner/FailCommand.cs - Importer: ScriptedImporter/UnityEditor.QuickSearchModule:UnityEditor.Search:ASIAI0B -> (ImportResultId: '346fab804abf8f8a2c651254644d41e4') in 0.0046791 seconds
[Worker0] Imported GUID: df537bdce04d7964193fffe1cc99a343 - Path: Packages/com.unity.test-framework/UnityEngine.TestRunner/NUnitExtensions/Commands/EnumerableOneTimeSetUpTearDownCommand.cs - Importer: ScriptedImporter/UnityEditor.QuickSearchModule:UnityEditor.Search:ASIAI0B -> (ImportResultId: 'fb15441474edb348c2d4966226cfef0e') in 0.0051894 seconds
[Worker0] Imported GUID: ebeedaa04bb53e24ba2e7fb6745e3fd3 - Path: Packages/com.unity.test-framework/UnityEngine.TestRunner/NUnitExtensions/Filters/CategoryFilterExtended.cs - Importer: ScriptedImporter/UnityEditor.QuickSearchModule:UnityEditor.Search:ASIAI0B -> (ImportResultId: '4cfc681a69ddcd6cb95af7964fe62add') in 0.0042831 seconds
[Worker0] Imported GUID: e273462feb9a65948826739f683cc9a9 - Path: Packages/com.unity.test-framework/UnityEngine.TestRunner/NUnitExtensions/Commands/EnumerableRepeatedTestCommand.cs - Importer: ScriptedImporter/UnityEditor.QuickSearchModule:UnityEditor.Search:ASIAI0B -> (ImportResultId: '67cdf91562227b851f50908bd1b39c31') in 0.0048739 seconds
[Worker0] Imported GUID: e0db3f3921670cd4ca2e925737c3fba4 - Path: Packages/com.unity.test-framework/UnityEngine.TestRunner/NUnitExtensions/Commands/SetUpTearDownCommand.cs - Importer: ScriptedImporter/UnityEditor.QuickSearchModule:UnityEditor.Search:ASIAI0B -> (ImportResultId: '94504c0fb36d7925b5994c88835c51c6') in 0.0037762 seconds
[Worker0] Imported GUID: 59ff995fabb3bac45afa0f96f333e5dc - Path: Packages/com.unity.test-framework/UnityEngine.TestRunner/NUnitExtensions/Runner/UnityTestExecutionContext.cs - Importer: ScriptedImporter/UnityEditor.QuickSearchModule:UnityEditor.Search:ASIAI0B -> (ImportResultId: '45458d84ac9b17c9a698147f2fab4f5e') in 0.0068469 seconds
[Worker0] Imported GUID: 5ebb87899ca30b743bb4274bc00c02b4 - Path: Packages/com.unity.test-framework/UnityEngine.TestRunner/TestRunner/Callbacks/TestResultRenderer.cs - Importer: ScriptedImporter/UnityEditor.QuickSearchModule:UnityEditor.Search:ASIAI0B -> (ImportResultId: '5b69d00cd342032c8c467fa833c9cf3b') in 0.0032357 seconds
[Worker0] Imported GUID: 874c0713cdc44f549b0161750b48d2c2 - Path: Packages/com.unity.test-framework/UnityEngine.TestRunner/TestRunner/RemoteHelpers/IRemoteTestResultDataFactory.cs - Importer: ScriptedImporter/UnityEditor.QuickSearchModule:UnityEditor.Search:ASIAI0B -> (ImportResultId: '103bc55d6dda07fa86ade0e9210b6aef') in 0.0052335 seconds
[Worker0] Imported GUID: 851f94140ec64b7db846948429a87f01 - Path: Packages/com.unity.test-framework/UnityEngine.TestRunner/NUnitExtensions/Commands/RepeatCommand.cs - Importer: ScriptedImporter/UnityEditor.QuickSearchModule:UnityEditor.Search:ASIAI0B -> (ImportResultId: '3b9d4cf9da7a17bec0cf7a14078b544d') in 0.0046902 seconds
[Worker0] Imported GUID: 48230e4e90fb4d14a9d56bddea898413 - Path: Packages/com.unity.test-framework/UnityEngine.TestRunner/NUnitExtensions/Runner/UnityLogCheckDelegatingCommand.cs - Importer: ScriptedImporter/UnityEditor.QuickSearchModule:UnityEditor.Search:ASIAI0B -> (ImportResultId: 'dccb38a681fe5a7b8e58fb8f468bbab2') in 0.0054095 seconds
[Worker0] Imported GUID: b135ec222fdcd11468014c90d11d6821 - Path: Packages/com.unity.test-framework/UnityEngine.TestRunner/TestRunner/RemoteHelpers/RemoteTestData.cs - Importer: ScriptedImporter/UnityEditor.QuickSearchModule:UnityEditor.Search:ASIAI0B -> (ImportResultId: '71a149d8bca0d21f383820e036bd22a0') in 0.0054518 seconds
[Worker0] Imported GUID: aa5dd1a9432747fd89501213ba621de6 - Path: Packages/com.unity.test-framework/UnityEngine.TestRunner/NUnitExtensions/Commands/EnumerableMaxTimeCommand.cs - Importer: ScriptedImporter/UnityEditor.QuickSearchModule:UnityEditor.Search:ASIAI0B -> (ImportResultId: '2b4c8ef58832b24628cefcc55a7a693c') in 0.0044854 seconds
[Worker0] Imported GUID: 7d2d4145ec6c42dabb2d7af8e58224db - Path: Packages/com.unity.test-framework/UnityEngine.TestRunner/NUnitExtensions/Commands/TimeoutCommand.cs - Importer: ScriptedImporter/UnityEditor.QuickSearchModule:UnityEditor.Search:ASIAI0B -> (ImportResultId: 'a2177da63f41ec034457367c1001e55e') in 0.0047131 seconds
[Worker0] Imported GUID: dfc336f10b83bd74eaded16a658275c7 - Path: Packages/com.unity.test-framework/UnityEngine.TestRunner/TestRunner/Callbacks/TestResultRendererCallback.cs - Importer: ScriptedImporter/UnityEditor.QuickSearchModule:UnityEditor.Search:ASIAI0B -> (ImportResultId: '02d54212c723b88359bfae632e9ad6d1') in 0.0046594 seconds
[Worker0] Imported GUID: 826b6becaef90fb458eedebe4c2f3664 - Path: Packages/com.unity.test-framework/UnityEngine.TestRunner/TestRunner/RemoteHelpers/RemoteTestResultDataFactory.cs - Importer: ScriptedImporter/UnityEditor.QuickSearchModule:UnityEditor.Search:ASIAI0B -> (ImportResultId: '9a80705b736f639aebd8c76bf9dfbd1b') in 0.0040236 seconds
[Worker0] Imported GUID: cbbca1d8a0434be4bbc7f165523763ac - Path: Packages/com.unity.test-framework/UnityEngine.TestRunner/NUnitExtensions/Commands/BeforeAfterTestCommandBase.cs - Importer: ScriptedImporter/UnityEditor.QuickSearchModule:UnityEditor.Search:ASIAI0B -> (ImportResultId: 'ad2caff76215ca9d92c21b7511bb4700') in 0.0042321 seconds
[Worker0] Imported GUID: 8349e42a2b30c7a4abd8678c203428ba - Path: Packages/com.unity.test-framework/UnityEngine.TestRunner/NUnitExtensions/Commands/ImmediateEnumerableCommand.cs - Importer: ScriptedImporter/UnityEditor.QuickSearchModule:UnityEditor.Search:ASIAI0B -> (ImportResultId: 'df5e996b56db365c1c1a6d40a014824a') in 0.0046669 seconds
[Worker0] Imported GUID: 91319408591cec1478efd3c62f9f418a - Path: Packages/com.unity.test-framework/UnityEngine.TestRunner/NUnitExtensions/Filters/AssemblyNameFilter.cs - Importer: ScriptedImporter/UnityEditor.QuickSearchModule:UnityEditor.Search:ASIAI0B -> (ImportResultId: '9eb6dcfedacae258a908df455f16615f') in 0.0033838 seconds
[Worker0] Imported GUID: 475e3699f219c854f8581a9838135002 - Path: Packages/com.unity.test-framework/UnityEngine.TestRunner/TestRunner/RemoteHelpers/RemoteTestResultDataWithTestData.cs - Importer: ScriptedImporter/UnityEditor.QuickSearchModule:UnityEditor.Search:ASIAI0B -> (ImportResultId: '211607ff33f809a2ea0e921538c54582') in 0.0045539 seconds
[Worker0] Imported GUID: f40df9c8cf926b241b093a37028d8815 - Path: Packages/com.unity.test-framework/UnityEngine.TestRunner/NUnitExtensions/Runner/TestCommandBuilder.cs - Importer: ScriptedImporter/UnityEditor.QuickSearchModule:UnityEditor.Search:ASIAI0B -> (ImportResultId: '3bceb88fad37ca86122935527b5b891b') in 0.004249 seconds
[Worker0] Imported GUID: fedb0f9e5006b1943abae52f52f08a1a - Path: Packages/com.unity.test-framework/UnityEngine.TestRunner/NUnitExtensions/Attributes/UnityTestAttribute.cs - Importer: ScriptedImporter/UnityEditor.QuickSearchModule:UnityEditor.Search:ASIAI0B -> (ImportResultId: '13415e353702bec3e7f993d6ea479703') in 0.0033864 seconds
[Worker0] Imported GUID: 26721f9940339264fb14bdbfe1290e21 - Path: Packages/com.unity.test-framework/UnityEngine.TestRunner/NUnitExtensions/Runner/RestoreTestContextAfterDomainReload.cs - Importer: ScriptedImporter/UnityEditor.QuickSearchModule:UnityEditor.Search:ASIAI0B -> (ImportResultId: 'c03906e3571c51e4f56a05ef861dfbe8') in 0.0034265 seconds
[Worker0] Imported GUID: 600f4b74746dbf944901257f81a8af6d - Path: Packages/com.unity.test-framework/UnityEngine.TestRunner/NUnitExtensions/Attributes/UnityTearDownAttribute.cs - Importer: ScriptedImporter/UnityEditor.QuickSearchModule:UnityEditor.Search:ASIAI0B -> (ImportResultId: '798860cf3790824fc80836482f6c63c7') in 0.0030767 seconds
[Worker0] Imported GUID: 898bc38486fc899428fbe5bd6adfe473 - Path: Packages/com.unity.test-framework/UnityEngine.TestRunner/TestRunner/Messages/IEditModeTestYieldInstruction.cs - Importer: ScriptedImporter/UnityEditor.QuickSearchModule:UnityEditor.Search:ASIAI0B -> (ImportResultId: 'dce256f1656211204a1e2707c08fd2bc') in 0.0047652 seconds
[Worker0] Imported GUID: b557515fff172984e8c4400b43f1c631 - Path: Packages/com.unity.test-framework/UnityEngine.TestRunner/NUnitExtensions/Runner/CoroutineTestWorkItem.cs - Importer: ScriptedImporter/UnityEditor.QuickSearchModule:UnityEditor.Search:ASIAI0B -> (ImportResultId: 'fcdfef1bf1a1a4563080de209d5fdb97') in 0.0033635 seconds
[Worker0] Imported GUID: e55eddf2afda488db58fb17f985fee99 - Path: Packages/com.unity.test-framework/UnityEngine.TestRunner/NUnitExtensions/Commands/IgnoreTestCommand.cs - Importer: ScriptedImporter/UnityEditor.QuickSearchModule:UnityEditor.Search:ASIAI0B -> (ImportResultId: '362d071da330db2a1474c4f2ed16d9e1') in 0.0046715 seconds
[Worker0] Imported GUID: 2e3b9bbf2c1a3cd4f88883ca32882ec6 - Path: Packages/com.unity.test-framework/UnityEngine.TestRunner/Utils/AssemblyProvider/AssemblyWrapper.cs - Importer: ScriptedImporter/UnityEditor.QuickSearchModule:UnityEditor.Search:ASIAI0B -> (ImportResultId: '12bb96e7b8068d8934758baeb7d06618') in 0.0053045 seconds
[Worker0] Imported GUID: dd85a35169d313840a0874aea1a28629 - Path: Packages/com.unity.test-framework/UnityEngine.TestRunner/NUnitExtensions/Commands/EnumerableSetUpTearDownCommand.cs - Importer: ScriptedImporter/UnityEditor.QuickSearchModule:UnityEditor.Search:ASIAI0B -> (ImportResultId: '9104f35dd717c713d5ce0c06dab69620') in 0.0034853 seconds
[Worker0] Imported GUID: 7ef6801a8b664544aa9f2ab1bc1f8b60 - Path: Packages/com.unity.test-framework/UnityEngine.TestRunner/NUnitExtensions/Runner/PlaymodeWorkItemFactory.cs - Importer: ScriptedImporter/UnityEditor.QuickSearchModule:UnityEditor.Search:ASIAI0B -> (ImportResultId: '62c02bc30be92a8e8c2b5d4ac3979f98') in 0.0031027 seconds
[Worker0] Imported GUID: 0d4fc309a0784294c8ab658b53b12320 - Path: Packages/com.unity.test-framework/UnityEngine.TestRunner/NUnitExtensions/Commands/OuterUnityTestActionCommand.cs - Importer: ScriptedImporter/UnityEditor.QuickSearchModule:UnityEditor.Search:ASIAI0B -> (ImportResultId: 'd4b0c312abc00198c70724c415caba6b') in 0.0030748 seconds
[Worker0] Imported GUID: 3cf5cb9e1ef590c48b1f919f2a7bd895 - Path: Packages/com.unity.test-framework/UnityEngine.TestRunner/TestRunner/Callbacks/PlayModeRunnerCallback.cs - Importer: ScriptedImporter/UnityEditor.QuickSearchModule:UnityEditor.Search:ASIAI0B -> (ImportResultId: '699432ae33142e8f603d369a94a17ee3') in 0.005285 seconds
[Worker0] Imported GUID: 33e6b78c96bb0694e96383e3c56b7b54 - Path: Packages/com.unity.test-framework/UnityEngine.TestRunner/NUnitExtensions/Commands/TestCommandPcHelper.cs - Importer: ScriptedImporter/UnityEditor.QuickSearchModule:UnityEditor.Search:ASIAI0B -> (ImportResultId: '033cb4786fc4f31b2dc1cc33b5208178') in 0.003504 seconds
[Worker0] Imported GUID: 5b3e90046c38f1d4dad2e0d5a79e871c - Path: Packages/com.unity.test-framework/UnityEngine.TestRunner/NUnitExtensions/Runner/UnityWorkItemDataHolder.cs - Importer: ScriptedImporter/UnityEditor.QuickSearchModule:UnityEditor.Search:ASIAI0B -> (ImportResultId: 'c21edaea5474339fd8a831c25c4260a4') in 0.0036778 seconds
[Worker0] Imported GUID: 1e42d5fdba604f0786aac7fcaaa84cf7 - Path: Packages/com.unity.test-framework/UnityEngine.TestRunner/NUnitExtensions/Filters/EditorOnlyFilter.cs - Importer: ScriptedImporter/UnityEditor.QuickSearchModule:UnityEditor.Search:ASIAI0B -> (ImportResultId: 'b47524cd8c45169f6e602ea3ce41a651') in 0.004223 seconds
[Worker0] Imported GUID: c7cfda246e604b945b12b7afedb094ce - Path: Packages/com.unity.test-framework/UnityEngine.TestRunner/NUnitExtensions/Runner/DefaultTestWorkItem.cs - Importer: ScriptedImporter/UnityEditor.QuickSearchModule:UnityEditor.Search:ASIAI0B -> (ImportResultId: '4e334c614e57802ffd9a5796fbef15dd') in 0.0036174 seconds
[Worker0] Imported GUID: 19a6f000f81e24c4a826c1abd43e77c7 - Path: Packages/com.unity.test-framework/UnityEngine.TestRunner/NUnitExtensions/Commands/EnumerableTestMethodCommand.cs - Importer: ScriptedImporter/UnityEditor.QuickSearchModule:UnityEditor.Search:ASIAI0B -> (ImportResultId: 'ee0961cba5cc07295264c6b9c04f2b39') in 0.0030625 seconds
[Worker0] Imported GUID: fb593906b7b6d824087dcaebf6c082e0 - Path: Packages/com.unity.test-framework/UnityEngine.TestRunner/Utils/AssemblyProvider/AssemblyLoadProxy.cs - Importer: ScriptedImporter/UnityEditor.QuickSearchModule:UnityEditor.Search:ASIAI0B -> (ImportResultId: '6b8d79cbfa41f76203d043ac2026f1c0') in 0.0030119 seconds
[Worker0] Imported GUID: 8c20c76a75f088a46933d6a707744be4 - Path: Packages/com.unity.test-framework/UnityEngine.TestRunner/NUnitExtensions/Runner/ITestCommandWrapper.cs - Importer: ScriptedImporter/UnityEditor.QuickSearchModule:UnityEditor.Search:ASIAI0B -> (ImportResultId: '922ddc46cac369ebcb3d564ef222f429') in 0.0028545 seconds
[Worker0] Imported GUID: e948790d8b7e42e2abef6c45c5bc4c76 - Path: Packages/com.unity.test-framework/UnityEngine.TestRunner/NUnitExtensions/Filters/NonExplicitFilter.cs - Importer: ScriptedImporter/UnityEditor.QuickSearchModule:UnityEditor.Search:ASIAI0B -> (ImportResultId: 'e4f6259f1feeb802fb81c52bf2b2113c') in 0.0047986 seconds
[Worker0] Imported GUID: 03e4d63665d06f04c8a6cf68133c1592 - Path: Packages/com.unity.test-framework/UnityEngine.TestRunner/TestRunner/RemoteHelpers/RemoteTestResultData.cs - Importer: ScriptedImporter/UnityEditor.QuickSearchModule:UnityEditor.Search:ASIAI0B -> (ImportResultId: '5d4adc91addc3f7f02c121690fc26732') in 0.0046697 seconds
[Worker0] Imported GUID: 3b4429eff9fcffb48b006e8edcc90338 - Path: Packages/com.unity.test-framework/UnityEngine.TestRunner/NUnitExtensions/Commands/EnumerableApplyChangesToContextCommand.cs - Importer: ScriptedImporter/UnityEditor.QuickSearchModule:UnityEditor.Search:ASIAI0B -> (ImportResultId: '2affa863dcad4fd904ff59b733dfee9b') in 0.0036982 seconds
[Worker0] Imported GUID: 9bbdc426fc0a48e1b66deaac7ea8f64c - Path: Packages/com.unity.test-framework/UnityEngine.TestRunner/NUnitExtensions/Commands/IgnoreTest.cs - Importer: ScriptedImporter/UnityEditor.QuickSearchModule:UnityEditor.Search:ASIAI0B -> (ImportResultId: '9a1c1288e5c280434806136a76a256e3') in 0.0055416 seconds
[Worker0] Imported GUID: 874e40a588dbb1e48bc128d686337d4e - Path: Packages/com.unity.test-framework/UnityEngine.TestRunner/NUnitExtensions/Runner/UnityTestAssemblyRunner.cs - Importer: ScriptedImporter/UnityEditor.QuickSearchModule:UnityEditor.Search:ASIAI0B -> (ImportResultId: '4085f3796662f306eff7c4eeba168e7a') in 0.0036438 seconds
[Worker0] Imported GUID: dbd43d8a3b8122d4e89b055f53382b11 - Path: Packages/com.unity.test-framework/UnityEngine.TestRunner/NUnitExtensions/Runner/IEnumerableTestMethodCommand.cs - Importer: ScriptedImporter/UnityEditor.QuickSearchModule:UnityEditor.Search:ASIAI0B -> (ImportResultId: 'fd2e5d3155fdc234a057f0253d2e888f') in 0.004448 seconds
[Worker0] Imported GUID: cc294d4e597b4ba5acf52ad834cce210 - Path: Packages/com.unity.test-framework/UnityEngine.TestRunner/NUnitExtensions/Commands/StrictCheckCommand.cs - Importer: ScriptedImporter/UnityEditor.QuickSearchModule:UnityEditor.Search:ASIAI0B -> (ImportResultId: '34a0b77ace1b37a0d832154c6506eed6') in 0.0044963 seconds
[Worker0] Imported GUID: 356852e4738840b4b1ab533d3a66f0e1 - Path: Packages/com.unity.test-framework/UnityEngine.TestRunner/NUnitExtensions/Commands/EnumerableTestState.cs - Importer: ScriptedImporter/UnityEditor.QuickSearchModule:UnityEditor.Search:ASIAI0B -> (ImportResultId: '0a0eccb1287d7b2bde12928f444c6296') in 0.0034235 seconds
[Worker0] Imported GUID: 6de2f178a24cd2e48a0816cacd9a0583 - Path: Packages/com.unity.test-framework/UnityEngine.TestRunner/NUnitExtensions/Commands/EnumerableRetryTestCommand.cs - Importer: ScriptedImporter/UnityEditor.QuickSearchModule:UnityEditor.Search:ASIAI0B -> (ImportResultId: '52fdc928552c43881bf85931363fd584') in 0.0046045 seconds
[Worker0] Imported GUID: 94cf1990d9304aff8063ceaa4bc68f6d - Path: Packages/com.unity.test-framework/UnityEngine.TestRunner/NUnitExtensions/Filters/AndFilterExtended.cs - Importer: ScriptedImporter/UnityEditor.QuickSearchModule:UnityEditor.Search:ASIAI0B -> (ImportResultId: '5f62d29c05c73336e81da03ca9bbf364') in 0.004919 seconds
[Worker0] Imported GUID: 20793418366caf14293b29c55df5e9ec - Path: Packages/com.unity.test-framework/UnityEngine.TestRunner/TestRunner/Callbacks/RemoteTestResultSender.cs - Importer: ScriptedImporter/UnityEditor.QuickSearchModule:UnityEditor.Search:ASIAI0B -> (ImportResultId: '8cd4cda39fb96bde2b04a91abd020170') in 0.0032366 seconds
[Worker0] Imported GUID: 74987b94d22047d8b286a727906b7019 - Path: Packages/com.unity.test-framework/UnityEngine.TestRunner/NUnitExtensions/Commands/ParametrizedIgnoreCommand.cs - Importer: ScriptedImporter/UnityEditor.QuickSearchModule:UnityEditor.Search:ASIAI0B -> (ImportResultId: 'fc5d61e59aa78c37fd1e978a868636a6') in 0.004543 seconds
[Worker0] Imported GUID: ad85854b14d4140d88447bdce2fac91f - Path: Packages/com.unity.test-framework/UnityEngine.TestRunner/NUnitExtensions/Commands/TaskTestMethodCommand.cs - Importer: ScriptedImporter/UnityEditor.QuickSearchModule:UnityEditor.Search:ASIAI0B -> (ImportResultId: '1a42b484ebe19c453b1d0b6a74f9a865') in 0.0054372 seconds
[Worker0] Imported GUID: f07fb40f4e944ebeb84eb8f8a6bb5b13 - Path: Packages/com.unity.test-framework/UnityEngine.TestRunner/NUnitExtensions/Filters/FullNameFilter.cs - Importer: ScriptedImporter/UnityEditor.QuickSearchModule:UnityEditor.Search:ASIAI0B -> (ImportResultId: '9a05eacb615fb4d12e3506e21fecc718') in 0.0033345 seconds
[Worker0] Imported GUID: f8ed0b11850145c4995dd76170bb2500 - Path: Packages/com.unity.test-framework/UnityEngine.TestRunner/TestRunner/Callbacks/PlayerQuitHandler.cs - Importer: ScriptedImporter/UnityEditor.QuickSearchModule:UnityEditor.Search:ASIAI0B -> (ImportResultId: 'e21b7f652d372f3c1a6370c93aed423b') in 0.0033362 seconds
[Worker0] Imported GUID: b97961a82e5e4e66b8f6fa0ce8b5b9e2 - Path: Packages/com.unity.test-framework/UnityEngine.TestRunner/NUnitExtensions/Runner/FeatureFlags.cs - Importer: ScriptedImporter/UnityEditor.QuickSearchModule:UnityEditor.Search:ASIAI0B -> (ImportResultId: '3ab1e24e4c9d17c22f0b7d9daa981103') in 0.0030492 seconds
[Worker0] Imported GUID: 7f65567c9026afb4db5de3355accc636 - Path: Packages/com.unity.test-framework/UnityEngine.TestRunner/NUnitExtensions/Commands/BeforeAfterTestCommandState.cs - Importer: ScriptedImporter/UnityEditor.QuickSearchModule:UnityEditor.Search:ASIAI0B -> (ImportResultId: '19036132b4897f516c658cdd923ec6c8') in 0.0058595 seconds
[Worker0] Imported GUID: 43a3aec217baa9644a7cf34b5f93fed9 - Path: Packages/com.unity.test-framework/UnityEngine.TestRunner/Utils/AssemblyProvider/PlayerTestAssemblyProvider.cs - Importer: ScriptedImporter/UnityEditor.QuickSearchModule:UnityEditor.Search:ASIAI0B -> (ImportResultId: '2746404a970b5ab3b12611e017e0fc01') in 0.0037465 seconds
[Worker0] Imported GUID: 881143a1a3652e343bdcc07166d6f6f6 - Path: Packages/com.unity.test-framework/UnityEditor.TestRunner/TestRun/Tasks/Scene/SaveModifiedSceneTask.cs - Importer: ScriptedImporter/UnityEditor.QuickSearchModule:UnityEditor.Search:ASIAI0B -> (ImportResultId: 'a378329e62fc54b0f00ad5890558f160') in 0.0037995 seconds
[Worker0] Imported GUID: ab19dca503e90904e95faefddb68150d - Path: Packages/com.unity.test-framework/UnityEditor.TestRunner/TestRun/Tasks/Scene/ReloadModifiedScenesTask.cs - Importer: ScriptedImporter/UnityEditor.QuickSearchModule:UnityEditor.Search:ASIAI0B -> (ImportResultId: 'e5bdf699e3c790b4521110f5c6371224') in 0.0046138 seconds
[Worker0] Imported GUID: f3a361a6ad1aff14ba8f48976e94ad76 - Path: Packages/com.unity.test-framework/UnityEngine.TestRunner/Utils/AssemblyProvider/ScriptingRuntimeProxy.cs - Importer: ScriptedImporter/UnityEditor.QuickSearchModule:UnityEditor.Search:ASIAI0B -> (ImportResultId: '03ee033329769505a95f5db9e9a577ad') in 0.0048911 seconds
[Worker0] Imported GUID: 4f0f9b9f3ed97ad2b9ba8f1a8e4666c2 - Path: Packages/com.unity.modules.uielements/package.json - Importer: ScriptedImporter/UnityEditor.QuickSearchModule:UnityEditor.Search:ASIAI0B -> (ImportResultId: 'cd1fe113317d22af1efb319aeff7cb42') in 0.0043903 seconds
[Worker0] Imported GUID: 31d26a10516a4ac7a9bfdcac13a6386e - Path: Packages/com.unity.test-framework/UnityEditor.TestRunner/TestRun/Tasks/Platform/PlatformSpecificSuccessfulLaunchTask.cs - Importer: ScriptedImporter/UnityEditor.QuickSearchModule:UnityEditor.Search:ASIAI0B -> (ImportResultId: '61495e8dd2476f5db6b0e54bdc4382bc') in 0.0042395 seconds
[Worker0] Imported GUID: 96d14b71b907bb52333b2886e665aba6 - Path: Packages/com.unity.modules.video/package.json - Importer: ScriptedImporter/UnityEditor.QuickSearchModule:UnityEditor.Search:ASIAI0B -> (ImportResultId: '65c13d304de92d774362d0c4e8401cc0') in 0.0038805 seconds
[Worker0] Imported GUID: 1c5afe945b715e149a70113a4be7b32a - Path: Packages/com.unity.test-framework/UnityEngine.TestRunner/Utils/AssemblyProvider/IAssemblyWrapper.cs - Importer: ScriptedImporter/UnityEditor.QuickSearchModule:UnityEditor.Search:ASIAI0B -> (ImportResultId: '8f8ad06a42032ee4ef83006931eec303') in 0.0070033 seconds
[Worker0] Imported GUID: 337f28535644395459f6de8c60d9db37 - Path: Packages/com.unity.test-framework/UnityEditor.TestRunner/TestRun/Tasks/Scene/RestoreSceneSetupTask.cs - Importer: ScriptedImporter/UnityEditor.QuickSearchModule:UnityEditor.Search:ASIAI0B -> (ImportResultId: 'f4c3eaa5db71744c18a31b885a4a0052') in 0.005009 seconds
[Worker0] Imported GUID: f2675f346a0926b4aa7928805fd8bc9c - Path: Packages/com.unity.test-framework/UnityEditor.TestRunner/TestRun/Tasks/Events/CreateEventsTask.cs - Importer: ScriptedImporter/UnityEditor.QuickSearchModule:UnityEditor.Search:ASIAI0B -> (ImportResultId: '6c2a0d9bb9130ea54ec83495b04bc3c9') in 0.0040448 seconds
[Worker0] Imported GUID: 9b1a5759726ef9d39a0ab82047b615f1 - Path: Packages/com.unity.modules.hierarchycore/package.json - Importer: ScriptedImporter/UnityEditor.QuickSearchModule:UnityEditor.Search:ASIAI0B -> (ImportResultId: '8a1363c8a1c28c824c418ad4eaf817d3') in 0.0041057 seconds
[Worker0] Imported GUID: 5598b14661b5f4c43bed757f34b6d172 - Path: Packages/com.unity.ide.rider/LICENSE.md - Importer: ScriptedImporter/UnityEditor.QuickSearchModule:UnityEditor.Search:ASIAI0B -> (ImportResultId: '675e91b0be877ff23c3efe8755b17bbb') in 0.0057959 seconds
[Worker0] Imported GUID: 49284fdc918b491aa9f4439e6cc59c9c - Path: Packages/com.unity.test-framework/UnityEditor.TestRunner/TestRun/Tasks/Platform/PlatformSpecificSetupTask.cs - Importer: ScriptedImporter/UnityEditor.QuickSearchModule:UnityEditor.Search:ASIAI0B -> (ImportResultId: 'dd557386fdd453a0b41e2d08fd8656c1') in 0.0049633 seconds
[Worker0] Imported GUID: ae87256f29d9c8b50490f4caf75b2c41 - Path: Packages/com.unity.modules.unitywebrequestwww/package.ModuleCompilationTrigger - Importer: ScriptedImporter/UnityEditor.QuickSearchModule:UnityEditor.Search:ASIAI0B -> (ImportResultId: '00e1e719ed619a742ff7109e3d9e3343') in 0.0037626 seconds
[Worker0] Imported GUID: 6dff66623000ef448ab68db41d803d95 - Path: Packages/com.unity.test-framework/UnityEditor.TestRunner/TestRun/Tasks/Scene/CreateNewSceneTask.cs - Importer: ScriptedImporter/UnityEditor.QuickSearchModule:UnityEditor.Search:ASIAI0B -> (ImportResultId: 'cb26617ff111a0a9881e526cbd7f587f') in 0.0031729 seconds
[Worker0] Imported GUID: c5c78f2ef0d32a948bbb93266ef69a6a - Path: Packages/com.unity.test-framework/UnityEditor.TestRunner/TestRun/Tasks/Events/UpdateTestProgressTask.cs - Importer: ScriptedImporter/UnityEditor.QuickSearchModule:UnityEditor.Search:ASIAI0B -> (ImportResultId: '39d80d0704d8e178113c5ae8045457c8') in 0.003939 seconds
[Worker0] Imported GUID: 5da62a0c1c5218c4aa16b74546a7822d - Path: Packages/com.unity.ext.nunit/README.md - Importer: ScriptedImporter/UnityEditor.QuickSearchModule:UnityEditor.Search:ASIAI0B -> (ImportResultId: '5ce18fd2fee77f2ca9547aae91987f49') in 0.0037001 seconds
[Worker0] Imported GUID: 8d4bc6bfa28760b29f13174d6b6ea710 - Path: Packages/com.unity.modules.subsystems/package.ModuleCompilationTrigger - Importer: ScriptedImporter/UnityEditor.QuickSearchModule:UnityEditor.Search:ASIAI0B -> (ImportResultId: '50f6f37a25746ae9b38a8cf341a99da7') in 0.0045838 seconds
[Worker0] Imported GUID: 66c95bb3c74257f41bae2622511dc02d - Path: Packages/com.unity.ide.rider/package.json - Importer: ScriptedImporter/UnityEditor.QuickSearchModule:UnityEditor.Search:ASIAI0B -> (ImportResultId: '120da9594b066edbf1dbc238e466105b') in 0.0025129 seconds
[Worker0] Imported GUID: 311d065aced2092409deadf0c0934f61 - Path: Packages/com.unity.test-framework/UnityEditor.TestRunner/TestRun/Tasks/Events/RegisterCallbackDelegatorEventsTask.cs - Importer: ScriptedImporter/UnityEditor.QuickSearchModule:UnityEditor.Search:ASIAI0B -> (ImportResultId: 'ce1a67896ce4ba2a25de81ea68be7325') in 0.0038 seconds
[Worker0] Imported GUID: 5e83f8baac96eaa47bdd9ca781cd2002 - Path: Packages/com.unity.ide.rider/CONTRIBUTING.md - Importer: ScriptedImporter/UnityEditor.QuickSearchModule:UnityEditor.Search:ASIAI0B -> (ImportResultId: '349c97e58da72688809852de5364dc3d') in 0.0027582 seconds
[Worker0] Imported GUID: c24a1e88fc49dce47930834ff9997443 - Path: Packages/com.unity.test-framework/UnityEditor.TestRunner/TestRun/Tasks/Scene/ISceneWrapper.cs - Importer: ScriptedImporter/UnityEditor.QuickSearchModule:UnityEditor.Search:ASIAI0B -> (ImportResultId: '7fea5e62f2d7b2ed8ea19e0311c533ee') in 0.0046026 seconds
[Worker0] Imported GUID: 8645aa9c3c74fb34ba9499e14fb332b5 - Path: Packages/com.unity.ide.rider/CHANGELOG.md - Importer: ScriptedImporter/UnityEditor.QuickSearchModule:UnityEditor.Search:ASIAI0B -> (ImportResultId: '04f4e09a798159237835e110991c1bb3') in 0.0028926 seconds
[Worker0] Imported GUID: 17f093324b67f5bd57e55b546736750e - Path: Packages/com.unity.modules.particlesystem/package.ModuleCompilationTrigger - Importer: ScriptedImporter/UnityEditor.QuickSearchModule:UnityEditor.Search:ASIAI0B -> (ImportResultId: '1e18125dd9684d1261cc5d741a6df650') in 0.0041485 seconds
[Worker0] Imported GUID: 87d720faa37005c08600090e04d8c739 - Path: Packages/com.unity.modules.particlesystem/package.json - Importer: ScriptedImporter/UnityEditor.QuickSearchModule:UnityEditor.Search:ASIAI0B -> (ImportResultId: 'a0da74b53e4bf04efdff46f7c2eb7398') in 0.002771 seconds
[Worker0] Imported GUID: fe4aef60e4ace544c8430da8ef8acba2 - Path: Packages/com.unity.test-framework/UnityEngine.TestRunner/Utils/AssemblyProvider/IScriptingRuntimeProxy.cs - Importer: ScriptedImporter/UnityEditor.QuickSearchModule:UnityEditor.Search:ASIAI0B -> (ImportResultId: '8578dda574276395d89951e03fa567bb') in 0.0039218 seconds
[Worker0] Imported GUID: e2d09a26ce46dc617b54e49a534ace20 - Path: Packages/com.unity.modules.ai/package.ModuleCompilationTrigger - Importer: ScriptedImporter/UnityEditor.QuickSearchModule:UnityEditor.Search:ASIAI0B -> (ImportResultId: '3fcb230ff7e489b57e15fa5b777d8096') in 0.0030346 seconds
[Worker0] Imported GUID: e59094b434ebb46e6844f02ec9c4dc42 - Path: Packages/com.unity.ext.nunit/net472/unity-custom/nunit.framework.dll - Importer: ScriptedImporter/UnityEditor.QuickSearchModule:UnityEditor.Search:ASIAI0B -> (ImportResultId: 'd2ea330751e318167f98a94671ef471f') in 0.0304721 seconds
[Worker0] Imported GUID: a8ea9765889ae054c9b32cce583af855 - Path: Packages/com.unity.test-framework/UnityEditor.TestRunner/TestRun/Tasks/Events/RunFinishedInvocationEvent.cs - Importer: ScriptedImporter/UnityEditor.QuickSearchModule:UnityEditor.Search:ASIAI0B -> (ImportResultId: '916051ffb18227badd55dca7c9c5196c') in 0.0029639 seconds
[Worker0] Imported GUID: 57e7d752d8e6494b9aca2f2724b98761 - Path: Packages/com.unity.test-framework/UnityEditor.TestRunner/TestRun/Tasks/Platform/PlatformSpecificSuccessfulBuildTask.cs - Importer: ScriptedImporter/UnityEditor.QuickSearchModule:UnityEditor.Search:ASIAI0B -> (ImportResultId: '2c67e880ef1521543dfb544da3e7dbb3') in 0.0030217 seconds
[Worker0] Imported GUID: 006c3457e983424bbdead50009cd0e00 - Path: Packages/com.unity.test-framework/UnityEditor.TestRunner/TestRun/Tasks/Player/DetermineRuntimePlatformTask.cs - Importer: ScriptedImporter/UnityEditor.QuickSearchModule:UnityEditor.Search:ASIAI0B -> (ImportResultId: '28d2d245d490a0c240bdf9df1746f97c') in 0.0031622 seconds
[Worker0] Imported GUID: d104359075a97392b803d3d5aebc77f7 - Path: Packages/com.unity.modules.hierarchycore/package.ModuleCompilationTrigger - Importer: ScriptedImporter/UnityEditor.QuickSearchModule:UnityEditor.Search:ASIAI0B -> (ImportResultId: 'ef6752d691c614279874b433e2a51432') in 0.0040868 seconds
[Worker0] Imported GUID: d528c8c98d269ca44a06cd9624a03945 - Path: Packages/com.unity.ide.rider/Rider/Editor/com.unity.ide.rider.asmdef - Importer: ScriptedImporter/UnityEditor.QuickSearchModule:UnityEditor.Search:ASIAI0B -> (ImportResultId: 'cad4f96e0a912340e5f92c4a57a55b3d') in 0.0037998 seconds
[Worker0] Imported GUID: f62135e79edb837b2d2ee3c524da864c - Path: Packages/com.unity.modules.video/package.ModuleCompilationTrigger - Importer: ScriptedImporter/UnityEditor.QuickSearchModule:UnityEditor.Search:ASIAI0B -> (ImportResultId: 'dd707d11a58b93ffa1ddda8ad19417d0') in 0.0037849 seconds
[Worker0] Imported GUID: 8a752aaaadd2410dd9a84e01c1bace9f - Path: Packages/com.unity.modules.uielements/package.ModuleCompilationTrigger - Importer: ScriptedImporter/UnityEditor.QuickSearchModule:UnityEditor.Search:ASIAI0B -> (ImportResultId: '07c6f7bd42fb9268dcfce2d8b867101d') in 0.0047254 seconds
[Worker0] Imported GUID: 8143d3a8390f2c64685e3bc272bd9e90 - Path: Packages/com.unity.ext.nunit/package.json - Importer: ScriptedImporter/UnityEditor.QuickSearchModule:UnityEditor.Search:ASIAI0B -> (ImportResultId: '054c310bf6c2924aa6b78a1cdeefcc12') in 0.0028606 seconds
[Worker0] Imported GUID: 59267e29055f657429098a57e13debe1 - Path: Packages/com.unity.test-framework/UnityEditor.TestRunner/TestRun/Tasks/Events/RunStartedInvocationEvent.cs - Importer: ScriptedImporter/UnityEditor.QuickSearchModule:UnityEditor.Search:ASIAI0B -> (ImportResultId: '404db581af4a3b11143b7baaa7443dd0') in 0.004833 seconds
[Worker0] Imported GUID: e9df95f53f1c1d0c9199e235d6c42b50 - Path: Packages/com.unity.modules.audio/package.json - Importer: ScriptedImporter/UnityEditor.QuickSearchModule:UnityEditor.Search:ASIAI0B -> (ImportResultId: '53c7c0662d778d4c67c890c75086a15d') in 0.0043238 seconds
[Worker0] Imported GUID: 2c814623cb42764d304be0c5ddd03ceb - Path: Packages/com.unity.modules.xr/package.json - Importer: ScriptedImporter/UnityEditor.QuickSearchModule:UnityEditor.Search:ASIAI0B -> (ImportResultId: '12e3107132cfc545e705f838fb1dd4a5') in 0.0040473 seconds
[Worker0] Imported GUID: 164c9b1458eaab743a4b45c37a4d720d - Path: Packages/com.unity.test-framework/UnityEngine.TestRunner/Utils/MonoBehaviourTest/MonoBehaviourTest.cs - Importer: ScriptedImporter/UnityEditor.QuickSearchModule:UnityEditor.Search:ASIAI0B -> (ImportResultId: '3ecf05322307393ee036ca77aeadc5d5') in 0.0032843 seconds
[Worker0] Imported GUID: e5c46c19ce0ce2e0103aa6f82df1043a - Path: Packages/com.unity.modules.vehicles/package.ModuleCompilationTrigger - Importer: ScriptedImporter/UnityEditor.QuickSearchModule:UnityEditor.Search:ASIAI0B -> (ImportResultId: '4a30fbc19392fa2de34282a9b696e39f') in 0.003621 seconds
[Worker0] Imported GUID: c7a8b0317f4e68556d7509828e9e211e - Path: Packages/com.unity.modules.xr/package.ModuleCompilationTrigger - Importer: ScriptedImporter/UnityEditor.QuickSearchModule:UnityEditor.Search:ASIAI0B -> (ImportResultId: 'd3af167baab3b483d9e858657425b290') in 0.0047852 seconds
[Worker0] Imported GUID: 830a36a23cf3ab1e61fa47940a6dc35e - Path: Packages/com.unity.modules.imageconversion/package.ModuleCompilationTrigger - Importer: ScriptedImporter/UnityEditor.QuickSearchModule:UnityEditor.Search:ASIAI0B -> (ImportResultId: '64314e175fb8d862bdd37ab49037abc4') in 0.0032247 seconds
[Worker0] Imported GUID: f49bbe06ffa5ae24abe32abdab430c24 - Path: Packages/com.unity.ext.nunit/CHANGELOG.md - Importer: ScriptedImporter/UnityEditor.QuickSearchModule:UnityEditor.Search:ASIAI0B -> (ImportResultId: 'a88c52deaae98607c4f595c09f59807c') in 0.0026343 seconds
[Worker0] Imported GUID: 953fab16d15d5885b3600fcd6388b2ad - Path: Packages/com.unity.modules.imageconversion/package.json - Importer: ScriptedImporter/UnityEditor.QuickSearchModule:UnityEditor.Search:ASIAI0B -> (ImportResultId: 'b3461699cd56c0ad3ea3c27f983db2bc') in 0.0029067 seconds
[Worker0] Imported GUID: 6afb166a156df2d20433d981f4bb2832 - Path: Packages/com.unity.modules.vehicles/package.json - Importer: ScriptedImporter/UnityEditor.QuickSearchModule:UnityEditor.Search:ASIAI0B -> (ImportResultId: 'f761e41a2ac30982fc3152686e6938e5') in 0.0029424 seconds
[Worker0] Imported GUID: 646cce3bdb8d461d980d11d729ab3312 - Path: Packages/com.unity.test-framework/UnityEditor.TestRunner/TestRun/Tasks/Platform/PlatformSpecificPostBuildTask.cs - Importer: ScriptedImporter/UnityEditor.QuickSearchModule:UnityEditor.Search:ASIAI0B -> (ImportResultId: '26348910689685675cf981f3cd8e60d3') in 0.0031285 seconds
[Worker0] Imported GUID: a002d3737b873954395b7cf862873ab8 - Path: Packages/com.unity.test-framework/UnityEngine.TestRunner/Utils/MonoBehaviourTest/IMonoBehaviourTest.cs - Importer: ScriptedImporter/UnityEditor.QuickSearchModule:UnityEditor.Search:ASIAI0B -> (ImportResultId: 'e6f5ebcca0f481e57e24b67259cdc4fe') in 0.0032102 seconds
[Worker0] Imported GUID: f9bd02a3a916be64c9b47b1305149423 - Path: Packages/com.unity.ide.rider/Rider/Editor/EditorPluginInterop.cs - Importer: ScriptedImporter/UnityEditor.QuickSearchModule:UnityEditor.Search:ASIAI0B -> (ImportResultId: '077a7e72715ca49ec91a2481471fe4b2') in 0.0032187 seconds
[Worker0] Imported GUID: d85e5eeaf8f135aeaaebdc8aa3cff6c3 - Path: Packages/com.unity.modules.umbra/package.json - Importer: ScriptedImporter/UnityEditor.QuickSearchModule:UnityEditor.Search:ASIAI0B -> (ImportResultId: 'd2d7511eb4685d90a28477ca5c3e39b8') in 0.0034901 seconds
[Worker0] Imported GUID: dab656c79e1985c40b31faebcda44442 - Path: Packages/com.unity.ide.rider/Rider/Editor/Discovery.cs - Importer: ScriptedImporter/UnityEditor.QuickSearchModule:UnityEditor.Search:ASIAI0B -> (ImportResultId: '4043c790acfb5bb91c4a39f48285a082') in 0.0035875 seconds
[Worker0] Imported GUID: f0f13f2ab3d6d13cfc6e4656824bfca8 - Path: Packages/com.unity.modules.ai/package.json - Importer: ScriptedImporter/UnityEditor.QuickSearchModule:UnityEditor.Search:ASIAI0B -> (ImportResultId: '4b15f43f719a7bc417590a9bc225e1d7') in 0.0032211 seconds
[Worker0] Imported GUID: 5c4d36a13e7466e43940732365f53bf1 - Path: Packages/com.unity.test-framework/UnityEditor.TestRunner/TestRun/Tasks/Scene/StoreSceneSetupTask.cs - Importer: ScriptedImporter/UnityEditor.QuickSearchModule:UnityEditor.Search:ASIAI0B -> (ImportResultId: '24243307f85b79a5f50f1c18f83261d1') in 0.0032095 seconds
[Worker0] Imported GUID: 43c24fd91e60170469bfb8d79c565ad3 - Path: Packages/com.unity.test-framework/UnityEditor.TestRunner/TestRun/Tasks/Scene/SceneWrapper.cs - Importer: ScriptedImporter/UnityEditor.QuickSearchModule:UnityEditor.Search:ASIAI0B -> (ImportResultId: 'f94adcebfa5610b121833af630ce0728') in 0.0034092 seconds
[Worker0] Imported GUID: d9b3520efe42f4ee887f8b99b7e1deae - Path: Packages/com.unity.test-framework/UnityEditor.TestRunner/TestRun/Tasks/Events/RegisterTestRunCallbackEventsTask.cs - Importer: ScriptedImporter/UnityEditor.QuickSearchModule:UnityEditor.Search:ASIAI0B -> (ImportResultId: '0e54e563bde34f041cf8f874a810f816') in 0.0049159 seconds
[Worker0] Imported GUID: 1b6246f2248883964991eac9e9b4817c - Path: Packages/com.unity.modules.umbra/package.ModuleCompilationTrigger - Importer: ScriptedImporter/UnityEditor.QuickSearchModule:UnityEditor.Search:ASIAI0B -> (ImportResultId: '17320300e39063d8d606a6f19947ebac') in 0.0033173 seconds
[Worker0] Imported GUID: e02e76bfece9a28408e2e7dcb2e14b8f - Path: Packages/com.unity.test-framework/UnityEditor.TestRunner/TestRun/Tasks/Scene/RemoveAdditionalUntitledSceneTask.cs - Importer: ScriptedImporter/UnityEditor.QuickSearchModule:UnityEditor.Search:ASIAI0B -> (ImportResultId: '271424ad1dd2bc3af5999162b2686aac') in 0.0034767 seconds
[Worker0] Imported GUID: f91a00d2dca52b843b2d50ccf750737d - Path: Packages/com.unity.ext.nunit/LICENSE.md - Importer: ScriptedImporter/UnityEditor.QuickSearchModule:UnityEditor.Search:ASIAI0B -> (ImportResultId: '2c6359e96f1364ca6618a55521f0e6fa') in 0.0043211 seconds
[Worker0] Imported GUID: 042dc296246916648e55a43d0eeb2036 - Path: Packages/com.unity.modules.audio/package.ModuleCompilationTrigger - Importer: ScriptedImporter/UnityEditor.QuickSearchModule:UnityEditor.Search:ASIAI0B -> (ImportResultId: '46b714b64fd7259fa5005064942ba89d') in 0.0028815 seconds
[Worker0] Imported GUID: bfcb3ba499f7d452b92d9a9cc3378788 - Path: Packages/com.unity.ext.nunit/Third Party Notices.md - Importer: ScriptedImporter/UnityEditor.QuickSearchModule:UnityEditor.Search:ASIAI0B -> (ImportResultId: '4568ec801a253f5d0d1a612f091029a9') in 0.0024485 seconds
[Worker0] Imported GUID: b6029123aa4ab4e0481a4b3ad8a15af9 - Path: Packages/com.unity.ide.rider/ValidationExceptions.json - Importer: ScriptedImporter/UnityEditor.QuickSearchModule:UnityEditor.Search:ASIAI0B -> (ImportResultId: '1c3a334fbad8741443e6f3dd8bb94ec5') in 0.0022433 seconds
[Worker0] Imported GUID: 30b312a167534621b316172253b08723 - Path: Packages/com.unity.modules.subsystems/package.json - Importer: ScriptedImporter/UnityEditor.QuickSearchModule:UnityEditor.Search:ASIAI0B -> (ImportResultId: '0ecae7a20773362602c60a43f4ebe500') in 0.0029193 seconds
[Worker0] Imported GUID: fa27413e9edb06a6058d6c894eca0338 - Path: Packages/com.unity.modules.unitywebrequestwww/package.json - Importer: ScriptedImporter/UnityEditor.QuickSearchModule:UnityEditor.Search:ASIAI0B -> (ImportResultId: '9cbaf8953808e62b7b17dc4763a82333') in 0.0040882 seconds
[Worker0] Imported GUID: 0f3326f97c0d472bac74dc480099f983 - Path: Packages/com.unity.test-framework/UnityEditor.TestRunner/TestRun/Tasks/Platform/PlatformSpecificCleanupTask.cs - Importer: ScriptedImporter/UnityEditor.QuickSearchModule:UnityEditor.Search:ASIAI0B -> (ImportResultId: '0b889d44eeb4bc7f2b2aefc8378a3cce') in 0.0041408 seconds
[Worker0] Imported GUID: f079e3afd077fb94fa2bda74d6409499 - Path: Packages/com.unity.ide.rider/Rider/Editor/RiderScriptEditorData.cs - Importer: ScriptedImporter/UnityEditor.QuickSearchModule:UnityEditor.Search:ASIAI0B -> (ImportResultId: '6b1ba3c3e4a638f1cadad5257a535a96') in 0.0044653 seconds
[Worker0] Imported GUID: 45471ad7b8c1f964da5e3c07d57fbf4f - Path: Packages/com.unity.ide.rider/Rider/Editor/PostProcessors/RiderAssetPostprocessor.cs - Importer: ScriptedImporter/UnityEditor.QuickSearchModule:UnityEditor.Search:ASIAI0B -> (ImportResultId: 'ecff25498aa4b3d1dbf44bbd03bdcee0') in 0.0048091 seconds
[Worker0] Imported GUID: fe6a6957b37b61417b457a1e0541791d - Path: Packages/com.unity.modules.physics2d/package.ModuleCompilationTrigger - Importer: ScriptedImporter/UnityEditor.QuickSearchModule:UnityEditor.Search:ASIAI0B -> (ImportResultId: '31d952921e4df80700da8ad3fbc1454c') in 0.003122 seconds
[Worker0] Imported GUID: 8472c6472e6d4301873871a9e8fcf952 - Path: Packages/com.unity.ide.rider/Rider/Editor/Properties/AssemblyInfo.cs - Importer: ScriptedImporter/UnityEditor.QuickSearchModule:UnityEditor.Search:ASIAI0B -> (ImportResultId: 'da6edadfe638bd2b6a545536ea17c370') in 0.0028394 seconds
[Worker0] Imported GUID: 4745d06d5a7ca576dcf9e5e67b417652 - Path: Packages/com.unity.modules.accessibility/package.ModuleCompilationTrigger - Importer: ScriptedImporter/UnityEditor.QuickSearchModule:UnityEditor.Search:ASIAI0B -> (ImportResultId: '33f8c4f8eddb877d65f46cc0bb76c6d9') in 0.0039943 seconds
[Worker0] Imported GUID: 3e4e7fdc19414089a0fb43e43b1bdae1 - Path: Packages/com.unity.ide.rider/Rider/Editor/ProjectGeneration/SolutionGuidGenerator.cs - Importer: ScriptedImporter/UnityEditor.QuickSearchModule:UnityEditor.Search:ASIAI0B -> (ImportResultId: '2f6b3de6e7b80d0c59308e19224a5992') in 0.0028409 seconds
[Worker0] Imported GUID: 56f347f155204ffebacb6ed6f4a4e65f - Path: Packages/com.unity.ide.rider/Rider/Editor/RiderStyles.cs - Importer: ScriptedImporter/UnityEditor.QuickSearchModule:UnityEditor.Search:ASIAI0B -> (ImportResultId: '83d6b49ab51b24afff2beb9b41baac4f') in 0.0026684 seconds
[Worker0] Imported GUID: 22608619ec9a4b1db7417e80c3123098 - Path: Packages/com.unity.ide.rider/Rider/Editor/Util/UnityVersionUtils.cs - Importer: ScriptedImporter/UnityEditor.QuickSearchModule:UnityEditor.Search:ASIAI0B -> (ImportResultId: '3ab43dcc015dd7a28e43a66195b907c8') in 0.002453 seconds
[Worker0] Imported GUID: 48483563a64de3a4e8690122762055f1 - Path: Packages/com.unity.ide.rider/Rider/Editor/UnitTesting/SyncTestRunEventsHandler.cs - Importer: ScriptedImporter/UnityEditor.QuickSearchModule:UnityEditor.Search:ASIAI0B -> (ImportResultId: '88fa4ae844ea23735457efbad2604dbe') in 0.004749 seconds
[Worker0] Imported GUID: 071c17858dc6c47ada7b2a1f1ded5402 - Path: Packages/com.unity.ide.rider/Rider/Editor/Util/LibcNativeInterop.cs - Importer: ScriptedImporter/UnityEditor.QuickSearchModule:UnityEditor.Search:ASIAI0B -> (ImportResultId: 'f1ad83a715d77236ee6e5ccd0c298c39') in 0.0027181 seconds
[Worker0] Imported GUID: a6ba838b1348d5e46a7eaacd1646c1d3 - Path: Packages/com.unity.ide.rider/Rider/Editor/ProjectGeneration/FileIOProvider.cs - Importer: ScriptedImporter/UnityEditor.QuickSearchModule:UnityEditor.Search:ASIAI0B -> (ImportResultId: '42e362054a7e76cde6eeeb2c66556408') in 0.0030202 seconds
[Worker0] Imported GUID: 7019e230344c48d4b81602e2e978e5de - Path: Packages/com.unity.ide.rider/Rider/Editor/ProjectGeneration/LastWriteTracker.cs - Importer: ScriptedImporter/UnityEditor.QuickSearchModule:UnityEditor.Search:ASIAI0B -> (ImportResultId: '73d1c1a66932e170e001635eeddb46b2') in 0.0026757 seconds
[Worker0] Imported GUID: ea3ec41b33345cd4f9298a51abdaa198 - Path: Packages/com.unity.ide.rider/Rider/Editor/JetBrains.Rider.PathLocator.dll - Importer: ScriptedImporter/UnityEditor.QuickSearchModule:UnityEditor.Search:ASIAI0B -> (ImportResultId: 'df193cdc3e858038805f6324c85c08a6') in 0.0071162 seconds
[Worker0] Imported GUID: 3cc1ebf2abb7fef6871ad48f499b6e21 - Path: Packages/com.unity.modules.vectorgraphics/package.ModuleCompilationTrigger - Importer: ScriptedImporter/UnityEditor.QuickSearchModule:UnityEditor.Search:ASIAI0B -> (ImportResultId: '76fec7efdbbdb5f93e30c7b4afb08379') in 0.0029941 seconds
[Worker0] Imported GUID: 4d34a9510a5b9d21381c93e73867a193 - Path: Packages/com.unity.ide.rider/Rider/Editor/Util/RiderPathUtil.cs - Importer: ScriptedImporter/UnityEditor.QuickSearchModule:UnityEditor.Search:ASIAI0B -> (ImportResultId: 'b61085962a2fee75e66ee6bfef3f95f8') in 0.0030096 seconds
[Worker0] Imported GUID: d2ec2d1228c8e67cdd913cb5609176a2 - Path: Packages/com.unity.modules.unitywebrequest/package.ModuleCompilationTrigger - Importer: ScriptedImporter/UnityEditor.QuickSearchModule:UnityEditor.Search:ASIAI0B -> (ImportResultId: 'eece351c35ac4045ee1d29ed26e41600') in 0.0029885 seconds
[Worker0] Imported GUID: 302b1bdfb7a645db994491799832912b - Path: Packages/com.unity.ide.rider/Rider/Editor/Util/StringBuilderExtensions.cs - Importer: ScriptedImporter/UnityEditor.QuickSearchModule:UnityEditor.Search:ASIAI0B -> (ImportResultId: '8c21d6ece2ecb395ca9a337dae1c49c2') in 0.0037819 seconds
[Worker0] Imported GUID: 5eea837708474d7e9c1cb4b2eca0213f - Path: Packages/com.unity.ide.rider/Rider/Editor/ProjectGeneration/IAssemblyNameProvider.cs - Importer: ScriptedImporter/UnityEditor.QuickSearchModule:UnityEditor.Search:ASIAI0B -> (ImportResultId: 'cf4d1ab6a9af312366e53607ee027cc5') in 0.0043804 seconds
[Worker0] Imported GUID: aa1c6b1a353ab464782fc1e7c051eb02 - Path: Packages/com.unity.ide.rider/Rider/Editor/UnitTesting/CallbackInitializer.cs - Importer: ScriptedImporter/UnityEditor.QuickSearchModule:UnityEditor.Search:ASIAI0B -> (ImportResultId: '10f3e8632193f8fc94ae6cb6449c9d8e') in 0.0028571 seconds
[Worker0] Imported GUID: 39cb9ab8a3b2452cbf58ffbea841d203 - Path: Packages/com.unity.ide.rider/Rider/Editor/ProjectGeneration/IGenerator.cs - Importer: ScriptedImporter/UnityEditor.QuickSearchModule:UnityEditor.Search:ASIAI0B -> (ImportResultId: 'd3bb4189bc6ace93877a01d37a54819c') in 0.0035958 seconds
[Worker0] Imported GUID: 154ace4bd16de9f4e84052ac257786d6 - Path: Packages/com.unity.ide.rider/Rider/Editor/Util/CommandLineParser.cs - Importer: ScriptedImporter/UnityEditor.QuickSearchModule:UnityEditor.Search:ASIAI0B -> (ImportResultId: '91163789793a206d7a8970fb033fdf10') in 0.0036055 seconds
[Worker0] Imported GUID: 1bdab5b8331b4506bf4eae379235c053 - Path: Packages/com.unity.ide.rider/Rider/Editor/ProjectGeneration/IFileIO.cs - Importer: ScriptedImporter/UnityEditor.QuickSearchModule:UnityEditor.Search:ASIAI0B -> (ImportResultId: '1a10f316098706815dc943157fa8bc14') in 0.0028128 seconds
[Worker0] Imported GUID: f5a0cc9645f0e2d4fb816156dcf3f4dd - Path: Packages/com.unity.ide.rider/Rider/Editor/RiderInitializer.cs - Importer: ScriptedImporter/UnityEditor.QuickSearchModule:UnityEditor.Search:ASIAI0B -> (ImportResultId: 'ddfc02651aafe5bf5d8374af6ebc60b1') in 0.0027128 seconds
[Worker0] Imported GUID: 58ab3828fb407c742a48b82bc5983a87 - Path: Packages/com.unity.ide.rider/Rider/Editor/UnitTesting/SyncTestRunCallback.cs - Importer: ScriptedImporter/UnityEditor.QuickSearchModule:UnityEditor.Search:ASIAI0B -> (ImportResultId: 'e28563757baadfdbab0622ac1c62529f') in 0.0033938 seconds
[Worker0] Imported GUID: a8860c53ca4073d4f92c403e709c12ba - Path: Packages/com.unity.ide.rider/Rider/Editor/Util/RiderMenu.cs - Importer: ScriptedImporter/UnityEditor.QuickSearchModule:UnityEditor.Search:ASIAI0B -> (ImportResultId: '27ba68bbdac04ed0158206d4a21d93be') in 0.0047134 seconds
[Worker0] Imported GUID: 56c8c6e437b14f8e9a91e9832c11bc1a - Path: Packages/com.unity.ide.rider/Rider/Editor/ProjectGeneration/AssemblyNameProvider.cs - Importer: ScriptedImporter/UnityEditor.QuickSearchModule:UnityEditor.Search:ASIAI0B -> (ImportResultId: '929c40e2d3821d4ec3848ebb3aecc9f4') in 0.0027463 seconds
[Worker0] Imported GUID: 0691c2fe40564a64b3a9b7372c5eca2a - Path: Packages/com.unity.ide.rider/Rider/Editor/ProjectGeneration/ProjectPart.cs - Importer: ScriptedImporter/UnityEditor.QuickSearchModule:UnityEditor.Search:ASIAI0B -> (ImportResultId: '75755ae5e6b230f36bc1548b4b5dc03f') in 0.003043 seconds
[Worker0] Imported GUID: 58aa570dbe0761f43b25ff6c2265bbe2 - Path: Packages/com.unity.ide.rider/Rider/Editor/UnitTesting/TestsCallback.cs - Importer: ScriptedImporter/UnityEditor.QuickSearchModule:UnityEditor.Search:ASIAI0B -> (ImportResultId: 'c9abce6dd035b970fe379235c1125730') in 0.0044516 seconds
[Worker0] Imported GUID: 43674d438e19b89d7fe6af07234f3252 - Path: Packages/com.unity.modules.accessibility/package.json - Importer: ScriptedImporter/UnityEditor.QuickSearchModule:UnityEditor.Search:ASIAI0B -> (ImportResultId: 'b2d009caa8416d493990c0065cc51a74') in 0.0034971 seconds
[Worker0] Imported GUID: 3fdd83b151eb8d25c5e2f82fc39dcb04 - Path: Packages/com.unity.modules.unitywebrequest/package.json - Importer: ScriptedImporter/UnityEditor.QuickSearchModule:UnityEditor.Search:ASIAI0B -> (ImportResultId: '09eb470d863d4fc1233bb25fcbdef5f1') in 0.0027135 seconds
[Worker0] Imported GUID: 8e1f00a9be2eb66438e2835fdf1ea11b - Path: Packages/com.unity.ide.rider/Rider/Editor/Util/SerializableVersion.cs - Importer: ScriptedImporter/UnityEditor.QuickSearchModule:UnityEditor.Search:ASIAI0B -> (ImportResultId: '83f5674b7e39311a2eb791b2aad3c3d0') in 0.0034575 seconds
[Worker0] Imported GUID: 23032f4383e95e772bce465c5896d0fd - Path: Packages/com.unity.modules.terrain/package.ModuleCompilationTrigger - Importer: ScriptedImporter/UnityEditor.QuickSearchModule:UnityEditor.Search:ASIAI0B -> (ImportResultId: '926a3588601f665b390ed6c01369267c') in 0.0042389 seconds
[Worker0] Imported GUID: 6d56244f8c39a851975d3c0bd432c66f - Path: Packages/com.unity.modules.terrain/package.json - Importer: ScriptedImporter/UnityEditor.QuickSearchModule:UnityEditor.Search:ASIAI0B -> (ImportResultId: 'c7363c3f00ac48d5bb2ffde8fdadc5e2') in 0.004864 seconds
[Worker0] Imported GUID: 7078f19173ceac84fb9e29b9f6175201 - Path: Packages/com.unity.ide.rider/Rider/Editor/ProjectGeneration/ProjectGeneration.cs - Importer: ScriptedImporter/UnityEditor.QuickSearchModule:UnityEditor.Search:ASIAI0B -> (ImportResultId: '02f0a422e4b6ea3551594355e15cada1') in 0.0038 seconds
[Worker0] Imported GUID: 8c7e8e301f8b4c30bbf9db502d637f0f - Path: Packages/com.unity.ide.rider/Rider/Editor/ProjectGeneration/IGUIDGenerator.cs - Importer: ScriptedImporter/UnityEditor.QuickSearchModule:UnityEditor.Search:ASIAI0B -> (ImportResultId: 'aa5199dfc3c096be4526a040055e2282') in 0.0029664 seconds
[Worker0] Imported GUID: f7a8357347c80dc69c08d0b1a05e2122 - Path: Packages/com.unity.modules.physics2d/package.json - Importer: ScriptedImporter/UnityEditor.QuickSearchModule:UnityEditor.Search:ASIAI0B -> (ImportResultId: '18fecd899da200c0e257e3e0e5764a9d') in 0.0037868 seconds
[Worker0] Imported GUID: c4095d72f77fbb64ea39b8b3ca246622 - Path: Packages/com.unity.ide.rider/Rider/Editor/RiderScriptEditor.cs - Importer: ScriptedImporter/UnityEditor.QuickSearchModule:UnityEditor.Search:ASIAI0B -> (ImportResultId: 'fd52469d4b6afa573f38f7a1a57eae5e') in 0.0029564 seconds
[Worker0] Imported GUID: 8cfde1a59fb35574189691a9de1df93b - Path: Packages/com.unity.ide.rider/Rider/Editor/ProjectGeneration/GUIDProvider.cs - Importer: ScriptedImporter/UnityEditor.QuickSearchModule:UnityEditor.Search:ASIAI0B -> (ImportResultId: '4b35623f656b3d97e5c38ab52efdf3c5') in 0.0029541 seconds
[Worker0] Imported GUID: 05f7f519769978b79b31d063a7fc6fa1 - Path: Packages/com.unity.modules.unitywebrequestassetbundle/package.json - Importer: ScriptedImporter/UnityEditor.QuickSearchModule:UnityEditor.Search:ASIAI0B -> (ImportResultId: '80ffb266995874038ee278e4e8e7204d') in 0.0024085 seconds
[Worker0] Imported GUID: 1bfe12aa306c0c74db4f4f1a1a0ae5ce - Path: Packages/com.unity.ide.rider/Rider/Editor/PluginSettings.cs - Importer: ScriptedImporter/UnityEditor.QuickSearchModule:UnityEditor.Search:ASIAI0B -> (ImportResultId: 'd32d7435f715bc532ed38707b321816b') in 0.0026857 seconds
[Worker0] Imported GUID: f9413c47b3a14a64e8810ce76d1a6032 - Path: Packages/com.unity.ide.rider/Rider/Editor/UnitTesting/TestEvent.cs - Importer: ScriptedImporter/UnityEditor.QuickSearchModule:UnityEditor.Search:ASIAI0B -> (ImportResultId: 'b29e96c7161aadf32b2cc751d0a5ed84') in 0.0035544 seconds
[Worker0] Imported GUID: aeb8068359664ab5a8d6420381f87510 - Path: Packages/com.unity.ide.rider/Rider/Editor/LogFileOpener.cs - Importer: ScriptedImporter/UnityEditor.QuickSearchModule:UnityEditor.Search:ASIAI0B -> (ImportResultId: 'efe3df7962c50f20f9a9ea050a5333b5') in 0.0041319 seconds
[Worker0] Imported GUID: 010246a07de7cb34185a2a7b1c1fad59 - Path: Packages/com.unity.ide.rider/Rider/Editor/UnitTesting/CallbackData.cs - Importer: ScriptedImporter/UnityEditor.QuickSearchModule:UnityEditor.Search:ASIAI0B -> (ImportResultId: 'ef0852de3067bc010437e3fb1ad500ff') in 0.0028423 seconds
[Worker0] Imported GUID: e7c145f2cd3c411ca7f50ebc5f5a6d24 - Path: Packages/com.unity.ide.rider/Rider/Editor/StartUpMethodExecutor.cs - Importer: ScriptedImporter/UnityEditor.QuickSearchModule:UnityEditor.Search:ASIAI0B -> (ImportResultId: '63415750079e4cd0c5a740bdae2b5e99') in 0.0041177 seconds
[Worker0] Imported GUID: 78af99d0156944f293b020b49a6830c2 - Path: Packages/com.unity.ide.rider/Rider/Editor/ProjectGeneration/ProjectGenerationFlag.cs - Importer: ScriptedImporter/UnityEditor.QuickSearchModule:UnityEditor.Search:ASIAI0B -> (ImportResultId: '5e4a841373551f6963716bfa30fd4897') in 0.0039156 seconds
[Worker0] Imported GUID: 7610600f5c83e01041a6fe849d39279f - Path: Packages/com.unity.modules.unitywebrequestassetbundle/package.ModuleCompilationTrigger - Importer: ScriptedImporter/UnityEditor.QuickSearchModule:UnityEditor.Search:ASIAI0B -> (ImportResultId: '53553394615300be8a97e34a30cdd558') in 0.0027793 seconds
[Worker0] Imported GUID: bdbd564a9fdad0b738e76d030cad1204 - Path: Packages/com.unity.ide.rider/Rider/Editor/Util/FileSystemUtil.cs - Importer: ScriptedImporter/UnityEditor.QuickSearchModule:UnityEditor.Search:ASIAI0B -> (ImportResultId: 'adb7a2c6d2158b3933811d9ea5958822') in 0.0025936 seconds
[Worker0] Imported GUID: bc3a27147f944790916176e2172ad506 - Path: Packages/com.unity.ide.rider/Rider/Editor/RiderScriptEditorDataPersisted.cs - Importer: ScriptedImporter/UnityEditor.QuickSearchModule:UnityEditor.Search:ASIAI0B -> (ImportResultId: 'bac0597805ffadb15a62d573faab0f67') in 0.0029368 seconds
[Worker0] Imported GUID: 78e5667e52329c3ceef41288763404ae - Path: Packages/com.unity.modules.vectorgraphics/package.json - Importer: ScriptedImporter/UnityEditor.QuickSearchModule:UnityEditor.Search:ASIAI0B -> (ImportResultId: '3c7df9fd48ae6512988f1ecaecf09c66') in 0.0038991 seconds
[Worker0] Imported GUID: b0221f76dde941d492827802c9b7c1f9 - Path: Packages/com.unity.ide.rider/Rider/Editor/Util/StringUtils.cs - Importer: ScriptedImporter/UnityEditor.QuickSearchModule:UnityEditor.Search:ASIAI0B -> (ImportResultId: '13aeef4d478f6adcc719fce4d832f645') in 0.0031221 seconds
[Worker0] Imported GUID: 71bb46b59a9a7a346bbab1e185c723df - Path: Packages/com.unity.ide.rider/Rider/Editor/LoggingLevel.cs - Importer: ScriptedImporter/UnityEditor.QuickSearchModule:UnityEditor.Search:ASIAI0B -> (ImportResultId: '6f1282f0bfecaf4cbee64564cbf4b0cc') in 0.0041706 seconds
[Worker0] Imported GUID: 5c3b27069cb3ddf42ba1260eeefcdd1c - Path: Packages/com.unity.ide.rider/Rider/Editor/UnitTesting/RiderTestRunner.cs - Importer: ScriptedImporter/UnityEditor.QuickSearchModule:UnityEditor.Search:ASIAI0B -> (ImportResultId: '1ae7312ed17b17d5fb8c18f93082a915') in 0.0036827 seconds
[Worker0] Imported GUID: 32e50e97779a4753a461190076119a99 - Path: Packages/com.unity.ide.rider/Rider/Editor/ProjectGeneration/PackageManagerTracker.cs - Importer: ScriptedImporter/UnityEditor.QuickSearchModule:UnityEditor.Search:ASIAI0B -> (ImportResultId: '5b27909efecd69a75b359a608694d900') in 0.0031678 seconds
Worker ready: AssetImportWorkerHW1 1
Worker ready: AssetImportWorkerHW2 2
TrimDiskCacheJob: Current cache size 0mb
MonoPathRemapper: Attempts to remap: 6070; Successful remaps: 1844
Setting up noproxy from UNITY_NOPROXY environment variable. Setting to: localhost,127.0.0.1
Setting up noproxy from UNITY_NOPROXY environment variable. Setting to: localhost,127.0.0.1
Serialized file version minimum: 23, current 23
[LAYOUT] About to save layout C:\Users\bijou\OneDrive\Documents\GitHub\CART 315\CART315_P1_Pong-main\UserSettings\Layouts\default-6000.dwlt
[LAYOUT] About to save layout C:/Users/bijou/AppData/Roaming/Unity/Editor-5.x/Preferences\Layouts\current\default-6000.dwlt
[Physics::Module] Cleanup current backend.
[Physics::Module] Id: 0xf2b8ea05
Input System module state changed to: ShutdownInProgress.
Input Polling Thread exited.
Input System module state changed to: Shutdown.
[Licensing::IpcConnector] LicenseClient-bijou-notifications channel disconnected successfully.
[Licensing::IpcConnector] LicenseClient-bijou channel disconnected successfully.
Lingering sessions upon destruction of worker manager
Unity Data Store service was successfully shut down
UDS shutting down local client system
Shut down UDS service system complete
AcceleratorClientConnectionCallback - disconnected - :0
Cleanup mono
CodeReloadManager destroyed
abort_threads: Failed aborting id: 000000000000383C, mono_thread_manage will ignore it

abort_threads: Failed aborting id: 0000000000005B44, mono_thread_manage will ignore it

abort_threads: Failed aborting id: 000000000000383C, mono_thread_manage will ignore it

abort_threads: Failed aborting id: 0000000000005B44, mono_thread_manage will ignore it

debugger-agent: Unable to listen on 4412
Checking for leaked weakptr:
  Found no leaked weakptrs.
[Package Manager] Server process was shutdown
##utp:{"type":"MemoryLeaks","version":2,"phase":"Immediate","time":1789862550745,"processId":33800,"allocatedMemory":11430202,"memoryLabels":[{"Default":175194},{"Permanent":15516},{"NewDelete":70693},{"Thread":4198024},{"Manager":33733},{"VertexData":8},{"Geometry":816},{"Texture":24},{"Shader":847651},{"Material":24},{"GfxDevice":55968},{"Animation":952},{"Audio":984},{"FreeType":8},{"FontEngine":736},{"Physics":1970},{"Physics2D":16},{"Serialization":16704},{"Input":42840},{"JobScheduler":256},{"TextLib":40420},{"Mono":48},{"ScriptingNativeRuntime":1260272},{"BaseObject":49520},{"Resource":1208},{"Renderer":2376},{"Transform":4685},{"File":16352},{"WebCam":616},{"Culling":32},{"Terrain":11442},{"Wind":24},{"STL":40},{"String":736886},{"StaticString":3808},{"Utility":2675047},{"Curl":48},{"PoolAlloc":2168},{"AI":80},{"TypeTree":14869},{"ScriptManager":12640},{"CodeReload":448},{"RuntimeInitializeOnLoadManager":64},{"Sprites":102},{"SpriteAtlas":120},{"GI":7816},{"Director":8296},{"CloudService":7584},{"WebRequest":4580},{"VR":49650},{"SceneManager":608},{"Video":208},{"LazyScriptCache":32},{"Camera":729},{"Secure":265},{"Image":65536},{"SerializationCache":9256},{"APIUpdating":10320},{"Subsystems":336},{"VirtualTexturing":57888},{"StaticSafetyDebugInfo":278528},{"Analytics":768},{"Hierarchy":1188},{"UIElements":40},{"CoreStats":14456},{"Identifiers":7152},{"Gui":304},{"EditorUtility":127946},{"VersionControl":8},{"Undo":931},{"AssetDatabase":414001},{"AssetImporter":40},{"EditorGi":328},{"UnityConnect":36881},{"Upm":1988},{"UpmDiagnostics":8},{"AssetCompliance":96},{"DrivenProperties":72},{"LocalIPC":260},{"ProfilerEditor":9746},{"CoreBusinessMetrics":3600},{"Windowing":456},{"Licensing":12805},{"AssetReference":32},{"IPCStream":32}]}
